#
# A fatal error has been detected by the Java Runtime Environment:
#
#  EXCEPTION_ACCESS_VIOLATION (0xc0000005) at pc=0x00007ff9cdea71c5, pid=34676, tid=12592
#
# JRE version: OpenJDK Runtime Environment (21.0.10) (build 21.0.10+-14961533-b1163.108)
# Java VM: OpenJDK 64-Bit Server VM (21.0.10+-14961533-b1163.108, mixed mode, tiered, compressed oops, compressed class ptrs, g1 gc, windows-amd64)
# Problematic frame:
# C  [skiko-windows-x64.dll+0x71c5]
#
# No core dump will be written. Minidumps are not enabled by default on client versions of Windows
#
# If you would like to submit a bug report, please visit:
#   https://youtrack.jetbrains.com/issues/JBR
# The crash happened outside the Java Virtual Machine in native code.
# See problematic frame for where to report the bug.
#

---------------  S U M M A R Y ------------

Command Line: -Dcompose.reload.argfile=C:\PROFESSIONAL\Kotlin_Datas\Company\DrcMind\kelasi-client\composeApp\build\run\jvmMain\jvmMain.argfile -Dcompose.reload.build.continuous=false -Dcompose.reload.build.warmup=true -Dcompose.reload.buildSystem=Gradle -Dcompose.reload.devToolsAnimationsEnabled=true -Dcompose.reload.devToolsClasspath=C:\Users\georg\.gradle\caches\modules-2\files-2.1\org.jetbrains.compose.hot-reload\hot-reload-devtools\1.0.0\8cf7f8a3e0c5ca40edcd31621bb2c54637dad97f\hot-reload-devtools-1.0.0.jar;C:\Users\georg\.gradle\caches\modules-2\files-2.1\org.jetbrains.compose.hot-reload\hot-reload-devtools-api\1.0.0\6f078e0689bb84d71ff62bdb898addec7b9e0c7d\hot-reload-devtools-api-1.0.0.jar;C:\Users\georg\.gradle\caches\modules-2\files-2.1\org.jetbrains.compose.hot-reload\hot-reload-orchestration\1.0.0\c84a13f251d2ba726bffe77f47f2a37fba14d3a\hot-reload-orchestration-1.0.0.jar;C:\Users\georg\.gradle\caches\modules-2\files-2.1\org.jetbrains.compose.hot-reload\hot-reload-core\1.0.0\b9e821084415adea5d981fb5a22a57ad94614fe1\hot-reload-core-1.0.0.jar;C:\Users\georg\.gradle\caches\modules-2\files-2.1\org.jetbrains.compose.hot-reload\hot-reload-runtime-api-jvm\1.0.0\b4c35542b0fe4f3743939f0e7a19739df369fa2e\hot-reload-runtime-api-jvm-1.0.0.jar;C:\Users\georg\.gradle\caches\modules-2\files-2.1\org.jetbrains.compose.desktop\desktop-jvm\1.9.0\760a7f1c3278719f2ab9fa443228956e64a7a18e\desktop-jvm-1.9.0.jar;C:\Users\georg\.gradle\caches\modules-2\files-2.1\org.jetbrains.compose.components\components-resources-desktop\1.9.0\263d44e856cb89a759959eec68dafae6d1931110\library-desktop-1.9.0.jar;C:\Users\georg\.gradle\caches\modules-2\files-2.1\io.sellmair\evas-compose-jvm\1.3.0\1214dcce9040d1b9f856b02b443cf8c2ebe1573a\evas-compose-jvm-1.3.0.jar;C:\Users\georg\.gradle\caches\modules-2\files-2.1\io.sellmair\evas-jvm\1.3.0\74c1f6c46502ffda615a698c02b3166fc7e9b2b2\evas-jvm-1.3.0.jar;C:\Users\georg\.gradle\caches\modules-2\files-2.1\org.jetbrains.skiko\skiko-awt-runtime-windows-x64\0.9.22.2\fe554a74845abbd5710ef36d27421c470bbd996f\skiko-awt-runtime-windows-x64-0.9.22.2.jar;C:\Users\georg\.gradle\caches\modules-2\files-2.1\org.jetbrains.compose.material3\material3-desktop\1.8.2\1f1f838506ceb2c25499517559f120517770b014\material3-desktop-1.8.2.jar;C:\Users\georg\.gradle\caches\modules-Dcompose.reload.devToolsDetached=false -Dcompose.reload.devToolsEnabled=true -Dcompose.reload.devToolsHeadless=false -Dcompose.reload.devToolsTransparencyEnabled=true -Dcompose.reload.dirtyResolveDepthLimit=5 -Dcompose.reload.effectsEnabled=true -Dcompose.reload.isActive=true -Dcompose.reload.launchMode=GradleBlocking -Dcompose.reload.logLevel=Info -Dcompose.reload.logStdout=false -Dcompose.reload.mainClass=com.drcmind.kelasisuite.MainKt -Dcompose.reload.pidFile=C:\PROFESSIONAL\Kotlin_Datas\Company\DrcMind\kelasi-client\composeApp\build\run\jvmMain\jvmMain.pid -Dcompose.reload.virtualMethodResolveEnabled=true -Dgradle.build.project=:composeApp -Dgradle.build.root=C:\PROFESSIONAL\Kotlin_Datas\Company\DrcMind\kelasi-client -Dgradle.build.task=hotReloadJvmMain -Dorg.gradle.java.home=C:\Program Files\Android\Android Studio\jbr -XX:+IgnoreUnrecognizedVMOptions -XX:+AllowEnhancedClassRedefinition -javaagent:C:\Users\georg\.gradle\caches\modules-2\files-2.1\org.jetbrains.compose.hot-reload\hot-reload-agent\1.0.0\b51a332b8899c060187ace065fef8c8eb62acfcc\hot-reload-agent-1.0.0.jar -Dfile.encoding=UTF-8 -Duser.country=US -Duser.language=en -Duser.variant com.drcmind.kelasisuite.MainKt

Host: Intel(R) Core(TM) i7-8665U CPU @ 1.90GHz, 8 cores, 15G,  Windows 11 , 64 bit Build 22621 (10.0.22621.5415)
Time: Fri May  8 11:12:31 2026 Eastern Daylight Time elapsed time: 100.419252 seconds (0d 0h 1m 40s)

---------------  T H R E A D  ---------------

Current thread (0x00000222ec629bb0):  JavaThread "AWT-EventQueue-0"        [_thread_in_native, id=12592, stack(0x00000089be200000,0x00000089be300000) (1024K)]

Stack: [0x00000089be200000,0x00000089be300000],  sp=0x00000089be2fdd50,  free space=1015k
Native frames: (J=compiled Java code, j=interpreted, Vv=VM code, C=native code)
C  [skiko-windows-x64.dll+0x71c5]

Java frames: (J=compiled Java code, j=interpreted, Vv=VM code)
j  org.jetbrains.skiko.redrawer.Direct3DRedrawer.makeDirectXSurface(JJIILjava/lang/Object;I)J+0
j  org.jetbrains.skiko.redrawer.Direct3DRedrawer.makeSurface(JIILorg/jetbrains/skia/SurfaceProps;I)Lorg/jetbrains/skia/Surface;+47
j  org.jetbrains.skiko.context.Direct3DContextHandler.initCanvas(Lorg/jetbrains/skiko/LayerDrawScope;)V+131
j  org.jetbrains.skiko.context.ContextHandler.draw(Lorg/jetbrains/skiko/LayerDrawScope;)V+28
j  org.jetbrains.skiko.LayerDrawScope.draw$skiko(Lorg/jetbrains/skiko/context/ContextHandler;)V+8
j  org.jetbrains.skiko.redrawer.Direct3DRedrawer.drawAndSwap(Lorg/jetbrains/skiko/LayerDrawScope;Z)V+30
j  org.jetbrains.skiko.redrawer.Direct3DRedrawer.renderImmediately()V+231
j  org.jetbrains.skiko.SkiaLayer.reshape(IIII)V+51
j  java.awt.Component.setBounds(IIII)V+6 java.desktop@21.0.10
j  java.awt.Component.resize(II)V+23 java.desktop@21.0.10
j  java.awt.Component.setSize(II)V+3 java.desktop@21.0.10
j  androidx.compose.ui.scene.ComposeContainer.setBounds(IIII)V+10
j  androidx.compose.ui.awt.ComposeWindowPanel.setBounds(IIII)V+18
j  java.awt.BorderLayout.layoutContainer(Ljava/awt/Container;)V+380 java.desktop@21.0.10
j  java.awt.Container.layout()V+11 java.desktop@21.0.10
j  java.awt.Container.doLayout()V+1 java.desktop@21.0.10
j  java.awt.Container.validateTree()V+47 java.desktop@21.0.10
j  java.awt.Container.validateTree()V+110 java.desktop@21.0.10
j  java.awt.Container.validateTree()V+110 java.desktop@21.0.10
j  java.awt.Container.validateTree()V+110 java.desktop@21.0.10
j  java.awt.Container.validate()V+60 java.desktop@21.0.10
j  java.awt.Window.dispatchEventImpl(Ljava/awt/AWTEvent;)V+14 java.desktop@21.0.10
J 5992 c1 java.awt.EventQueue.dispatchEventImpl(Ljava/awt/AWTEvent;Ljava/lang/Object;)V java.desktop@21.0.10 (139 bytes) @ 0x00000222d0cb75ec [0x00000222d0cb7140+0x00000000000004ac]
J 5881 c1 java.awt.EventQueue$4.run()Ljava/lang/Void; java.desktop@21.0.10 (60 bytes) @ 0x00000222d0c71ebc [0x00000222d0c71d80+0x000000000000013c]
J 5880 c1 java.awt.EventQueue$4.run()Ljava/lang/Object; java.desktop@21.0.10 (5 bytes) @ 0x00000222d0c71a3c [0x00000222d0c719c0+0x000000000000007c]
J 5843 c1 java.security.ProtectionDomain$JavaSecurityAccessImpl.doIntersectionPrivilege(Ljava/security/PrivilegedAction;Ljava/security/AccessControlContext;Ljava/security/AccessControlContext;)Ljava/lang/Object; java.base@21.0.10 (22 bytes) @ 0x00000222d0c58164 [0x00000222d0c57ec0+0x00000000000002a4]
J 5876 c1 java.awt.EventQueue.dispatchEvent(Ljava/awt/AWTEvent;)V java.desktop@21.0.10 (80 bytes) @ 0x00000222d0c6f154 [0x00000222d0c6e660+0x0000000000000af4]
J 5981 c1 java.awt.EventDispatchThread.pumpOneEventForFilters(I)V java.desktop@21.0.10 (106 bytes) @ 0x00000222d0cb234c [0x00000222d0cb1bc0+0x000000000000078c]
j  java.awt.EventDispatchThread.pumpEventsForFilter(ILjava/awt/Conditional;Ljava/awt/EventFilter;)V+35 java.desktop@21.0.10
j  java.awt.EventDispatchThread.pumpEventsForHierarchy(ILjava/awt/Conditional;Ljava/awt/Component;)V+11 java.desktop@21.0.10
j  java.awt.EventDispatchThread.pumpEvents(ILjava/awt/Conditional;)V+4 java.desktop@21.0.10
j  java.awt.EventDispatchThread.pumpEvents(Ljava/awt/Conditional;)V+3 java.desktop@21.0.10
j  java.awt.EventDispatchThread.run()V+18 java.desktop@21.0.10
v  ~StubRoutines::call_stub 0x00000222d777100d

siginfo: EXCEPTION_ACCESS_VIOLATION (0xc0000005), reading address 0x0000000000000000


Registers:
RAX=0x00000089be2fde38, RBX=0x00000222ee7547b8, RCX=0x0000000000000000, RDX=0x0000000000000000
RSP=0x00000089be2fdd50, RBP=0x00000089be2fe070, RSI=0x00000222f6710ee0, RDI=0x00000222ec629f70
R8 =0x0000000000000000, R9 =0x0000000000000040, R10=0x0000000000000000, R11=0xf9703ab277dbdffb
R12=0x0000000000000000, R13=0x00000222e9f22968, R14=0x00000089be2fe098, R15=0x0000000000000000
RIP=0x00007ff9cdea71c5, EFLAGS=0x0000000000010202

XMM[0]=0x0000000000000000 0x000000003f000000
XMM[1]=0x0000000000000000 0x000497ac00d75000
XMM[2]=0x000004d0fffffb30 0x000004f0fffffb30
XMM[3]=0x0000000000000009 0x0000000000000021
XMM[4]=0x00000089be2fc370 0x0000000100000010
XMM[5]=0x00000089be2fd850 0x0000000000001fa1
XMM[6]=0x0000000000000000 0x0000000000000000
XMM[7]=0x0000000000000000 0x0000000043cf8000
XMM[8]=0x0000000000000000 0x00000000420c0000
XMM[9]=0x0000000000000000 0x00000000420c0000
XMM[10]=0x0000000000000000 0x000000000e082477
XMM[11]=0x0000000000000000 0xb2a850a0c09aff6e
XMM[12]=0x0000000000000000 0x000000000df2aece
XMM[13]=0x0000000000000000 0x0000000000000000
XMM[14]=0x0000000000000000 0x0000000000000000
XMM[15]=0x0000000000000000 0x0000000000000000
  MXCSR=0x00001fa1


Register to memory mapping:

RAX=0x00000089be2fde38 is pointing into the stack for thread: 0x00000222ec629bb0
RBX=0x00000222ee7547b8 points into unknown readable memory: 0x0000000000000000 | 00 00 00 00 00 00 00 00
RCX=0x0 is null
RDX=0x0 is null
RSP=0x00000089be2fdd50 is pointing into the stack for thread: 0x00000222ec629bb0
RBP=0x00000089be2fe070 is pointing into the stack for thread: 0x00000222ec629bb0
RSI=0x00000222f6710ee0 points into unknown readable memory: 0x00007ff9cea0a4c0 | c0 a4 a0 ce f9 7f 00 00
RDI=0x00000222ec629f70 points into unknown readable memory: 0x00007ffa1316e590 | 90 e5 16 13 fa 7f 00 00
R8 =0x0 is null
R9 =0x0000000000000040 is an unknown value
R10=0x0 is null
R11=0xf9703ab277dbdffb is an unknown value
R12=0x0 is null
R13={method} {0x00000222e9f22970} 'makeDirectXSurface' '(JJIILjava/lang/Object;I)J' in 'org/jetbrains/skiko/redrawer/Direct3DRedrawer'
R14=0x00000089be2fe098 is pointing into the stack for thread: 0x00000222ec629bb0
R15=0x0 is null

Top of Stack: (sp=0x00000089be2fdd50)
0x00000089be2fdd50:   0000000000000000 0000000000000000
0x00000089be2fdd60:   0000000000000000 0000000000000000
0x00000089be2fdd70:   0000000000000000 0000000000000000
0x00000089be2fdd80:   0000000000000000 0000000000000000
0x00000089be2fdd90:   0000000000000000 0000000000000000
0x00000089be2fdda0:   0000000000000000 0000000000000000
0x00000089be2fddb0:   0000000000000000 0000000000000000
0x00000089be2fddc0:   0000000000000000 0000000000000000
0x00000089be2fddd0:   000070920d8bd563 00007ffa869cb041
0x00000089be2fdde0:   0000000000000002 00000222f768b9f0
0x00000089be2fddf0:   000000000000001c 00007ffa802f4831
0x00000089be2fde00:   00000089be2fdf14 0000000000000780
0x00000089be2fde10:   00000000000003c1 00007ffa802d8dd4
0x00000089be2fde20:   0000000000000000 0000000000000000
0x00000089be2fde30:   000070920d8bd773 00000222f660c1a0
0x00000089be2fde40:   0000000000000000 0000000000000000
0x00000089be2fde50:   0000001c00000000 0000000100000001
0x00000089be2fde60:   0000000000000000 00000222f768b9f0
0x00000089be2fde70:   00000089be2fdf20 000000000000001c
0x00000089be2fde80:   0000022200000000 0000000000000000
0x00000089be2fde90:   0000000000000000 00007ffa12c9934f
0x00000089be2fdea0:   00000222ee754770 0000000000000000
0x00000089be2fdeb0:   00000222ec629bb0 00000089be2fe090
0x00000089be2fdec0:   00000007065aef70 00007ffa12c99144
0x00000089be2fded0:   00000222ec629bb0 0000000000000001
0x00000089be2fdee0:   00000222ec6529d0 0000000000000010
0x00000089be2fdef0:   00000089be2fdf50 00000222ec629bb0
0x00000089be2fdf00:   00000089be2fdf30 00007ffa858c0000
0x00000089be2fdf10:   0000000000000000 00000000eae0c900
0x00000089be2fdf20:   0000000000000002 00007ffa12870cd2
0x00000089be2fdf30:   00000007065aef70 00000222ec629bb0
0x00000089be2fdf40:   0000000800040f18 00000222f768c0b0 

Instructions: (pc=0x00007ff9cdea71c5)
0x00007ff9cdea70c5:   48 83 c4 58 5f 5e c3 e8 2f 32 a3 00 cc cc cc cc
0x00007ff9cdea70d5:   cc cc cc cc cc cc cc cc cc cc cc 41 57 41 56 56
0x00007ff9cdea70e5:   57 53 48 81 ec 40 02 00 00 0f 29 b4 24 30 02 00
0x00007ff9cdea70f5:   00 4c 89 ce 48 89 cf 48 63 94 24 a8 02 00 00 4c
0x00007ff9cdea7105:   8b b4 24 a0 02 00 00 48 8b 05 6d 81 cf 00 48 31
0x00007ff9cdea7115:   e0 48 89 84 24 28 02 00 00 0f 57 f6 0f 29 b4 24
0x00007ff9cdea7125:   f0 00 00 00 c7 84 24 00 01 00 00 00 00 00 00 0f
0x00007ff9cdea7135:   28 05 e5 92 b2 00 0f 11 84 24 04 01 00 00 c6 84
0x00007ff9cdea7145:   24 14 01 00 00 00 49 8b 48 38 49 8d 5c d0 48 48
0x00007ff9cdea7155:   8b 01 4c 8d 05 9a 94 b2 00 49 89 d9 ff 50 48 48
0x00007ff9cdea7165:   8d 84 24 f0 00 00 00 48 39 d8 74 36 4c 8b 3b 4d
0x00007ff9cdea7175:   85 ff 74 26 49 8b 07 4c 89 f9 ff 50 08 48 8b 8c
0x00007ff9cdea7185:   24 f0 00 00 00 4c 89 bc 24 f0 00 00 00 48 85 c9
0x00007ff9cdea7195:   74 10 48 8b 01 ff 50 10 eb 08 4c 89 bc 24 f0 00
0x00007ff9cdea71a5:   00 00 48 8d 8c 24 e8 00 00 00 48 89 fa 4d 89 f0
0x00007ff9cdea71b5:   e8 66 e8 00 00 0f 29 b4 24 d0 00 00 00 48 8b 0b
0x00007ff9cdea71c5:   48 8b 01 48 8d 94 24 98 00 00 00 ff 50 50 8b bc
0x00007ff9cdea71d5:   24 b0 00 00 00 48 8b 0b 48 8b 01 48 8d 54 24 60
0x00007ff9cdea71e5:   ff 50 50 8b 54 24 70 48 8d 84 24 d0 00 00 00 48
0x00007ff9cdea71f5:   89 44 24 20 48 8d 9c 24 20 01 00 00 4c 8d 8c 24
0x00007ff9cdea7205:   f0 00 00 00 48 89 d9 41 89 f8 e8 fc 93 04 00 4c
0x00007ff9cdea7215:   8b b4 24 e8 00 00 00 48 8d 7c 24 58 48 89 f9 e8
0x00007ff9cdea7225:   07 45 09 00 0f 11 74 24 40 4c 89 74 24 38 48 89
0x00007ff9cdea7235:   7c 24 30 c7 44 24 28 04 00 00 00 c7 44 24 20 00
0x00007ff9cdea7245:   00 00 00 48 8d 8c 24 98 00 00 00 48 89 f2 49 89
0x00007ff9cdea7255:   d8 45 31 c9 e8 42 7f 0b 00 48 8b b4 24 98 00 00
0x00007ff9cdea7265:   00 48 89 d9 e8 72 96 04 00 48 8b 8c 24 e8 00 00
0x00007ff9cdea7275:   00 48 85 c9 74 0a ba 10 00 00 00 e8 37 2e a3 00
0x00007ff9cdea7285:   48 8b 8c 24 f8 00 00 00 48 85 c9 74 0c f0 ff 49
0x00007ff9cdea7295:   08 75 06 48 8b 01 ff 50 08 48 8b 8c 24 f0 00 00
0x00007ff9cdea72a5:   00 48 85 c9 74 06 48 8b 01 ff 50 10 48 8b 8c 24
0x00007ff9cdea72b5:   28 02 00 00 48 31 e1 48 3b 0d bd 7f cf 00 75 1a 


Stack slot to memory mapping:

stack at sp + 0 slots: 0x0 is null
stack at sp + 1 slots: 0x0 is null
stack at sp + 2 slots: 0x0 is null
stack at sp + 3 slots: 0x0 is null
stack at sp + 4 slots: 0x0 is null
stack at sp + 5 slots: 0x0 is null
stack at sp + 6 slots: 0x0 is null
stack at sp + 7 slots: 0x0 is null


Compiled method (c1) 101433 5992       3       java.awt.EventQueue::dispatchEventImpl (139 bytes)
 total in heap  [0x00000222d0cb6d10,0x00000222d0cb9ab8] = 11688
 relocation     [0x00000222d0cb6e70,0x00000222d0cb7140] = 720
 main code      [0x00000222d0cb7140,0x00000222d0cb9158] = 8216
 stub code      [0x00000222d0cb9158,0x00000222d0cb9268] = 272
 oops           [0x00000222d0cb9268,0x00000222d0cb9278] = 16
 metadata       [0x00000222d0cb9278,0x00000222d0cb9348] = 208
 scopes data    [0x00000222d0cb9348,0x00000222d0cb9568] = 544
 scopes pcs     [0x00000222d0cb9568,0x00000222d0cb9938] = 976
 dependencies   [0x00000222d0cb9938,0x00000222d0cb9978] = 64
 handler table  [0x00000222d0cb9978,0x00000222d0cb9a38] = 192
 nul chk table  [0x00000222d0cb9a38,0x00000222d0cb9ab8] = 128

[Constant Pool (empty)]

[MachCode]
[Entry Point]
  # {method} {0x00000222e8e94780} 'dispatchEventImpl' '(Ljava/awt/AWTEvent;Ljava/lang/Object;)V' in 'java/awt/EventQueue'
  # this:     rdx:rdx   = 'java/awt/EventQueue'
  # parm0:    r8:r8     = 'java/awt/AWTEvent'
  # parm1:    r9:r9     = 'java/lang/Object'
  #           [sp+0xe0]  (sp of caller)
  0x00000222d0cb7140: 448b 5208 | 49bb 0000 | 0000 0800 | 0000 4d03 | d34c 3bd0 

  0x00000222d0cb7154: ;   {runtime_call ic_miss_stub}
  0x00000222d0cb7154: 0f85 2676 | b006 660f | 1f44 0000 
[Verified Entry Point]
  0x00000222d0cb7160: 8984 2400 | 80ff ff55 | 4881 ecd0 | 0000 0090 | 4181 7f20 | 0700 0000 

  0x00000222d0cb7178: ;   {runtime_call StubRoutines (final stubs)}
  0x00000222d0cb7178: 7405 e861 | 41af 064c | 8984 24a8 

  0x00000222d0cb7184: ;   {metadata(method data for {method} {0x00000222e8e94780} 'dispatchEventImpl' '(Ljava/awt/AWTEvent;Ljava/lang/Object;)V' in 'java/awt/EventQueue')}
  0x00000222d0cb7184: 0000 0048 | bea0 2631 | eb22 0200 | 008b becc | 0000 0083 | c702 89be | cc00 0000 | 81e7 fe07 
  0x00000222d0cb71a4: 0000 85ff | 0f84 a61b | 0000 41c6 | 4016 014d | 85c0 7516 

  0x00000222d0cb71b8: ;   {metadata(method data for {method} {0x00000222e8e94780} 'dispatchEventImpl' '(Ljava/awt/AWTEvent;Ljava/lang/Object;)V' in 'java/awt/EventQueue')}
  0x00000222d0cb71b8: 48bb a026 | 31eb 2202 | 0000 808b | 0901 0000 | 01e9 e900 

  0x00000222d0cb71cc: ;   {metadata('java/awt/ActiveEvent')}
  0x00000222d0cb71cc: 0000 48b8 | 182f 1f00 | 0800 0000 | 418b 5808 | 49ba 0000 | 0000 0800 | 0000 4903 | da48 3b43 
  0x00000222d0cb71ec: 200f 841a | 0000 0048 | 3bd8 0f84 | 1100 0000 

  0x00000222d0cb71fc: ;   {runtime_call slow_subtype_check Runtime1 stub}
  0x00000222d0cb71fc: 5350 e87d | 09bc 065b | 5b85 db0f | 848e 0000 

  0x00000222d0cb720c: ;   {metadata(method data for {method} {0x00000222e8e94780} 'dispatchEventImpl' '(Ljava/awt/AWTEvent;Ljava/lang/Object;)V' in 'java/awt/EventQueue')}
  0x00000222d0cb720c: 0048 bba0 | 2631 eb22 | 0200 0041 | 8b40 0849 | ba00 0000 | 0008 0000 | 0049 03c2 | 483b 8320 
  0x00000222d0cb722c: 0100 0075 | 0d48 8383 | 2801 0000 | 01e9 7e00 | 0000 483b | 8330 0100 | 0075 0d48 | 8383 3801 
  0x00000222d0cb724c: 0000 01e9 | 6800 0000 | 4883 bb20 | 0100 0000 | 7517 4889 | 8320 0100 | 0048 c783 | 2801 0000 
  0x00000222d0cb726c: 0100 0000 | e947 0000 | 0048 83bb | 3001 0000 | 0075 1748 | 8983 3001 | 0000 48c7 | 8338 0100 
  0x00000222d0cb728c: 0001 0000 | 00e9 2600 | 0000 e921 

  0x00000222d0cb7298: ;   {metadata(method data for {method} {0x00000222e8e94780} 'dispatchEventImpl' '(Ljava/awt/AWTEvent;Ljava/lang/Object;)V' in 'java/awt/EventQueue')}
  0x00000222d0cb7298: 0000 0048 | bba0 2631 | eb22 0200 | 0048 83ab | 1001 0000 | 01e9 0500 | 0000 e905 | 0000 0048 
  0x00000222d0cb72b8: 33f6 eb07 | 48c7 c601 | 0000 0085 

  0x00000222d0cb72c4: ;   {metadata(method data for {method} {0x00000222e8e94780} 'dispatchEventImpl' '(Ljava/awt/AWTEvent;Ljava/lang/Object;)V' in 'java/awt/EventQueue')}
  0x00000222d0cb72c4: f648 bea0 | 2631 eb22 | 0200 0048 | c7c7 5801 | 0000 7507 | 48c7 c748 | 0100 0048 | 8b1c 3e48 
  0x00000222d0cb72e4: 8d5b 0148 | 891c 3e0f | 851a 1600 | 004d 85c9 

  0x00000222d0cb72f4: ;   {metadata(method data for {method} {0x00000222e8e94780} 'dispatchEventImpl' '(Ljava/awt/AWTEvent;Ljava/lang/Object;)V' in 'java/awt/EventQueue')}
  0x00000222d0cb72f4: 7516 48bb | a026 31eb | 2202 0000 | 808b 2102 | 0000 01e9 | cf00 0000 

  0x00000222d0cb730c: ;   {metadata('java/awt/Component')}
  0x00000222d0cb730c: 48b8 9054 | 1e00 0800 | 0000 418b | 5908 49ba | 0000 0000 | 0800 0000 | 4903 da48 | 3b43 380f 
  0x00000222d0cb732c: 858e 0000 

  0x00000222d0cb7330: ;   {metadata(method data for {method} {0x00000222e8e94780} 'dispatchEventImpl' '(Ljava/awt/AWTEvent;Ljava/lang/Object;)V' in 'java/awt/EventQueue')}
  0x00000222d0cb7330: 0048 bba0 | 2631 eb22 | 0200 0041 | 8b41 0849 | ba00 0000 | 0008 0000 | 0049 03c2 | 483b 8338 
  0x00000222d0cb7350: 0200 0075 | 0d48 8383 | 4002 0000 | 01e9 7e00 | 0000 483b | 8348 0200 | 0075 0d48 | 8383 5002 
  0x00000222d0cb7370: 0000 01e9 | 6800 0000 | 4883 bb38 | 0200 0000 | 7517 4889 | 8338 0200 | 0048 c783 | 4002 0000 
  0x00000222d0cb7390: 0100 0000 | e947 0000 | 0048 83bb | 4802 0000 | 0075 1748 | 8983 4802 | 0000 48c7 | 8350 0200 
  0x00000222d0cb73b0: 0001 0000 | 00e9 2600 | 0000 e921 

  0x00000222d0cb73bc: ;   {metadata(method data for {method} {0x00000222e8e94780} 'dispatchEventImpl' '(Ljava/awt/AWTEvent;Ljava/lang/Object;)V' in 'java/awt/EventQueue')}
  0x00000222d0cb73bc: 0000 0048 | bba0 2631 | eb22 0200 | 0048 83ab | 2802 0000 | 01e9 0500 | 0000 e905 | 0000 0048 
  0x00000222d0cb73dc: 33f6 eb07 | 48c7 c601 | 0000 0085 

  0x00000222d0cb73e8: ;   {metadata(method data for {method} {0x00000222e8e94780} 'dispatchEventImpl' '(Ljava/awt/AWTEvent;Ljava/lang/Object;)V' in 'java/awt/EventQueue')}
  0x00000222d0cb73e8: f648 bea0 | 2631 eb22 | 0200 0048 | c7c7 6002 | 0000 7407 | 48c7 c770 | 0200 0048 | 8b1c 3e48 
  0x00000222d0cb7408: 8d5b 0148 | 891c 3e0f | 842c 0600 | 004d 85c9 

  0x00000222d0cb7418: ;   {metadata(method data for {method} {0x00000222e8e94780} 'dispatchEventImpl' '(Ljava/awt/AWTEvent;Ljava/lang/Object;)V' in 'java/awt/EventQueue')}
  0x00000222d0cb7418: 7516 48bf | a026 31eb | 2202 0000 | 808f 7902 | 0000 01e9 | cf00 0000 

  0x00000222d0cb7430: ;   {metadata('java/awt/Component')}
  0x00000222d0cb7430: 48bb 9054 | 1e00 0800 | 0000 418b | 7908 49ba | 0000 0000 | 0800 0000 | 4903 fa48 | 3b5f 380f 
  0x00000222d0cb7450: 858e 0000 

  0x00000222d0cb7454: ;   {metadata(method data for {method} {0x00000222e8e94780} 'dispatchEventImpl' '(Ljava/awt/AWTEvent;Ljava/lang/Object;)V' in 'java/awt/EventQueue')}
  0x00000222d0cb7454: 0048 bfa0 | 2631 eb22 | 0200 0041 | 8b59 0849 | ba00 0000 | 0008 0000 | 0049 03da | 483b 9f90 
  0x00000222d0cb7474: 0200 0075 | 0d48 8387 | 9802 0000 | 01e9 7900 | 0000 483b | 9fa0 0200 | 0075 0d48 | 8387 a802 
  0x00000222d0cb7494: 0000 01e9 | 6300 0000 | 4883 bf90 | 0200 0000 | 7517 4889 | 9f90 0200 | 0048 c787 | 9802 0000 
  0x00000222d0cb74b4: 0100 0000 | e942 0000 | 0048 83bf | a002 0000 | 0075 1748 | 899f a002 | 0000 48c7 | 87a8 0200 
  0x00000222d0cb74d4: 0001 0000 | 00e9 2100 | 0000 e91c 

  0x00000222d0cb74e0: ;   {metadata(method data for {method} {0x00000222e8e94780} 'dispatchEventImpl' '(Ljava/awt/AWTEvent;Ljava/lang/Object;)V' in 'java/awt/EventQueue')}
  0x00000222d0cb74e0: 0000 0048 | bfa0 2631 | eb22 0200 | 0048 83af | 8002 0000 | 01e9 8018 | 0000 e900 | 0000 0049 
  0x00000222d0cb7500: 8bd1 483b | 0248 8bf2 

  0x00000222d0cb7508: ;   {metadata(method data for {method} {0x00000222e8e94780} 'dispatchEventImpl' '(Ljava/awt/AWTEvent;Ljava/lang/Object;)V' in 'java/awt/EventQueue')}
  0x00000222d0cb7508: 48bf a026 | 31eb 2202 | 0000 4883 | 87b8 0200 

  0x00000222d0cb7518: ;   {metadata(method data for {method} {0x00000222e910f778} 'dispatchEvent' '(Ljava/awt/AWTEvent;)V' in 'java/awt/Component')}
  0x00000222d0cb7518: 0001 48be | 806e 31eb | 2202 0000 | 8bbe cc00 | 0000 83c7 | 0289 becc | 0000 0081 | e7fe ff1f 
  0x00000222d0cb7538: 0085 ff0f | 8447 1800 | 0048 8bf2 

  0x00000222d0cb7544: ;   {metadata(method data for {method} {0x00000222e910f778} 'dispatchEvent' '(Ljava/awt/AWTEvent;)V' in 'java/awt/Component')}
  0x00000222d0cb7544: 48bf 806e | 31eb 2202 | 0000 8b76 | 0849 ba00 | 0000 0008 | 0000 0049 | 03f2 483b | b720 0100 
  0x00000222d0cb7564: 0075 0d48 | 8387 2801 | 0000 01e9 | 6000 0000 | 483b b730 | 0100 0075 | 0d48 8387 | 3801 0000 
  0x00000222d0cb7584: 01e9 4a00 | 0000 4883 | bf20 0100 | 0000 7517 | 4889 b720 | 0100 0048 | c787 2801 | 0000 0100 
  0x00000222d0cb75a4: 0000 e929 | 0000 0048 | 83bf 3001 | 0000 0075 | 1748 89b7 | 3001 0000 | 48c7 8738 | 0100 0001 
  0x00000222d0cb75c4: 0000 00e9 | 0800 0000 | 4883 8710 | 0100 0001 | 498b f04c | 8bc6 6666 | 9048 b8ff | ffff ffff 
  0x00000222d0cb75e4: ;   {virtual_call}
  0x00000222d0cb75e4: ffff ffe8 

  0x00000222d0cb75e8: ; ImmutableOopMap {[168]=Oop }
                      ;*invokevirtual dispatchEventImpl {reexecute=0 rethrow=0 return_oop=0}
                      ; - java.awt.Component::dispatchEvent@2
                      ; - java.awt.EventQueue::dispatchEventImpl@41
  0x00000222d0cb75e8: 14eb d706 

  0x00000222d0cb75ec: ;   {other}
  0x00000222d0cb75ec: 0f1f 8400 | dc08 0000 | 4c8b 8424 | a800 0000 

  0x00000222d0cb75fc: ;   {metadata(method data for {method} {0x00000222e8e94780} 'dispatchEventImpl' '(Ljava/awt/AWTEvent;Ljava/lang/Object;)V' in 'java/awt/EventQueue')}
  0x00000222d0cb75fc: 48be a026 | 31eb 2202 | 0000 458b | 4008 49ba | 0000 0000 | 0800 0000 | 4d03 c24c | 3b86 0003 
  0x00000222d0cb761c: 0000 750d | 4883 8608 | 0300 0001 | e960 0000 | 004c 3b86 | 1003 0000 | 750d 4883 | 8618 0300 
  0x00000222d0cb763c: 0001 e94a | 0000 0048 | 83be 0003 | 0000 0075 | 174c 8986 | 0003 0000 | 48c7 8608 | 0300 0001 
  0x00000222d0cb765c: 0000 00e9 | 2900 0000 | 4883 be10 | 0300 0000 | 7517 4c89 | 8610 0300 | 0048 c786 | 1803 0000 
  0x00000222d0cb767c: 0100 0000 | e908 0000 | 0048 8386 | f002 0000 

  0x00000222d0cb768c: ;   {metadata(method data for {method} {0x00000222e9125e30} 'dispatched' '()V' in 'java/awt/AWTEvent')}
  0x00000222d0cb768c: 0148 be10 | 7031 eb22 | 0200 008b | becc 0000 | 0083 c702 | 89be cc00 | 0000 81e7 | feff 1f00 
  0x00000222d0cb76ac: 85ff 0f84 | f516 0000 | 4c8b 8424 | a800 0000 | 4d85 c075 

  0x00000222d0cb76c0: ;   {metadata(method data for {method} {0x00000222e9125e30} 'dispatched' '()V' in 'java/awt/AWTEvent')}
  0x00000222d0cb76c0: 1648 bb10 | 7031 eb22 | 0200 0080 | 8b09 0100 | 0001 e9cf 

  0x00000222d0cb76d4: ;   {metadata('java/awt/event/InputEvent')}
  0x00000222d0cb76d4: 0000 0048 | b858 691e | 0008 0000 | 0041 8b58 | 0849 ba00 | 0000 0008 | 0000 0049 | 03da 483b 
  0x00000222d0cb76f4: 4350 0f85 | 8e00 0000 

  0x00000222d0cb76fc: ;   {metadata(method data for {method} {0x00000222e9125e30} 'dispatched' '()V' in 'java/awt/AWTEvent')}
  0x00000222d0cb76fc: 48bb 1070 | 31eb 2202 | 0000 418b | 4008 49ba | 0000 0000 | 0800 0000 | 4903 c248 | 3b83 2001 
  0x00000222d0cb771c: 0000 750d | 4883 8328 | 0100 0001 | e97e 0000 | 0048 3b83 | 3001 0000 | 750d 4883 | 8338 0100 
  0x00000222d0cb773c: 0001 e968 | 0000 0048 | 83bb 2001 | 0000 0075 | 1748 8983 | 2001 0000 | 48c7 8328 | 0100 0001 
  0x00000222d0cb775c: 0000 00e9 | 4700 0000 | 4883 bb30 | 0100 0000 | 7517 4889 | 8330 0100 | 0048 c783 | 3801 0000 
  0x00000222d0cb777c: 0100 0000 | e926 0000 | 00e9 2100 

  0x00000222d0cb7788: ;   {metadata(method data for {method} {0x00000222e9125e30} 'dispatched' '()V' in 'java/awt/AWTEvent')}
  0x00000222d0cb7788: 0000 48bb | 1070 31eb | 2202 0000 | 4883 ab10 | 0100 0001 | e905 0000 | 00e9 0500 | 0000 4833 
  0x00000222d0cb77a8: f6eb 0748 | c7c6 0100 | 0000 85f6 

  0x00000222d0cb77b4: ;   {metadata(method data for {method} {0x00000222e9125e30} 'dispatched' '()V' in 'java/awt/AWTEvent')}
  0x00000222d0cb77b4: 48be 1070 | 31eb 2202 | 0000 48c7 | c748 0100 | 0074 0748 | c7c7 5801 | 0000 488b | 1c3e 488d 
  0x00000222d0cb77d4: 5b01 4889 | 1c3e 0f84 | 4e15 0000 

  0x00000222d0cb77e0: ;   {metadata(method data for {method} {0x00000222e9125e30} 'dispatched' '()V' in 'java/awt/AWTEvent')}
  0x00000222d0cb77e0: 48be 1070 | 31eb 2202 | 0000 4883 | 8668 0100 

  0x00000222d0cb77f0: ;   {metadata(method data for {method} {0x00000222e8e9b270} 'getInputEventAccessor' '()Lsun/awt/AWTAccessor$InputEventAccessor;' in 'sun/awt/AWTAccessor')}
  0x00000222d0cb77f0: 0001 48be | 3872 31eb | 2202 0000 | 8bbe cc00 | 0000 83c7 | 0289 becc | 0000 0081 | e7fe ff1f 
  0x00000222d0cb7810: 0085 ff0f | 84b1 1500 

  0x00000222d0cb7818: ;   {oop(a 'java/lang/Class'{0x0000000703972080} = 'sun/awt/AWTAccessor')}
  0x00000222d0cb7818: 0048 be80 | 2097 0307 | 0000 008b | b684 0000 | 0048 c1e6 | 0348 85f6 

  0x00000222d0cb7830: ;   {metadata(method data for {method} {0x00000222e8e9b270} 'getInputEventAccessor' '()Lsun/awt/AWTAccessor$InputEventAccessor;' in 'sun/awt/AWTAccessor')}
  0x00000222d0cb7830: 48bf 3872 | 31eb 2202 | 0000 48c7 | c310 0100 | 0075 0748 | c7c3 2001 | 0000 488b | 041f 488d 
  0x00000222d0cb7850: 4001 4889 | 041f 0f85 | 5713 0000 

  0x00000222d0cb785c: ;   {metadata(method data for {method} {0x00000222e8e9b270} 'getInputEventAccessor' '()Lsun/awt/AWTAccessor$InputEventAccessor;' in 'sun/awt/AWTAccessor')}
  0x00000222d0cb785c: 48be 3872 | 31eb 2202 | 0000 4883 | 8630 0100 

  0x00000222d0cb786c: ;   {metadata(method data for {method} {0x00000222e8e9da40} 'ensureClassInitialized' '(Ljava/lang/Class;)V' in 'sun/awt/AWTAccessor')}
  0x00000222d0cb786c: 0001 48be | 50a9 ecea | 2202 0000 | 8bbe cc00 | 0000 83c7 | 0289 becc | 0000 0081 | e7fe ff1f 
  0x00000222d0cb788c: 0085 ff0f | 8456 1500 

  0x00000222d0cb7894: ;   {metadata(method data for {method} {0x00000222e8e9da40} 'ensureClassInitialized' '(Ljava/lang/Class;)V' in 'sun/awt/AWTAccessor')}
  0x00000222d0cb7894: 0048 be50 | a9ec ea22 | 0200 0048 | 8386 1001 

  0x00000222d0cb78a4: ;   {metadata(method data for {method} {0x00000222e82c5610} 'lookup' '()Ljava/lang/invoke/MethodHandles$Lookup;' in 'java/lang/invoke/MethodHandles')}
  0x00000222d0cb78a4: 0000 0148 | bef0 3790 | e822 0200 | 008b becc | 0000 0083 | c702 89be | cc00 0000 | 81e7 feff 
  0x00000222d0cb78c4: 1f00 85ff | 0f84 3e15 

  0x00000222d0cb78cc: ;   {metadata(method data for {method} {0x00000222e82c5610} 'lookup' '()Ljava/lang/invoke/MethodHandles$Lookup;' in 'java/lang/invoke/MethodHandles')}
  0x00000222d0cb78cc: 0000 48be | f037 90e8 | 2202 0000 | 4883 8610 | 0100 0001 | 0f1f 8000 

  0x00000222d0cb78e4: ;   {static_call}
  0x00000222d0cb78e4: 0000 00e8 

  0x00000222d0cb78e8: ; ImmutableOopMap {[168]=Oop }
                      ;*invokestatic getCallerClass {reexecute=0 rethrow=0 return_oop=0}
                      ; - java.lang.invoke.MethodHandles::lookup@0
                      ; - sun.awt.AWTAccessor::ensureClassInitialized@0
                      ; - sun.awt.AWTAccessor::getInputEventAccessor@10
                      ; - java.awt.AWTEvent::dispatched@7
                      ; - java.awt.EventQueue::dispatchEventImpl@45
  0x00000222d0cb78e8: 9477 b006 

  0x00000222d0cb78ec: ;   {other}
  0x00000222d0cb78ec: 0f1f 8400 | dc0b 0001 | 4c8b c04d 

  0x00000222d0cb78f8: ;   {metadata(method data for {method} {0x00000222e82c5610} 'lookup' '()Ljava/lang/invoke/MethodHandles$Lookup;' in 'java/lang/invoke/MethodHandles')}
  0x00000222d0cb78f8: 85c0 48ba | f037 90e8 | 2202 0000 | 48c7 c630 | 0100 0074 | 0748 c7c6 | 2001 0000 | 488b 3c32 
  0x00000222d0cb7918: 488d 7f01 | 4889 3c32 | 0f84 f411 

  0x00000222d0cb7924: ;   {metadata('java/lang/invoke/MethodHandles$Lookup')}
  0x00000222d0cb7924: 0000 48ba | c816 0200 | 0800 0000 | 498b 87b8 | 0100 0048 | 8d78 2049 | 3bbf c801 | 0000 0f87 
  0x00000222d0cb7944: e514 0000 | 4989 bfb8 | 0100 0048 | c700 0100 | 0000 488b | ca49 ba00 | 0000 0008 | 0000 0049 
  0x00000222d0cb7964: 2bca 8948 | 0848 33c9 | 8948 0c48 | 33c9 4889 | 4810 4889 | 4818 4c8b 

  0x00000222d0cb797c: ;   {metadata(method data for {method} {0x00000222e82c5610} 'lookup' '()Ljava/lang/invoke/MethodHandles$Lookup;' in 'java/lang/invoke/MethodHandles')}
  0x00000222d0cb797c: c848 bff0 | 3790 e822 | 0200 0048 | 8387 5001 

  0x00000222d0cb798c: ;   {metadata(method data for {method} {0x00000222e82d37d0} '<init>' '(Ljava/lang/Class;)V' in 'java/lang/invoke/MethodHandles$Lookup')}
  0x00000222d0cb798c: 0000 0149 | b988 3990 | e822 0200 | 0041 8bb9 | cc00 0000 | 83c7 0241 | 89b9 cc00 | 0000 81e7 
  0x00000222d0cb79ac: feff 1f00 | 85ff 0f84 | 8214 0000 

  0x00000222d0cb79b8: ;   {metadata(method data for {method} {0x00000222e82d37d0} '<init>' '(Ljava/lang/Class;)V' in 'java/lang/invoke/MethodHandles$Lookup')}
  0x00000222d0cb79b8: 4c8b c848 | bf88 3990 | e822 0200 | 0048 8387 | 1001 0000 

  0x00000222d0cb79cc: ;   {oop(nullptr)}
  0x00000222d0cb79cc: 0149 b900 | 0000 0000 | 0000 00bf | 5f00 0000 | 488b d048 | 8984 24b0 

  0x00000222d0cb79e4: ;   {optimized virtual_call}
  0x00000222d0cb79e4: 0000 00e8 

  0x00000222d0cb79e8: ; ImmutableOopMap {[168]=Oop [176]=Oop }
                      ;*invokespecial <init> {reexecute=0 rethrow=0 return_oop=0}
                      ; - java.lang.invoke.MethodHandles$Lookup::<init>@5
                      ; - java.lang.invoke.MethodHandles::lookup@23
                      ; - sun.awt.AWTAccessor::ensureClassInitialized@0
                      ; - sun.awt.AWTAccessor::getInputEventAccessor@10
                      ; - java.awt.AWTEvent::dispatched@7
                      ; - java.awt.EventQueue::dispatchEventImpl@45
  0x00000222d0cb79e8: 9470 b006 

  0x00000222d0cb79ec: ;   {other}
  0x00000222d0cb79ec: 0f1f 8400 | dc0c 0002 | 488b 8424 | b000 0000 

  0x00000222d0cb79fc: ;   {metadata(method data for {method} {0x00000222e8e9da40} 'ensureClassInitialized' '(Ljava/lang/Class;)V' in 'sun/awt/AWTAccessor')}
  0x00000222d0cb79fc: 4c8b c048 | ba50 a9ec | ea22 0200 | 0048 8382 | 2001 0000 

  0x00000222d0cb7a10: ;   {oop(a 'java/lang/Class'{0x000000070391f520} = 'java/awt/event/InputEvent')}
  0x00000222d0cb7a10: 0149 b820 | f591 0307 | 0000 0048 

  0x00000222d0cb7a1c: ;   {optimized virtual_call}
  0x00000222d0cb7a1c: 8bd0 90e8 

  0x00000222d0cb7a20: ; ImmutableOopMap {[168]=Oop }
                      ;*invokevirtual ensureInitialized {reexecute=0 rethrow=0 return_oop=0}
                      ; - sun.awt.AWTAccessor::ensureClassInitialized@4
                      ; - sun.awt.AWTAccessor::getInputEventAccessor@10
                      ; - java.awt.AWTEvent::dispatched@7
                      ; - java.awt.EventQueue::dispatchEventImpl@45
  0x00000222d0cb7a20: 5c70 b006 

  0x00000222d0cb7a24: ;   {other}
  0x00000222d0cb7a24: 0f1f 8400 | 140d 0003 

  0x00000222d0cb7a2c: ;   {metadata(method data for {method} {0x00000222e8e9da40} 'ensureClassInitialized' '(Ljava/lang/Class;)V' in 'sun/awt/AWTAccessor')}
  0x00000222d0cb7a2c: 48ba 50a9 | ecea 2202 | 0000 ff82 | 5801 0000 | e95e 1100 | 004d 85c9 

  0x00000222d0cb7a44: ;   {metadata(method data for {method} {0x00000222e8e94780} 'dispatchEventImpl' '(Ljava/awt/AWTEvent;Ljava/lang/Object;)V' in 'java/awt/EventQueue')}
  0x00000222d0cb7a44: 7516 48bb | a026 31eb | 2202 0000 | 808b 3903 | 0000 01e9 | ce00 0000 

  0x00000222d0cb7a5c: ;   {metadata('java/awt/MenuComponent')}
  0x00000222d0cb7a5c: 48b8 606c | 1f00 0800 | 0000 418b | 7908 49ba | 0000 0000 | 0800 0000 | 4903 fa48 | 3bc7 0f85 
  0x00000222d0cb7a7c: 8e00 0000 

  0x00000222d0cb7a80: ;   {metadata(method data for {method} {0x00000222e8e94780} 'dispatchEventImpl' '(Ljava/awt/AWTEvent;Ljava/lang/Object;)V' in 'java/awt/EventQueue')}
  0x00000222d0cb7a80: 48bb a026 | 31eb 2202 | 0000 418b | 4108 49ba | 0000 0000 | 0800 0000 | 4903 c248 | 3b83 5003 
  0x00000222d0cb7aa0: 0000 750d | 4883 8358 | 0300 0001 | e97e 0000 | 0048 3b83 | 6003 0000 | 750d 4883 | 8368 0300 
  0x00000222d0cb7ac0: 0001 e968 | 0000 0048 | 83bb 5003 | 0000 0075 | 1748 8983 | 5003 0000 | 48c7 8358 | 0300 0001 
  0x00000222d0cb7ae0: 0000 00e9 | 4700 0000 | 4883 bb60 | 0300 0000 | 7517 4889 | 8360 0300 | 0048 c783 | 6803 0000 
  0x00000222d0cb7b00: 0100 0000 | e926 0000 | 00e9 2100 

  0x00000222d0cb7b0c: ;   {metadata(method data for {method} {0x00000222e8e94780} 'dispatchEventImpl' '(Ljava/awt/AWTEvent;Ljava/lang/Object;)V' in 'java/awt/EventQueue')}
  0x00000222d0cb7b0c: 0000 48bb | a026 31eb | 2202 0000 | 4883 ab40 | 0300 0001 | e905 0000 | 00e9 0500 | 0000 4833 
  0x00000222d0cb7b2c: f6eb 0748 | c7c6 0100 | 0000 85f6 

  0x00000222d0cb7b38: ;   {metadata(method data for {method} {0x00000222e8e94780} 'dispatchEventImpl' '(Ljava/awt/AWTEvent;Ljava/lang/Object;)V' in 'java/awt/EventQueue')}
  0x00000222d0cb7b38: 48be a026 | 31eb 2202 | 0000 48c7 | c788 0300 | 0075 0748 | c7c7 7803 | 0000 488b | 1c3e 488d 
  0x00000222d0cb7b58: 5b01 4889 | 1c3e 0f85 | e70b 0000 | 4d85 c975 

  0x00000222d0cb7b68: ;   {metadata(method data for {method} {0x00000222e8e94780} 'dispatchEventImpl' '(Ljava/awt/AWTEvent;Ljava/lang/Object;)V' in 'java/awt/EventQueue')}
  0x00000222d0cb7b68: 1648 bba0 | 2631 eb22 | 0200 0080 | 8b19 0400 | 0001 e9ce 

  0x00000222d0cb7b7c: ;   {metadata('java/awt/TrayIcon')}
  0x00000222d0cb7b7c: 0000 0048 | b820 6f1f | 0008 0000 | 0041 8b79 | 0849 ba00 | 0000 0008 | 0000 0049 | 03fa 483b 
  0x00000222d0cb7b9c: c70f 858e 

  0x00000222d0cb7ba0: ;   {metadata(method data for {method} {0x00000222e8e94780} 'dispatchEventImpl' '(Ljava/awt/AWTEvent;Ljava/lang/Object;)V' in 'java/awt/EventQueue')}
  0x00000222d0cb7ba0: 0000 0048 | bba0 2631 | eb22 0200 | 0041 8b41 | 0849 ba00 | 0000 0008 | 0000 0049 | 03c2 483b 
  0x00000222d0cb7bc0: 8330 0400 | 0075 0d48 | 8383 3804 | 0000 01e9 | 7e00 0000 | 483b 8340 | 0400 0075 | 0d48 8383 
  0x00000222d0cb7be0: 4804 0000 | 01e9 6800 | 0000 4883 | bb30 0400 | 0000 7517 | 4889 8330 | 0400 0048 | c783 3804 
  0x00000222d0cb7c00: 0000 0100 | 0000 e947 | 0000 0048 | 83bb 4004 | 0000 0075 | 1748 8983 | 4004 0000 | 48c7 8348 
  0x00000222d0cb7c20: 0400 0001 | 0000 00e9 | 2600 0000 | e921 0000 

  0x00000222d0cb7c30: ;   {metadata(method data for {method} {0x00000222e8e94780} 'dispatchEventImpl' '(Ljava/awt/AWTEvent;Ljava/lang/Object;)V' in 'java/awt/EventQueue')}
  0x00000222d0cb7c30: 0048 bba0 | 2631 eb22 | 0200 0048 | 83ab 2004 | 0000 01e9 | 0500 0000 | e905 0000 | 0048 33f6 
  0x00000222d0cb7c50: eb07 48c7 | c601 0000 

  0x00000222d0cb7c58: ;   {metadata(method data for {method} {0x00000222e8e94780} 'dispatchEventImpl' '(Ljava/awt/AWTEvent;Ljava/lang/Object;)V' in 'java/awt/EventQueue')}
  0x00000222d0cb7c58: 0085 f648 | bea0 2631 | eb22 0200 | 0048 c7c7 | 6804 0000 | 7507 48c7 | c758 0400 | 0048 8b1c 
  0x00000222d0cb7c78: 3e48 8d5b | 0148 891c | 3e0f 85f9 | 0800 004d | 85c9 7516 

  0x00000222d0cb7c8c: ;   {metadata(method data for {method} {0x00000222e8e94780} 'dispatchEventImpl' '(Ljava/awt/AWTEvent;Ljava/lang/Object;)V' in 'java/awt/EventQueue')}
  0x00000222d0cb7c8c: 48bb a026 | 31eb 2202 | 0000 808b | f904 0000 | 01e9 ce00 

  0x00000222d0cb7ca0: ;   {metadata('sun/awt/AWTAutoShutdown')}
  0x00000222d0cb7ca0: 0000 48b8 | d8f7 1e00 | 0800 0000 | 418b 7908 | 49ba 0000 | 0000 0800 | 0000 4903 | fa48 3bc7 
  0x00000222d0cb7cc0: 0f85 8e00 

  0x00000222d0cb7cc4: ;   {metadata(method data for {method} {0x00000222e8e94780} 'dispatchEventImpl' '(Ljava/awt/AWTEvent;Ljava/lang/Object;)V' in 'java/awt/EventQueue')}
  0x00000222d0cb7cc4: 0000 48bb | a026 31eb | 2202 0000 | 418b 4108 | 49ba 0000 | 0000 0800 | 0000 4903 | c248 3b83 
  0x00000222d0cb7ce4: 1005 0000 | 750d 4883 | 8318 0500 | 0001 e97e | 0000 0048 | 3b83 2005 | 0000 750d | 4883 8328 
  0x00000222d0cb7d04: 0500 0001 | e968 0000 | 0048 83bb | 1005 0000 | 0075 1748 | 8983 1005 | 0000 48c7 | 8318 0500 
  0x00000222d0cb7d24: 0001 0000 | 00e9 4700 | 0000 4883 | bb20 0500 | 0000 7517 | 4889 8320 | 0500 0048 | c783 2805 
  0x00000222d0cb7d44: 0000 0100 | 0000 e926 | 0000 00e9 | 2100 0000 

  0x00000222d0cb7d54: ;   {metadata(method data for {method} {0x00000222e8e94780} 'dispatchEventImpl' '(Ljava/awt/AWTEvent;Ljava/lang/Object;)V' in 'java/awt/EventQueue')}
  0x00000222d0cb7d54: 48bb a026 | 31eb 2202 | 0000 4883 | ab00 0500 | 0001 e905 | 0000 00e9 | 0500 0000 | 4833 f6eb 
  0x00000222d0cb7d74: 0748 c7c6 | 0100 0000 

  0x00000222d0cb7d7c: ;   {metadata(method data for {method} {0x00000222e8e94780} 'dispatchEventImpl' '(Ljava/awt/AWTEvent;Ljava/lang/Object;)V' in 'java/awt/EventQueue')}
  0x00000222d0cb7d7c: 85f6 48be | a026 31eb | 2202 0000 | 48c7 c738 | 0500 0074 | 0748 c7c7 | 4805 0000 | 488b 1c3e 
  0x00000222d0cb7d9c: 488d 5b01 | 4889 1c3e | 0f84 5001 | 0000 488b 

  0x00000222d0cb7dac: ;   {metadata(method data for {method} {0x00000222e8e94780} 'dispatchEventImpl' '(Ljava/awt/AWTEvent;Ljava/lang/Object;)V' in 'java/awt/EventQueue')}
  0x00000222d0cb7dac: f248 bfa0 | 2631 eb22 | 0200 0048 | 8387 5805 

  0x00000222d0cb7dbc: ;   {metadata(method data for {method} {0x00000222e8e93da8} 'noEvents' '()Z' in 'java/awt/EventQueue')}
  0x00000222d0cb7dbc: 0000 0148 | bed0 fe30 | eb22 0200 | 008b becc | 0000 0083 | c702 89be | cc00 0000 | 81e7 feff 
  0x00000222d0cb7ddc: 1f00 85ff | 0f84 7510 | 0000 be00 | 0000 00e9 | 9400 0000 | 8b7a 2048 | c1e7 033b | 770c 0f83 
  0x00000222d0cb7dfc: 8610 0000 | 4863 de8b | 7c9f 1048 | c1e7 038b | 7f0c 48c1 | e703 4885 

  0x00000222d0cb7e14: ;   {metadata(method data for {method} {0x00000222e8e93da8} 'noEvents' '()Z' in 'java/awt/EventQueue')}
  0x00000222d0cb7e14: ff48 bfd0 | fe30 eb22 | 0200 0048 | c7c3 4001 | 0000 7507 | 48c7 c330 | 0100 0048 | 8b04 1f48 
  0x00000222d0cb7e34: 8d40 0148 | 8904 1f0f | 8577 0000 

  0x00000222d0cb7e40: ;   {metadata(method data for {method} {0x00000222e8e93da8} 'noEvents' '()Z' in 'java/awt/EventQueue')}
  0x00000222d0cb7e40: 00ff c648 | bfd0 fe30 | eb22 0200 | 008b 9fd0 | 0000 0083 | c302 899f | d000 0000 | 81e3 fe3f 
  0x00000222d0cb7e60: 0000 85db | 0f84 2f10 | 0000 4d8b | 9758 0400 

  0x00000222d0cb7e70: ; ImmutableOopMap {rdx=Oop }
                      ;*goto {reexecute=1 rethrow=0 return_oop=0}
                      ; - (reexecute) java.awt.EventQueue::noEvents@24
                      ; - java.awt.EventQueue::dispatchEventImpl@95
                      ;   {poll}
  0x00000222d0cb7e70: 0041 8502 

  0x00000222d0cb7e74: ;   {metadata(method data for {method} {0x00000222e8e93da8} 'noEvents' '()Z' in 'java/awt/EventQueue')}
  0x00000222d0cb7e74: 48bf d0fe | 30eb 2202 | 0000 ff87 | 5001 0000 

  0x00000222d0cb7e84: ;   {metadata(method data for {method} {0x00000222e8e93da8} 'noEvents' '()Z' in 'java/awt/EventQueue')}
  0x00000222d0cb7e84: 83fe 0448 | bfd0 fe30 | eb22 0200 | 0048 c7c3 | 1001 0000 | 7d07 48c7 | c320 0100 | 0048 8b04 
  0x00000222d0cb7ea4: 1f48 8d40 | 0148 8904 | 1f0f 8d0f | 0000 00e9 | 38ff ffff | be00 0000 | 00e9 0500 | 0000 be01 
  0x00000222d0cb7ec4: 0000 0085 

  0x00000222d0cb7ec8: ;   {metadata(method data for {method} {0x00000222e8e94780} 'dispatchEventImpl' '(Ljava/awt/AWTEvent;Ljava/lang/Object;)V' in 'java/awt/EventQueue')}
  0x00000222d0cb7ec8: f648 bea0 | 2631 eb22 | 0200 0048 | c7c7 9005 | 0000 7407 | 48c7 c7a0 | 0500 0048 | 8b1c 3e48 
  0x00000222d0cb7ee8: 8d5b 0148 | 891c 3e0f | 8449 0e00 | 00e9 f805 

  0x00000222d0cb7ef8: ;   {metadata(method data for {method} {0x00000222e8e94780} 'dispatchEventImpl' '(Ljava/awt/AWTEvent;Ljava/lang/Object;)V' in 'java/awt/EventQueue')}
  0x00000222d0cb7ef8: 0000 48ba | a026 31eb | 2202 0000 | 4883 8200 | 0600 0001 

  0x00000222d0cb7f0c: ;   {metadata(method data for {method} {0x00000222e8e92db8} 'getEventLog' '()Lsun/util/logging/PlatformLogger;' in 'java/awt/EventQueue')}
  0x00000222d0cb7f0c: 48ba 2876 | 31eb 2202 | 0000 8bb2 | cc00 0000 | 83c6 0289 | b2cc 0000 | 0081 e6fe | ff1f 0085 
  0x00000222d0cb7f2c: f60f 8487 

  0x00000222d0cb7f30: ;   {oop(a 'java/lang/Class'{0x00000007036b5f38} = 'java/awt/EventQueue')}
  0x00000222d0cb7f30: 0f00 0048 | ba38 5f6b | 0307 0000 | 008b 5278 | 48c1 e203 

  0x00000222d0cb7f44: ;   {metadata(method data for {method} {0x00000222e8e92db8} 'getEventLog' '()Lsun/util/logging/PlatformLogger;' in 'java/awt/EventQueue')}
  0x00000222d0cb7f44: 4885 d248 | ba28 7631 | eb22 0200 | 0048 c7c6 | 1001 0000 | 7507 48c7 | c620 0100 | 0048 8b3c 
  0x00000222d0cb7f64: 3248 8d7f | 0148 893c | 320f 8565 

  0x00000222d0cb7f70: ;   {metadata(method data for {method} {0x00000222e8e92db8} 'getEventLog' '()Lsun/util/logging/PlatformLogger;' in 'java/awt/EventQueue')}
  0x00000222d0cb7f70: 0000 0048 | ba28 7631 | eb22 0200 | 0048 8382 | 3001 0000 

  0x00000222d0cb7f84: ;   {oop("java.awt.event.EventQueue"{0x000000070a297368})}
  0x00000222d0cb7f84: 0148 ba68 | 7329 0a07 

  0x00000222d0cb7f8c: ;   {static_call}
  0x00000222d0cb7f8c: 0000 00e8 

  0x00000222d0cb7f90: ; ImmutableOopMap {[168]=Oop }
                      ;*invokestatic getLogger {reexecute=0 rethrow=0 return_oop=0}
                      ; - java.awt.EventQueue::getEventLog@8
                      ; - java.awt.EventQueue::dispatchEventImpl@111
  0x00000222d0cb7f90: ec70 b006 

  0x00000222d0cb7f94: ;   {other}
  0x00000222d0cb7f94: 0f1f 8400 | 8412 0005 

  0x00000222d0cb7f9c: ;   {oop(a 'java/lang/Class'{0x00000007036b5f38} = 'java/awt/EventQueue')}
  0x00000222d0cb7f9c: 49b8 385f | 6b03 0700 | 0000 410f | be57 4085 | d20f 8528 | 0f00 004c | 8bd0 49c1 | ea03 4589 
  0x00000222d0cb7fbc: 5078 f083 | 4424 c000 | 498b d048 | 33d0 48c1 | ea15 4883 | fa00 0f85 | 230f 0000 

  0x00000222d0cb7fd8: ;   {oop(a 'java/lang/Class'{0x00000007036b5f38} = 'java/awt/EventQueue')}
  0x00000222d0cb7fd8: 49b8 385f | 6b03 0700 | 0000 458b | 4078 49c1 | e003 493b | 0049 8bd0 

  0x00000222d0cb7ff0: ;   {metadata(method data for {method} {0x00000222e8e94780} 'dispatchEventImpl' '(Ljava/awt/AWTEvent;Ljava/lang/Object;)V' in 'java/awt/EventQueue')}
  0x00000222d0cb7ff0: 48be a026 | 31eb 2202 

  0x00000222d0cb7ff8: ;   {metadata('sun/util/logging/PlatformLogger')}
  0x00000222d0cb7ff8: 0000 49ba | 4847 0f00 | 0800 0000 | 4c89 9620 | 0600 0048 | 8386 2806 

  0x00000222d0cb8010: ;   {metadata(method data for {method} {0x00000222e89b3fb0} 'isLoggable' '(Lsun/util/logging/PlatformLogger$Level;)Z' in 'sun/util/logging/PlatformLogger')}
  0x00000222d0cb8010: 0000 0148 | ba68 0d7d | e922 0200 | 008b b2cc | 0000 0083 | c602 89b2 | cc00 0000 | 81e6 feff 
  0x00000222d0cb8030: 1f00 85f6 | 0f84 de0e 

  0x00000222d0cb8038: ;   {metadata(method data for {method} {0x00000222e89b3fb0} 'isLoggable' '(Lsun/util/logging/PlatformLogger$Level;)Z' in 'sun/util/logging/PlatformLogger')}
  0x00000222d0cb8038: 0000 48ba | 680d 7de9 | 2202 0000 | ff82 1001 | 0000 418b | 500c 48c1 | e203 483b | 024c 8bc2 
  0x00000222d0cb8058: ;   {metadata(method data for {method} {0x00000222e89b3fb0} 'isLoggable' '(Lsun/util/logging/PlatformLogger$Level;)Z' in 'sun/util/logging/PlatformLogger')}
  0x00000222d0cb8058: 48be 680d | 7de9 2202 | 0000 458b | 4008 49ba | 0000 0000 | 0800 0000 | 4d03 c24c | 3b86 5001 
  0x00000222d0cb8078: 0000 750d | 4883 8658 | 0100 0001 | e960 0000 | 004c 3b86 | 6001 0000 | 750d 4883 | 8668 0100 
  0x00000222d0cb8098: 0001 e94a | 0000 0048 | 83be 5001 | 0000 0075 | 174c 8986 | 5001 0000 | 48c7 8658 | 0100 0001 
  0x00000222d0cb80b8: 0000 00e9 | 2900 0000 | 4883 be60 | 0100 0000 | 7517 4c89 | 8660 0100 | 0048 c786 | 6801 0000 
  0x00000222d0cb80d8: 0100 0000 | e908 0000 | 0048 8386 | 4001 0000 

  0x00000222d0cb80e8: ;   {oop(a 'sun/util/logging/PlatformLogger$Level'{0x0000000703004350})}
  0x00000222d0cb80e8: 0149 b850 | 4300 0307 | 0000 0066 | 9048 b8ff | ffff ffff 

  0x00000222d0cb80fc: ;   {virtual_call}
  0x00000222d0cb80fc: ffff ffe8 

  0x00000222d0cb8100: ; ImmutableOopMap {[168]=Oop }
                      ;*invokeinterface isLoggable {reexecute=0 rethrow=0 return_oop=0}
                      ; - sun.util.logging.PlatformLogger::isLoggable@17
                      ; - java.awt.EventQueue::dispatchEventImpl@117
  0x00000222d0cb8100: 7c6c b006 

  0x00000222d0cb8104: ;   {other}
  0x00000222d0cb8104: 0f1f 8400 | f413 0006 | 83e0 0185 

  0x00000222d0cb8110: ;   {metadata(method data for {method} {0x00000222e8e94780} 'dispatchEventImpl' '(Ljava/awt/AWTEvent;Ljava/lang/Object;)V' in 'java/awt/EventQueue')}
  0x00000222d0cb8110: c048 baa0 | 2631 eb22 | 0200 0048 | c7c6 4806 | 0000 7407 | 48c7 c658 | 0600 0048 | 8b3c 3248 
  0x00000222d0cb8130: 8d7f 0148 | 893c 320f | 8401 0c00 

  0x00000222d0cb813c: ;   {metadata(method data for {method} {0x00000222e8e94780} 'dispatchEventImpl' '(Ljava/awt/AWTEvent;Ljava/lang/Object;)V' in 'java/awt/EventQueue')}
  0x00000222d0cb813c: 0048 baa0 | 2631 eb22 | 0200 0048 | 8382 6806 

  0x00000222d0cb814c: ;   {metadata(method data for {method} {0x00000222e8e92db8} 'getEventLog' '()Lsun/util/logging/PlatformLogger;' in 'java/awt/EventQueue')}
  0x00000222d0cb814c: 0000 0148 | ba28 7631 | eb22 0200 | 008b b2cc | 0000 0083 | c602 89b2 | cc00 0000 | 81e6 feff 
  0x00000222d0cb816c: 1f00 85f6 | 0f84 c80d 

  0x00000222d0cb8174: ;   {oop(a 'java/lang/Class'{0x00000007036b5f38} = 'java/awt/EventQueue')}
  0x00000222d0cb8174: 0000 48ba | 385f 6b03 | 0700 0000 | 8b52 7848 | c1e2 0348 

  0x00000222d0cb8188: ;   {metadata(method data for {method} {0x00000222e8e92db8} 'getEventLog' '()Lsun/util/logging/PlatformLogger;' in 'java/awt/EventQueue')}
  0x00000222d0cb8188: 85d2 48ba | 2876 31eb | 2202 0000 | 48c7 c610 | 0100 0075 | 0748 c7c6 | 2001 0000 | 488b 3c32 
  0x00000222d0cb81a8: 488d 7f01 | 4889 3c32 | 0f85 6a00 

  0x00000222d0cb81b4: ;   {metadata(method data for {method} {0x00000222e8e92db8} 'getEventLog' '()Lsun/util/logging/PlatformLogger;' in 'java/awt/EventQueue')}
  0x00000222d0cb81b4: 0000 48ba | 2876 31eb | 2202 0000 | 4883 8230 | 0100 0001 

  0x00000222d0cb81c8: ;   {oop("java.awt.event.EventQueue"{0x000000070a297368})}
  0x00000222d0cb81c8: 48ba 6873 | 290a 0700 | 0000 0f1f 

  0x00000222d0cb81d4: ;   {static_call}
  0x00000222d0cb81d4: 4400 00e8 

  0x00000222d0cb81d8: ; ImmutableOopMap {[168]=Oop }
                      ;*invokestatic getLogger {reexecute=0 rethrow=0 return_oop=0}
                      ; - java.awt.EventQueue::getEventLog@8
                      ; - java.awt.EventQueue::dispatchEventImpl@123
  0x00000222d0cb81d8: a46e b006 

  0x00000222d0cb81dc: ;   {other}
  0x00000222d0cb81dc: 0f1f 8400 | cc14 0007 

  0x00000222d0cb81e4: ;   {oop(a 'java/lang/Class'{0x00000007036b5f38} = 'java/awt/EventQueue')}
  0x00000222d0cb81e4: 48ba 385f | 6b03 0700 | 0000 410f | be77 4085 | f60f 8564 | 0d00 004c | 8bd0 49c1 | ea03 4489 
  0x00000222d0cb8204: 5278 f083 | 4424 c000 | 488b f248 | 33f0 48c1 | ee15 4883 | fe00 0f85 | 5e0d 0000 

  0x00000222d0cb8220: ;   {oop(a 'java/lang/Class'{0x00000007036b5f38} = 'java/awt/EventQueue')}
  0x00000222d0cb8220: 48ba 385f | 6b03 0700 | 0000 8b72 | 7848 c1e6 | 0348 89b4 | 24b8 0000 | 004c 8b84 | 24a8 0000 
  0x00000222d0cb8240: ;   {metadata(method data for {method} {0x00000222e8e94780} 'dispatchEventImpl' '(Ljava/awt/AWTEvent;Ljava/lang/Object;)V' in 'java/awt/EventQueue')}
  0x00000222d0cb8240: 0048 baa0 | 2631 eb22 | 0200 0048 | 8382 7806 

  0x00000222d0cb8250: ;   {metadata(method data for {method} {0x00000222e800e9c0} 'valueOf' '(Ljava/lang/Object;)Ljava/lang/String;' in 'java/lang/String')}
  0x00000222d0cb8250: 0000 0148 | ba38 af92 | e822 0200 | 008b bacc | 0000 0083 | c702 89ba | cc00 0000 | 81e7 feff 
  0x00000222d0cb8270: 1f00 85ff | 0f84 1c0d | 0000 4d85 

  0x00000222d0cb827c: ;   {metadata(method data for {method} {0x00000222e800e9c0} 'valueOf' '(Ljava/lang/Object;)Ljava/lang/String;' in 'java/lang/String')}
  0x00000222d0cb827c: c048 ba38 | af92 e822 | 0200 0048 | c7c7 1001 | 0000 7507 | 48c7 c720 | 0100 0048 | 8b1c 3a48 
  0x00000222d0cb829c: 8d5b 0148 | 891c 3a0f | 851f 0000 

  0x00000222d0cb82a8: ;   {metadata(method data for {method} {0x00000222e800e9c0} 'valueOf' '(Ljava/lang/Object;)Ljava/lang/String;' in 'java/lang/String')}
  0x00000222d0cb82a8: 0048 ba38 | af92 e822 | 0200 00ff | 8230 0100 

  0x00000222d0cb82b8: ;   {oop("null"{0x0000000703068e68})}
  0x00000222d0cb82b8: 0048 bf68 | 8e06 0307 | 0000 00e9 | a700 0000 

  0x00000222d0cb82c8: ;   {metadata(method data for {method} {0x00000222e800e9c0} 'valueOf' '(Ljava/lang/Object;)Ljava/lang/String;' in 'java/lang/String')}
  0x00000222d0cb82c8: 498b d048 | bf38 af92 | e822 0200 | 008b 5208 | 49ba 0000 | 0000 0800 | 0000 4903 | d248 3b97 
  0x00000222d0cb82e8: 5801 0000 | 750d 4883 | 8760 0100 | 0001 e960 | 0000 0048 | 3b97 6801 | 0000 750d | 4883 8770 
  0x00000222d0cb8308: 0100 0001 | e94a 0000 | 0048 83bf | 5801 0000 | 0075 1748 | 8997 5801 | 0000 48c7 | 8760 0100 
  0x00000222d0cb8328: 0001 0000 | 00e9 2900 | 0000 4883 | bf68 0100 | 0000 7517 | 4889 9768 | 0100 0048 | c787 7001 
  0x00000222d0cb8348: 0000 0100 | 0000 e908 | 0000 0048 | 8387 4801 | 0000 0149 

  0x00000222d0cb835c: ;   {optimized virtual_call}
  0x00000222d0cb835c: 8bd0 90e8 

  0x00000222d0cb8360: ; ImmutableOopMap {[184]=Oop }
                      ;*invokevirtual toString {reexecute=0 rethrow=0 return_oop=0}
                      ; - java.lang.String::valueOf@11
                      ; - java.awt.EventQueue::dispatchEventImpl@127
  0x00000222d0cb8360: 1c67 b006 

  0x00000222d0cb8364: ;   {other}
  0x00000222d0cb8364: 0f1f 8400 | 5416 0008 | 488b f890 

  0x00000222d0cb8370: ;   {no_reloc}
  0x00000222d0cb8370: e951 0c00 | 0090 9090 | 9090 488b 

  0x00000222d0cb837c: ;   {static_call}
  0x00000222d0cb837c: d766 90e8 

  0x00000222d0cb8380: ; ImmutableOopMap {[184]=Oop }
                      ;*invokedynamic {reexecute=0 rethrow=0 return_oop=0}
                      ; - java.awt.EventQueue::dispatchEventImpl@130
  0x00000222d0cb8380: fc6c b006 

  0x00000222d0cb8384: ;   {other}
  0x00000222d0cb8384: 0f1f 8400 | 7416 0009 

  0x00000222d0cb838c: ;   {metadata(method data for {method} {0x00000222e8e94780} 'dispatchEventImpl' '(Ljava/awt/AWTEvent;Ljava/lang/Object;)V' in 'java/awt/EventQueue')}
  0x00000222d0cb838c: 49b8 a026 | 31eb 2202 | 0000 4d8d | 80a8 0600 | 0048 85c0 | 750b 41f6 | 0001 7505 | f049 8308 
  0x00000222d0cb83ac: 0148 8bb4 | 24b8 0000 | 0048 3b06 

  0x00000222d0cb83b8: ;   {metadata(method data for {method} {0x00000222e8e94780} 'dispatchEventImpl' '(Ljava/awt/AWTEvent;Ljava/lang/Object;)V' in 'java/awt/EventQueue')}
  0x00000222d0cb83b8: 4c8b c649 | b9a0 2631 | eb22 0200 

  0x00000222d0cb83c4: ;   {metadata('sun/util/logging/PlatformLogger')}
  0x00000222d0cb83c4: 0049 ba48 | 470f 0008 | 0000 004d | 8991 c806 | 0000 4983 | 81d0 0600 

  0x00000222d0cb83dc: ;   {metadata(method data for {method} {0x00000222e89b4b00} 'fine' '(Ljava/lang/String;)V' in 'sun/util/logging/PlatformLogger')}
  0x00000222d0cb83dc: 0001 49b8 | e87e 31eb | 2202 0000 | 458b 88cc | 0000 0041 | 83c1 0245 | 8988 cc00 | 0000 4181 
  0x00000222d0cb83fc: e1fe ff1f | 0045 85c9 | 0f84 cb0b | 0000 8b56 | 0c48 c1e2 | 0348 3b02 

  0x00000222d0cb8414: ;   {metadata(method data for {method} {0x00000222e89b4b00} 'fine' '(Ljava/lang/String;)V' in 'sun/util/logging/PlatformLogger')}
  0x00000222d0cb8414: 4c8b c249 | b9e8 7e31 | eb22 0200 | 0045 8b40 | 0849 ba00 | 0000 0008 | 0000 004d | 03c2 4d3b 
  0x00000222d0cb8434: 8158 0100 | 0075 0d49 | 8381 6001 | 0000 01e9 | 6000 0000 | 4d3b 8168 | 0100 0075 | 0d49 8381 
  0x00000222d0cb8454: 7001 0000 | 01e9 4a00 | 0000 4983 | b958 0100 | 0000 7517 | 4d89 8158 | 0100 0049 | c781 6001 
  0x00000222d0cb8474: 0000 0100 | 0000 e929 | 0000 0049 | 83b9 6801 | 0000 0075 | 174d 8981 | 6801 0000 | 49c7 8170 
  0x00000222d0cb8494: 0100 0001 | 0000 00e9 | 0800 0000 | 4983 8148 | 0100 0001 

  0x00000222d0cb84a8: ;   {oop(a 'sun/util/logging/PlatformLogger$Level'{0x0000000703004350})}
  0x00000222d0cb84a8: 49b8 5043 | 0003 0700 | 0000 4c8b 

  0x00000222d0cb84b4: ;   {oop(nullptr)}
  0x00000222d0cb84b4: c848 bf00 | 0000 0000 | 0000 0066 | 0f1f 4400 | 0048 b8ff | ffff ffff 

  0x00000222d0cb84cc: ;   {virtual_call}
  0x00000222d0cb84cc: ffff ffe8 

  0x00000222d0cb84d0: ; ImmutableOopMap {}
                      ;*invokeinterface log {reexecute=0 rethrow=0 return_oop=0}
                      ; - sun.util.logging.PlatformLogger::fine@12
                      ; - java.awt.EventQueue::dispatchEventImpl@135
  0x00000222d0cb84d0: ac68 b006 

  0x00000222d0cb84d4: ;   {other}
  0x00000222d0cb84d4: 0f1f 8400 | c417 000a | 4881 c4d0 | 0000 005d 

  0x00000222d0cb84e4: ;   {poll_return}
  0x00000222d0cb84e4: 493b a750 | 0400 000f | 870a 0b00 | 00c3 448b | 4234 49c1 | e003 493b | 0049 8bd0 

  0x00000222d0cb8500: ;   {metadata(method data for {method} {0x00000222e8e94780} 'dispatchEventImpl' '(Ljava/awt/AWTEvent;Ljava/lang/Object;)V' in 'java/awt/EventQueue')}
  0x00000222d0cb8500: 48be a026 | 31eb 2202 

  0x00000222d0cb8508: ;   {metadata('java/awt/EventDispatchThread')}
  0x00000222d0cb8508: 0000 49ba | 103b 1f00 | 0800 0000 | 4c89 96c0 | 0500 0048 | 8386 c805 

  0x00000222d0cb8520: ;   {metadata(method data for {method} {0x00000222e9198d88} 'stopDispatching' '()V' in 'java/awt/EventDispatchThread')}
  0x00000222d0cb8520: 0000 0148 | baf0 7431 | eb22 0200 | 008b b2cc | 0000 0083 | c602 89b2 | cc00 0000 | 81e6 feff 
  0x00000222d0cb8540: 1f00 85f6 | 0f84 cc0a | 0000 ba00 | 0000 0041 | 8850 74f0 | 8344 24c0 

  0x00000222d0cb8558: ;   {metadata(method data for {method} {0x00000222e8e94780} 'dispatchEventImpl' '(Ljava/awt/AWTEvent;Ljava/lang/Object;)V' in 'java/awt/EventQueue')}
  0x00000222d0cb8558: 0049 b8a0 | 2631 eb22 | 0200 0041 | ff80 e805 | 0000 4881 | c4d0 0000 

  0x00000222d0cb8570: ;   {poll_return}
  0x00000222d0cb8570: 005d 493b | a750 0400 | 000f 87b8 | 0a00 00c3 | 4c8b 8424 | a800 0000 | 4d85 c975 

  0x00000222d0cb858c: ;   {metadata(method data for {method} {0x00000222e8e94780} 'dispatchEventImpl' '(Ljava/awt/AWTEvent;Ljava/lang/Object;)V' in 'java/awt/EventQueue')}
  0x00000222d0cb858c: 1648 bfa0 | 2631 eb22 | 0200 0080 | 8f71 0400 | 0001 e9ce 

  0x00000222d0cb85a0: ;   {metadata('java/awt/TrayIcon')}
  0x00000222d0cb85a0: 0000 0048 | bb20 6f1f | 0008 0000 | 0041 8b71 | 0849 ba00 | 0000 0008 | 0000 0049 | 03f2 483b 
  0x00000222d0cb85c0: de0f 858e 

  0x00000222d0cb85c4: ;   {metadata(method data for {method} {0x00000222e8e94780} 'dispatchEventImpl' '(Ljava/awt/AWTEvent;Ljava/lang/Object;)V' in 'java/awt/EventQueue')}
  0x00000222d0cb85c4: 0000 0048 | bfa0 2631 | eb22 0200 | 0041 8b59 | 0849 ba00 | 0000 0008 | 0000 0049 | 03da 483b 
  0x00000222d0cb85e4: 9f88 0400 | 0075 0d48 | 8387 9004 | 0000 01e9 | 7900 0000 | 483b 9f98 | 0400 0075 | 0d48 8387 
  0x00000222d0cb8604: a004 0000 | 01e9 6300 | 0000 4883 | bf88 0400 | 0000 7517 | 4889 9f88 | 0400 0048 | c787 9004 
  0x00000222d0cb8624: 0000 0100 | 0000 e942 | 0000 0048 | 83bf 9804 | 0000 0075 | 1748 899f | 9804 0000 | 48c7 87a0 
  0x00000222d0cb8644: 0400 0001 | 0000 00e9 | 2100 0000 | e91c 0000 

  0x00000222d0cb8654: ;   {metadata(method data for {method} {0x00000222e8e94780} 'dispatchEventImpl' '(Ljava/awt/AWTEvent;Ljava/lang/Object;)V' in 'java/awt/EventQueue')}
  0x00000222d0cb8654: 0048 bfa0 | 2631 eb22 | 0200 0048 | 83af 7804 | 0000 01e9 | e109 0000 | e900 0000 | 0049 8bd1 
  0x00000222d0cb8674: ; implicit exception: dispatches to 0x00000222d0cb9056
  0x00000222d0cb8674: 483b 0248 

  0x00000222d0cb8678: ;   {metadata(method data for {method} {0x00000222e8e94780} 'dispatchEventImpl' '(Ljava/awt/AWTEvent;Ljava/lang/Object;)V' in 'java/awt/EventQueue')}
  0x00000222d0cb8678: 8bf2 48bf | a026 31eb | 2202 0000 | 8b76 0849 | ba00 0000 | 0008 0000 | 0049 03f2 | 483b b7c0 
  0x00000222d0cb8698: 0400 0075 | 0d48 8387 | c804 0000 | 01e9 6000 | 0000 483b | b7d0 0400 | 0075 0d48 | 8387 d804 
  0x00000222d0cb86b8: 0000 01e9 | 4a00 0000 | 4883 bfc0 | 0400 0000 | 7517 4889 | b7c0 0400 | 0048 c787 | c804 0000 
  0x00000222d0cb86d8: 0100 0000 | e929 0000 | 0048 83bf | d004 0000 | 0075 1748 | 89b7 d004 | 0000 48c7 | 87d8 0400 
  0x00000222d0cb86f8: 0001 0000 | 00e9 0800 | 0000 4883 | 87b0 0400 | 0001 6666 | 9048 b8ff | ffff ffff 

  0x00000222d0cb8714: ;   {virtual_call}
  0x00000222d0cb8714: ffff ffe8 

  0x00000222d0cb8718: ; ImmutableOopMap {}
                      ;*invokevirtual dispatchEvent {reexecute=0 rethrow=0 return_oop=0}
                      ; - java.awt.EventQueue::dispatchEventImpl@81
  0x00000222d0cb8718: 6466 b006 

  0x00000222d0cb871c: ;   {other}
  0x00000222d0cb871c: 0f1f 8400 | 0c1a 000b 

  0x00000222d0cb8724: ;   {metadata(method data for {method} {0x00000222e8e94780} 'dispatchEventImpl' '(Ljava/awt/AWTEvent;Ljava/lang/Object;)V' in 'java/awt/EventQueue')}
  0x00000222d0cb8724: 49b8 a026 | 31eb 2202 | 0000 41ff | 80e8 0400 | 0048 81c4 | d000 0000 

  0x00000222d0cb873c: ;   {poll_return}
  0x00000222d0cb873c: 5d49 3ba7 | 5004 0000 | 0f87 1109 | 0000 c34c | 8b84 24a8 | 0000 004d | 85c9 7516 

  0x00000222d0cb8758: ;   {metadata(method data for {method} {0x00000222e8e94780} 'dispatchEventImpl' '(Ljava/awt/AWTEvent;Ljava/lang/Object;)V' in 'java/awt/EventQueue')}
  0x00000222d0cb8758: 48bf a026 | 31eb 2202 | 0000 808f | 9103 0000 | 01e9 ce00 

  0x00000222d0cb876c: ;   {metadata('java/awt/MenuComponent')}
  0x00000222d0cb876c: 0000 48bb | 606c 1f00 | 0800 0000 | 418b 7108 | 49ba 0000 | 0000 0800 | 0000 4903 | f248 3bde 
  0x00000222d0cb878c: 0f85 8e00 

  0x00000222d0cb8790: ;   {metadata(method data for {method} {0x00000222e8e94780} 'dispatchEventImpl' '(Ljava/awt/AWTEvent;Ljava/lang/Object;)V' in 'java/awt/EventQueue')}
  0x00000222d0cb8790: 0000 48bf | a026 31eb | 2202 0000 | 418b 5908 | 49ba 0000 | 0000 0800 | 0000 4903 | da48 3b9f 
  0x00000222d0cb87b0: a803 0000 | 750d 4883 | 87b0 0300 | 0001 e979 | 0000 0048 | 3b9f b803 | 0000 750d | 4883 87c0 
  0x00000222d0cb87d0: 0300 0001 | e963 0000 | 0048 83bf | a803 0000 | 0075 1748 | 899f a803 | 0000 48c7 | 87b0 0300 
  0x00000222d0cb87f0: 0001 0000 | 00e9 4200 | 0000 4883 | bfb8 0300 | 0000 7517 | 4889 9fb8 | 0300 0048 | c787 c003 
  0x00000222d0cb8810: 0000 0100 | 0000 e921 | 0000 00e9 | 1c00 0000 

  0x00000222d0cb8820: ;   {metadata(method data for {method} {0x00000222e8e94780} 'dispatchEventImpl' '(Ljava/awt/AWTEvent;Ljava/lang/Object;)V' in 'java/awt/EventQueue')}
  0x00000222d0cb8820: 48bf a026 | 31eb 2202 | 0000 4883 | af98 0300 | 0001 e93a | 0800 00e9 | 0000 0000 | 498b d148 
  0x00000222d0cb8840: 3b02 488b 

  0x00000222d0cb8844: ;   {metadata(method data for {method} {0x00000222e8e94780} 'dispatchEventImpl' '(Ljava/awt/AWTEvent;Ljava/lang/Object;)V' in 'java/awt/EventQueue')}
  0x00000222d0cb8844: f248 bfa0 | 2631 eb22 | 0200 008b | 7608 49ba | 0000 0000 | 0800 0000 | 4903 f248 | 3bb7 e003 
  0x00000222d0cb8864: 0000 750d | 4883 87e8 | 0300 0001 | e960 0000 | 0048 3bb7 | f003 0000 | 750d 4883 | 87f8 0300 
  0x00000222d0cb8884: 0001 e94a | 0000 0048 | 83bf e003 | 0000 0075 | 1748 89b7 | e003 0000 | 48c7 87e8 | 0300 0001 
  0x00000222d0cb88a4: 0000 00e9 | 2900 0000 | 4883 bff0 | 0300 0000 | 7517 4889 | b7f0 0300 | 0048 c787 | f803 0000 
  0x00000222d0cb88c4: 0100 0000 | e908 0000 | 0048 8387 | d003 0000 

  0x00000222d0cb88d4: ;   {optimized virtual_call}
  0x00000222d0cb88d4: 0166 90e8 

  0x00000222d0cb88d8: ; ImmutableOopMap {}
                      ;*invokevirtual dispatchEvent {reexecute=0 rethrow=0 return_oop=0}
                      ; - java.awt.EventQueue::dispatchEventImpl@63
  0x00000222d0cb88d8: a461 b006 

  0x00000222d0cb88dc: ;   {other}
  0x00000222d0cb88dc: 0f1f 8400 | cc1b 000c 

  0x00000222d0cb88e4: ;   {metadata(method data for {method} {0x00000222e8e94780} 'dispatchEventImpl' '(Ljava/awt/AWTEvent;Ljava/lang/Object;)V' in 'java/awt/EventQueue')}
  0x00000222d0cb88e4: 49b8 a026 | 31eb 2202 | 0000 41ff | 8008 0400 | 0048 81c4 | d000 0000 

  0x00000222d0cb88fc: ;   {poll_return}
  0x00000222d0cb88fc: 5d49 3ba7 | 5004 0000 | 0f87 7507 | 0000 c348 

  0x00000222d0cb890c: ;   {metadata(method data for {method} {0x00000222e8e94780} 'dispatchEventImpl' '(Ljava/awt/AWTEvent;Ljava/lang/Object;)V' in 'java/awt/EventQueue')}
  0x00000222d0cb890c: 8bf2 48bf | a026 31eb | 2202 0000 | 4883 8768 | 0100 0001 | 498b f04c 

  0x00000222d0cb8924: ;   {optimized virtual_call}
  0x00000222d0cb8924: 8bc6 90e8 

  0x00000222d0cb8928: ; ImmutableOopMap {[168]=Oop }
                      ;*invokevirtual setCurrentEventAndMostRecentTimeImpl {reexecute=0 rethrow=0 return_oop=0}
                      ; - java.awt.EventQueue::dispatchEventImpl@14
  0x00000222d0cb8928: d420 fbff 

  0x00000222d0cb892c: ;   {other}
  0x00000222d0cb892c: 0f1f 8400 | 1c1c 000d | 4c8b 8424 | a800 0000 | 4d85 c075 

  0x00000222d0cb8940: ;   {metadata(method data for {method} {0x00000222e8e94780} 'dispatchEventImpl' '(Ljava/awt/AWTEvent;Ljava/lang/Object;)V' in 'java/awt/EventQueue')}
  0x00000222d0cb8940: 1648 bfa0 | 2631 eb22 | 0200 0080 | 8f99 0100 | 0001 e9e9 

  0x00000222d0cb8954: ;   {metadata('java/awt/ActiveEvent')}
  0x00000222d0cb8954: 0000 0048 | bb18 2f1f | 0008 0000 | 0041 8b78 | 0849 ba00 | 0000 0008 | 0000 0049 | 03fa 483b 
  0x00000222d0cb8974: 5f20 0f84 | 1a00 0000 | 483b fb0f | 8411 0000 

  0x00000222d0cb8984: ;   {runtime_call slow_subtype_check Runtime1 stub}
  0x00000222d0cb8984: 0057 53e8 | f4f1 bb06 | 5f5f 85ff | 0f84 8e00 

  0x00000222d0cb8994: ;   {metadata(method data for {method} {0x00000222e8e94780} 'dispatchEventImpl' '(Ljava/awt/AWTEvent;Ljava/lang/Object;)V' in 'java/awt/EventQueue')}
  0x00000222d0cb8994: 0000 48bf | a026 31eb | 2202 0000 | 418b 5808 | 49ba 0000 | 0000 0800 | 0000 4903 | da48 3b9f 
  0x00000222d0cb89b4: b001 0000 | 750d 4883 | 87b8 0100 | 0001 e979 | 0000 0048 | 3b9f c001 | 0000 750d | 4883 87c8 
  0x00000222d0cb89d4: 0100 0001 | e963 0000 | 0048 83bf | b001 0000 | 0075 1748 | 899f b001 | 0000 48c7 | 87b8 0100 
  0x00000222d0cb89f4: 0001 0000 | 00e9 4200 | 0000 4883 | bfc0 0100 | 0000 7517 | 4889 9fc0 | 0100 0048 | c787 c801 
  0x00000222d0cb8a14: 0000 0100 | 0000 e921 | 0000 00e9 | 1c00 0000 

  0x00000222d0cb8a24: ;   {metadata(method data for {method} {0x00000222e8e94780} 'dispatchEventImpl' '(Ljava/awt/AWTEvent;Ljava/lang/Object;)V' in 'java/awt/EventQueue')}
  0x00000222d0cb8a24: 48bf a026 | 31eb 2202 | 0000 4883 | afa0 0100 | 0001 e95a | 0600 00e9 | 0000 0000 | 498b d048 
  0x00000222d0cb8a44: 3b02 488b 

  0x00000222d0cb8a48: ;   {metadata(method data for {method} {0x00000222e8e94780} 'dispatchEventImpl' '(Ljava/awt/AWTEvent;Ljava/lang/Object;)V' in 'java/awt/EventQueue')}
  0x00000222d0cb8a48: f248 bfa0 | 2631 eb22 | 0200 008b | 7608 49ba | 0000 0000 | 0800 0000 | 4903 f248 | 3bb7 e801 
  0x00000222d0cb8a68: 0000 750d | 4883 87f0 | 0100 0001 | e960 0000 | 0048 3bb7 | f801 0000 | 750d 4883 | 8700 0200 
  0x00000222d0cb8a88: 0001 e94a | 0000 0048 | 83bf e801 | 0000 0075 | 1748 89b7 | e801 0000 | 48c7 87f0 | 0100 0001 
  0x00000222d0cb8aa8: 0000 00e9 | 2900 0000 | 4883 bff8 | 0100 0000 | 7517 4889 | b7f8 0100 | 0048 c787 | 0002 0000 
  0x00000222d0cb8ac8: 0100 0000 | e908 0000 | 0048 8387 | d801 0000 | 010f 1f40 | 0048 b870 | 5168 f622 

  0x00000222d0cb8ae4: ;   {virtual_call}
  0x00000222d0cb8ae4: 0200 00e8 

  0x00000222d0cb8ae8: ; ImmutableOopMap {}
                      ;*invokeinterface dispatch {reexecute=0 rethrow=0 return_oop=0}
                      ; - java.awt.EventQueue::dispatchEventImpl@21
  0x00000222d0cb8ae8: 24ac bc06 

  0x00000222d0cb8aec: ;   {other}
  0x00000222d0cb8aec: 0f1f 8400 | dc1d 000e 

  0x00000222d0cb8af4: ;   {metadata(method data for {method} {0x00000222e8e94780} 'dispatchEventImpl' '(Ljava/awt/AWTEvent;Ljava/lang/Object;)V' in 'java/awt/EventQueue')}
  0x00000222d0cb8af4: 48ba a026 | 31eb 2202 | 0000 ff82 | 1002 0000 | 4881 c4d0 | 0000 005d 

  0x00000222d0cb8b0c: ;   {poll_return}
  0x00000222d0cb8b0c: 493b a750 | 0400 000f | 878a 0500 | 00c3 660f | 1f44 0000 

  0x00000222d0cb8b20: ;   {no_reloc}
  0x00000222d0cb8b20: e9a3 0500 | 0000 0000 | 0000 e9a3 | 0500 0048 

  0x00000222d0cb8b30: ;   {metadata(method data for {method} {0x00000222e82c5610} 'lookup' '()Ljava/lang/invoke/MethodHandles$Lookup;' in 'java/lang/invoke/MethodHandles')}
  0x00000222d0cb8b30: 8bd0 48be | f037 90e8 | 2202 0000 | 4883 8640 | 0100 0001 

  0x00000222d0cb8b44: ;   {oop("no caller frame"{0x00000007033ef378})}
  0x00000222d0cb8b44: 49b8 78f3 | 3e03 0700 | 0000 488b | d048 8984 | 24c0 0000 | 0066 0f1f 

  0x00000222d0cb8b5c: ;   {optimized virtual_call}
  0x00000222d0cb8b5c: 4400 00e8 

  0x00000222d0cb8b60: ; ImmutableOopMap {[168]=Oop [192]=Oop }
                      ;*invokespecial <init> {reexecute=0 rethrow=0 return_oop=0}
                      ; - java.lang.invoke.MethodHandles::lookup@14
                      ; - sun.awt.AWTAccessor::ensureClassInitialized@0
                      ; - sun.awt.AWTAccessor::getInputEventAccessor@10
                      ; - java.awt.AWTEvent::dispatched@7
                      ; - java.awt.EventQueue::dispatchEventImpl@45
  0x00000222d0cb8b60: 1c5f b006 

  0x00000222d0cb8b64: ;   {other}
  0x00000222d0cb8b64: 0f1f 8400 | 541e 000f | 488b 8424 

  0x00000222d0cb8b70: ; ImmutableOopMap {rax=Oop [168]=Oop }
                      ;*athrow {reexecute=1 rethrow=0 return_oop=0}
                      ; - (reexecute) java.lang.invoke.MethodHandles::lookup@17
                      ; - sun.awt.AWTAccessor::ensureClassInitialized@0
                      ; - sun.awt.AWTAccessor::getInputEventAccessor@10
                      ; - java.awt.AWTEvent::dispatched@7
                      ; - java.awt.EventQueue::dispatchEventImpl@45
  0x00000222d0cb8b70: c000 0000 

  0x00000222d0cb8b74: ;   {section_word}
  0x00000222d0cb8b74: 48ba 748b | cbd0 2202 

  0x00000222d0cb8b7c: ;   {runtime_call handle_exception_nofpu Runtime1 stub}
  0x00000222d0cb8b7c: 0000 e8fd | ddbb 0690 | 498b 8700 | 0500 004d | 33d2 4d89 | 9700 0500 | 004d 33d2 | 4d89 9708 
  0x00000222d0cb8b9c: ;   {oop(a 'java/lang/Class'{0x0000000703972080} = 'sun/awt/AWTAccessor')}
  0x00000222d0cb8b9c: 0500 0048 | be80 2097 | 0307 0000 | 008b b684 | 0000 0048 | c1e6 034c | 8b84 24a8 | 0000 004d 
  0x00000222d0cb8bbc: 85c0 7516 

  0x00000222d0cb8bc0: ;   {metadata(method data for {method} {0x00000222e9125e30} 'dispatched' '()V' in 'java/awt/AWTEvent')}
  0x00000222d0cb8bc0: 48b8 1070 | 31eb 2202 | 0000 8088 | 7101 0000 | 01e9 cf00 

  0x00000222d0cb8bd4: ;   {metadata('java/awt/event/InputEvent')}
  0x00000222d0cb8bd4: 0000 48ba | 5869 1e00 | 0800 0000 | 418b 4008 | 49ba 0000 | 0000 0800 | 0000 4903 | c248 3b50 
  0x00000222d0cb8bf4: 500f 858e 

  0x00000222d0cb8bf8: ;   {metadata(method data for {method} {0x00000222e9125e30} 'dispatched' '()V' in 'java/awt/AWTEvent')}
  0x00000222d0cb8bf8: 0000 0048 | b810 7031 | eb22 0200 | 0041 8b50 | 0849 ba00 | 0000 0008 | 0000 0049 | 03d2 483b 
  0x00000222d0cb8c18: 9088 0100 | 0075 0d48 | 8380 9001 | 0000 01e9 | 7900 0000 | 483b 9098 | 0100 0075 | 0d48 8380 
  0x00000222d0cb8c38: a001 0000 | 01e9 6300 | 0000 4883 | b888 0100 | 0000 7517 | 4889 9088 | 0100 0048 | c780 9001 
  0x00000222d0cb8c58: 0000 0100 | 0000 e942 | 0000 0048 | 83b8 9801 | 0000 0075 | 1748 8990 | 9801 0000 | 48c7 80a0 
  0x00000222d0cb8c78: 0100 0001 | 0000 00e9 | 2100 0000 | e91c 0000 

  0x00000222d0cb8c88: ;   {metadata(method data for {method} {0x00000222e9125e30} 'dispatched' '()V' in 'java/awt/AWTEvent')}
  0x00000222d0cb8c88: 0048 b810 | 7031 eb22 | 0200 0048 | 83a8 7801 | 0000 01e9 | 3f04 0000 | e900 0000 | 0049 8bf8 
  0x00000222d0cb8ca8: 4885 f60f | 8429 0000 

  0x00000222d0cb8cb0: ;   {metadata('java/awt/event/InputEvent$1')}
  0x00000222d0cb8cb0: 0048 b9d0 | 771e 0008 | 0000 008b | 5608 49ba | 0000 0000 | 0800 0000 | 4903 d248 | 3b4a 380f 
  0x00000222d0cb8cd0: 8513 0400 | 00e9 0000 | 0000 488b | de48 3b06 

  0x00000222d0cb8ce0: ;   {metadata(method data for {method} {0x00000222e9125e30} 'dispatched' '()V' in 'java/awt/AWTEvent')}
  0x00000222d0cb8ce0: 48bb 1070 | 31eb 2202 

  0x00000222d0cb8ce8: ;   {metadata('java/awt/event/InputEvent$1')}
  0x00000222d0cb8ce8: 0000 49ba | d077 1e00 | 0800 0000 | 4c89 93c0 | 0100 0048 | 8383 c801 

  0x00000222d0cb8d00: ;   {metadata(method data for {method} {0x00000222e91298d8} 'setCanAccessSystemClipboard' '(Ljava/awt/event/InputEvent;Z)V' in 'java/awt/event/InputEvent$1')}
  0x00000222d0cb8d00: 0000 0148 | beb0 7331 | eb22 0200 | 008b 9ecc | 0000 0083 | c302 899e | cc00 0000 | 81e3 feff 
  0x00000222d0cb8d20: 1f00 85db | 0f84 c803 | 0000 c647 

  0x00000222d0cb8d2c: ;   {metadata(method data for {method} {0x00000222e8e94780} 'dispatchEventImpl' '(Ljava/awt/AWTEvent;Ljava/lang/Object;)V' in 'java/awt/EventQueue')}
  0x00000222d0cb8d2c: 2c00 48be | a026 31eb | 2202 0000 | ff86 2803 | 0000 4881 | c4d0 0000 

  0x00000222d0cb8d44: ;   {poll_return}
  0x00000222d0cb8d44: 005d 493b | a750 0400 | 000f 87c5 | 0300 00c3 

  0x00000222d0cb8d54: ;   {metadata({method} {0x00000222e8e94780} 'dispatchEventImpl' '(Ljava/awt/AWTEvent;Ljava/lang/Object;)V' in 'java/awt/EventQueue')}
  0x00000222d0cb8d54: 49ba 7847 | e9e8 2202 | 0000 4c89 | 5424 0848 | c704 24ff 

  0x00000222d0cb8d68: ;   {runtime_call counter_overflow Runtime1 stub}
  0x00000222d0cb8d68: ffff ffe8 

  0x00000222d0cb8d6c: ; ImmutableOopMap {rdx=Oop r8=Oop r9=Oop [168]=Oop }
                      ;*synchronization entry
                      ; - java.awt.EventQueue::dispatchEventImpl@-1
  0x00000222d0cb8d6c: 1015 bc06 | e939 e4ff 

  0x00000222d0cb8d74: ;   {runtime_call throw_null_pointer_exception Runtime1 stub}
  0x00000222d0cb8d74: ffe8 06c4 

  0x00000222d0cb8d78: ; ImmutableOopMap {rdx=Oop r8=Oop r9=Oop [168]=Oop }
                      ;*putfield isPosted {reexecute=1 rethrow=0 return_oop=0}
                      ; - (reexecute) java.awt.EventQueue::dispatchEventImpl@2
  0x00000222d0cb8d78: bb06 4c89 

  0x00000222d0cb8d7c: ;   {runtime_call throw_class_cast_exception Runtime1 stub}
  0x00000222d0cb8d7c: 0c24 e8fd 

  0x00000222d0cb8d80: ; ImmutableOopMap {r8=Oop [168]=Oop }
                      ;*checkcast {reexecute=0 rethrow=0 return_oop=0}
                      ; - java.awt.EventQueue::dispatchEventImpl@37
                      ;   {runtime_call throw_null_pointer_exception Runtime1 stub}
  0x00000222d0cb8d80: e7bb 06e8 

  0x00000222d0cb8d84: ; ImmutableOopMap {r8=Oop rdx=Oop [168]=Oop }
                      ;*invokevirtual dispatchEvent {reexecute=0 rethrow=0 return_oop=0}
                      ; - java.awt.EventQueue::dispatchEventImpl@41
  0x00000222d0cb8d84: f8c3 bb06 

  0x00000222d0cb8d88: ;   {metadata({method} {0x00000222e910f778} 'dispatchEvent' '(Ljava/awt/AWTEvent;)V' in 'java/awt/Component')}
  0x00000222d0cb8d88: 49ba 70f7 | 10e9 2202 | 0000 4c89 | 5424 0848 | c704 24ff 

  0x00000222d0cb8d9c: ;   {runtime_call counter_overflow Runtime1 stub}
  0x00000222d0cb8d9c: ffff ffe8 

  0x00000222d0cb8da0: ; ImmutableOopMap {r8=Oop rdx=Oop [168]=Oop }
                      ;*synchronization entry
                      ; - java.awt.Component::dispatchEvent@-1
                      ; - java.awt.EventQueue::dispatchEventImpl@41
  0x00000222d0cb8da0: dc14 bc06 | e998 e7ff 

  0x00000222d0cb8da8: ;   {metadata({method} {0x00000222e9125e30} 'dispatched' '()V' in 'java/awt/AWTEvent')}
  0x00000222d0cb8da8: ff49 ba28 | 5e12 e922 | 0200 004c | 8954 2408 | 48c7 0424 | ffff ffff 

  0x00000222d0cb8dc0: ;   {runtime_call counter_overflow Runtime1 stub}
  0x00000222d0cb8dc0: e8bb 14bc 

  0x00000222d0cb8dc4: ; ImmutableOopMap {[168]=Oop }
                      ;*synchronization entry
                      ; - java.awt.AWTEvent::dispatched@-1
                      ; - java.awt.EventQueue::dispatchEventImpl@45
  0x00000222d0cb8dc4: 06e9 eae8 

  0x00000222d0cb8dc8: ;   {metadata({method} {0x00000222e8e9b270} 'getInputEventAccessor' '()Lsun/awt/AWTAccessor$InputEventAccessor;' in 'sun/awt/AWTAccessor')}
  0x00000222d0cb8dc8: ffff 49ba | 68b2 e9e8 | 2202 0000 | 4c89 5424 | 0848 c704 | 24ff ffff 

  0x00000222d0cb8de0: ;   {runtime_call counter_overflow Runtime1 stub}
  0x00000222d0cb8de0: ffe8 9a14 

  0x00000222d0cb8de4: ; ImmutableOopMap {r8=Oop [168]=Oop }
                      ;*synchronization entry
                      ; - sun.awt.AWTAccessor::getInputEventAccessor@-1
                      ; - java.awt.AWTEvent::dispatched@7
                      ; - java.awt.EventQueue::dispatchEventImpl@45
  0x00000222d0cb8de4: bc06 e92e 

  0x00000222d0cb8de8: ;   {metadata({method} {0x00000222e8e9da40} 'ensureClassInitialized' '(Ljava/lang/Class;)V' in 'sun/awt/AWTAccessor')}
  0x00000222d0cb8de8: eaff ff49 | ba38 dae9 | e822 0200 | 004c 8954 | 2408 48c7 | 0424 ffff 

  0x00000222d0cb8e00: ;   {runtime_call counter_overflow Runtime1 stub}
  0x00000222d0cb8e00: ffff e879 

  0x00000222d0cb8e04: ; ImmutableOopMap {[168]=Oop }
                      ;*synchronization entry
                      ; - sun.awt.AWTAccessor::ensureClassInitialized@-1
                      ; - sun.awt.AWTAccessor::getInputEventAccessor@10
                      ; - java.awt.AWTEvent::dispatched@7
                      ; - java.awt.EventQueue::dispatchEventImpl@45
  0x00000222d0cb8e04: 14bc 06e9 | 89ea ffff 

  0x00000222d0cb8e0c: ;   {metadata({method} {0x00000222e82c5610} 'lookup' '()Ljava/lang/invoke/MethodHandles$Lookup;' in 'java/lang/invoke/MethodHandles')}
  0x00000222d0cb8e0c: 49ba 0856 | 2ce8 2202 | 0000 4c89 | 5424 0848 | c704 24ff 

  0x00000222d0cb8e20: ;   {runtime_call counter_overflow Runtime1 stub}
  0x00000222d0cb8e20: ffff ffe8 

  0x00000222d0cb8e24: ; ImmutableOopMap {[168]=Oop }
                      ;*synchronization entry
                      ; - java.lang.invoke.MethodHandles::lookup@-1
                      ; - sun.awt.AWTAccessor::ensureClassInitialized@0
                      ; - sun.awt.AWTAccessor::getInputEventAccessor@10
                      ; - java.awt.AWTEvent::dispatched@7
                      ; - java.awt.EventQueue::dispatchEventImpl@45
  0x00000222d0cb8e24: 5814 bc06 | e9a1 eaff | ff48 8bd2 

  0x00000222d0cb8e30: ;   {runtime_call fast_new_instance Runtime1 stub}
  0x00000222d0cb8e30: e84b ccbb 

  0x00000222d0cb8e34: ; ImmutableOopMap {r8=Oop [168]=Oop }
                      ;*new {reexecute=0 rethrow=0 return_oop=0}
                      ; - java.lang.invoke.MethodHandles::lookup@18
                      ; - sun.awt.AWTAccessor::ensureClassInitialized@0
                      ; - sun.awt.AWTAccessor::getInputEventAccessor@10
                      ; - java.awt.AWTEvent::dispatched@7
                      ; - java.awt.EventQueue::dispatchEventImpl@45
  0x00000222d0cb8e34: 06e9 40eb 

  0x00000222d0cb8e38: ;   {metadata({method} {0x00000222e82d37d0} '<init>' '(Ljava/lang/Class;)V' in 'java/lang/invoke/MethodHandles$Lookup')}
  0x00000222d0cb8e38: ffff 49ba | c837 2de8 | 2202 0000 | 4c89 5424 | 0848 c704 | 24ff ffff 

  0x00000222d0cb8e50: ;   {runtime_call counter_overflow Runtime1 stub}
  0x00000222d0cb8e50: ffe8 2a14 

  0x00000222d0cb8e54: ; ImmutableOopMap {r8=Oop rax=Oop [168]=Oop }
                      ;*synchronization entry
                      ; - java.lang.invoke.MethodHandles$Lookup::<init>@-1
                      ; - java.lang.invoke.MethodHandles::lookup@23
                      ; - sun.awt.AWTAccessor::ensureClassInitialized@0
                      ; - sun.awt.AWTAccessor::getInputEventAccessor@10
                      ; - java.awt.AWTEvent::dispatched@7
                      ; - java.awt.EventQueue::dispatchEventImpl@45
  0x00000222d0cb8e54: bc06 e95d 

  0x00000222d0cb8e58: ;   {metadata({method} {0x00000222e8e93da8} 'noEvents' '()Z' in 'java/awt/EventQueue')}
  0x00000222d0cb8e58: ebff ff49 | baa0 3de9 | e822 0200 | 004c 8954 | 2408 48c7 | 0424 ffff 

  0x00000222d0cb8e70: ;   {runtime_call counter_overflow Runtime1 stub}
  0x00000222d0cb8e70: ffff e809 

  0x00000222d0cb8e74: ; ImmutableOopMap {rdx=Oop }
                      ;*synchronization entry
                      ; - java.awt.EventQueue::noEvents@-1
                      ; - java.awt.EventQueue::dispatchEventImpl@95
  0x00000222d0cb8e74: 14bc 06e9 | 6aef ffff 

  0x00000222d0cb8e7c: ;   {runtime_call throw_null_pointer_exception Runtime1 stub}
  0x00000222d0cb8e7c: e8ff c2bb 

  0x00000222d0cb8e80: ; ImmutableOopMap {rdx=Oop rdi=Oop }
                      ;*aaload {reexecute=0 rethrow=0 return_oop=0}
                      ; - java.awt.EventQueue::noEvents@12
                      ; - java.awt.EventQueue::dispatchEventImpl@95
                      ;   {runtime_call throw_null_pointer_exception Runtime1 stub}
  0x00000222d0cb8e80: 06e8 fac2 

  0x00000222d0cb8e84: ; ImmutableOopMap {rdx=Oop rdi=Oop }
                      ;*aaload {reexecute=0 rethrow=0 return_oop=0}
                      ; - java.awt.EventQueue::noEvents@12
                      ; - java.awt.EventQueue::dispatchEventImpl@95
  0x00000222d0cb8e84: bb06 4889 | 3424 4889 

  0x00000222d0cb8e8c: ;   {runtime_call throw_range_check_failed Runtime1 stub}
  0x00000222d0cb8e8c: 7c24 08e8 

  0x00000222d0cb8e90: ; ImmutableOopMap {rdx=Oop rdi=Oop }
                      ;*aaload {reexecute=0 rethrow=0 return_oop=0}
                      ; - java.awt.EventQueue::noEvents@12
                      ; - java.awt.EventQueue::dispatchEventImpl@95
  0x00000222d0cb8e90: ecb9 bb06 

  0x00000222d0cb8e94: ;   {runtime_call throw_null_pointer_exception Runtime1 stub}
  0x00000222d0cb8e94: e8e7 c2bb 

  0x00000222d0cb8e98: ; ImmutableOopMap {rdx=Oop }
                      ;*getfield head {reexecute=1 rethrow=0 return_oop=0}
                      ; - (reexecute) java.awt.EventQueue::noEvents@13
                      ; - java.awt.EventQueue::dispatchEventImpl@95
                      ;   {metadata({method} {0x00000222e8e93da8} 'noEvents' '()Z' in 'java/awt/EventQueue')}
  0x00000222d0cb8e98: 0649 baa0 | 3de9 e822 | 0200 004c | 8954 2408 | 48c7 0424 | 1800 0000 

  0x00000222d0cb8eb0: ;   {runtime_call counter_overflow Runtime1 stub}
  0x00000222d0cb8eb0: e8cb 13bc 

  0x00000222d0cb8eb4: ; ImmutableOopMap {rdx=Oop }
                      ;*goto {reexecute=1 rethrow=0 return_oop=0}
                      ; - (reexecute) java.awt.EventQueue::noEvents@24
                      ; - java.awt.EventQueue::dispatchEventImpl@95
  0x00000222d0cb8eb4: 06e9 b0ef 

  0x00000222d0cb8eb8: ;   {metadata({method} {0x00000222e8e92db8} 'getEventLog' '()Lsun/util/logging/PlatformLogger;' in 'java/awt/EventQueue')}
  0x00000222d0cb8eb8: ffff 49ba | b02d e9e8 | 2202 0000 | 4c89 5424 | 0848 c704 | 24ff ffff 

  0x00000222d0cb8ed0: ;   {runtime_call counter_overflow Runtime1 stub}
  0x00000222d0cb8ed0: ffe8 aa13 

  0x00000222d0cb8ed4: ; ImmutableOopMap {[168]=Oop }
                      ;*synchronization entry
                      ; - java.awt.EventQueue::getEventLog@-1
                      ; - java.awt.EventQueue::dispatchEventImpl@111
  0x00000222d0cb8ed4: bc06 e958 | f0ff ff41 | 8b50 7848 | c1e2 0348 | 83fa 000f | 84c6 f0ff | ff48 8914 

  0x00000222d0cb8ef0: ;   {runtime_call g1_pre_barrier_slow}
  0x00000222d0cb8ef0: 24e8 8a19 | bc06 e9b8 | f0ff ff48 | 83f8 000f | 84d3 f0ff | ff4c 8904 

  0x00000222d0cb8f08: ;   {runtime_call g1_post_barrier_slow}
  0x00000222d0cb8f08: 24e8 721c | bc06 e9c5 

  0x00000222d0cb8f10: ;   {runtime_call throw_null_pointer_exception Runtime1 stub}
  0x00000222d0cb8f10: f0ff ffe8 

  0x00000222d0cb8f14: ; ImmutableOopMap {r8=Oop [168]=Oop }
                      ;*invokevirtual isLoggable {reexecute=0 rethrow=0 return_oop=0}
                      ; - java.awt.EventQueue::dispatchEventImpl@117
  0x00000222d0cb8f14: 68c2 bb06 

  0x00000222d0cb8f18: ;   {metadata({method} {0x00000222e89b3fb0} 'isLoggable' '(Lsun/util/logging/PlatformLogger$Level;)Z' in 'sun/util/logging/PlatformLogger')}
  0x00000222d0cb8f18: 49ba a83f | 9be8 2202 | 0000 4c89 | 5424 0848 | c704 24ff 

  0x00000222d0cb8f2c: ;   {runtime_call counter_overflow Runtime1 stub}
  0x00000222d0cb8f2c: ffff ffe8 

  0x00000222d0cb8f30: ; ImmutableOopMap {r8=Oop [168]=Oop }
                      ;*synchronization entry
                      ; - sun.util.logging.PlatformLogger::isLoggable@-1
                      ; - java.awt.EventQueue::dispatchEventImpl@117
  0x00000222d0cb8f30: 4c13 bc06 | e901 f1ff 

  0x00000222d0cb8f38: ;   {runtime_call throw_null_pointer_exception Runtime1 stub}
  0x00000222d0cb8f38: ffe8 42c2 

  0x00000222d0cb8f3c: ; ImmutableOopMap {rdx=Oop [168]=Oop }
                      ;*invokeinterface isLoggable {reexecute=0 rethrow=0 return_oop=0}
                      ; - sun.util.logging.PlatformLogger::isLoggable@17
                      ; - java.awt.EventQueue::dispatchEventImpl@117
                      ;   {metadata({method} {0x00000222e8e92db8} 'getEventLog' '()Lsun/util/logging/PlatformLogger;' in 'java/awt/EventQueue')}
  0x00000222d0cb8f3c: bb06 49ba | b02d e9e8 | 2202 0000 | 4c89 5424 | 0848 c704 | 24ff ffff 

  0x00000222d0cb8f54: ;   {runtime_call counter_overflow Runtime1 stub}
  0x00000222d0cb8f54: ffe8 2613 

  0x00000222d0cb8f58: ; ImmutableOopMap {[168]=Oop }
                      ;*synchronization entry
                      ; - java.awt.EventQueue::getEventLog@-1
                      ; - java.awt.EventQueue::dispatchEventImpl@123
  0x00000222d0cb8f58: bc06 e917 | f2ff ff8b | 7278 48c1 | e603 4883 | fe00 0f84 | 8bf2 ffff | 4889 3424 

  0x00000222d0cb8f74: ;   {runtime_call g1_pre_barrier_slow}
  0x00000222d0cb8f74: e807 19bc | 06e9 7df2 | ffff 4883 | f800 0f84 | 98f2 ffff | 4889 1424 

  0x00000222d0cb8f8c: ;   {runtime_call g1_post_barrier_slow}
  0x00000222d0cb8f8c: e8ef 1bbc | 06e9 8af2 

  0x00000222d0cb8f94: ;   {metadata({method} {0x00000222e800e9c0} 'valueOf' '(Ljava/lang/Object;)Ljava/lang/String;' in 'java/lang/String')}
  0x00000222d0cb8f94: ffff 49ba | b8e9 00e8 | 2202 0000 | 4c89 5424 | 0848 c704 | 24ff ffff 

  0x00000222d0cb8fac: ;   {runtime_call counter_overflow Runtime1 stub}
  0x00000222d0cb8fac: ffe8 ce12 

  0x00000222d0cb8fb0: ; ImmutableOopMap {rsi=Oop r8=Oop [168]=Oop [184]=Oop }
                      ;*synchronization entry
                      ; - java.lang.String::valueOf@-1
                      ; - java.awt.EventQueue::dispatchEventImpl@127
  0x00000222d0cb8fb0: bc06 e9c3 | f2ff ff49 | b800 0000 | 0000 0000 | 00b8 000f 

  0x00000222d0cb8fc4: ;   {runtime_call load_appendix_patching Runtime1 stub}
  0x00000222d0cb8fc4: 050a e835 

  0x00000222d0cb8fc8: ; ImmutableOopMap {rdi=Oop [184]=Oop }
                      ;*invokedynamic {reexecute=1 rethrow=0 return_oop=0}
                      ; - (reexecute) java.awt.EventQueue::dispatchEventImpl@130
  0x00000222d0cb8fc8: 0bbc 06e9 | a0f3 ffff 

  0x00000222d0cb8fd0: ;   {runtime_call throw_null_pointer_exception Runtime1 stub}
  0x00000222d0cb8fd0: e8ab c1bb 

  0x00000222d0cb8fd4: ; ImmutableOopMap {rax=Oop rsi=Oop [184]=Oop }
                      ;*invokevirtual fine {reexecute=0 rethrow=0 return_oop=0}
                      ; - java.awt.EventQueue::dispatchEventImpl@135
                      ;   {metadata({method} {0x00000222e89b4b00} 'fine' '(Ljava/lang/String;)V' in 'sun/util/logging/PlatformLogger')}
  0x00000222d0cb8fd4: 0649 baf8 | 4a9b e822 | 0200 004c | 8954 2408 | 48c7 0424 | ffff ffff 

  0x00000222d0cb8fec: ;   {runtime_call counter_overflow Runtime1 stub}
  0x00000222d0cb8fec: e88f 12bc 

  0x00000222d0cb8ff0: ; ImmutableOopMap {rax=Oop rsi=Oop [184]=Oop }
                      ;*synchronization entry
                      ; - sun.util.logging.PlatformLogger::fine@-1
                      ; - java.awt.EventQueue::dispatchEventImpl@135
  0x00000222d0cb8ff0: 06e9 14f4 

  0x00000222d0cb8ff4: ;   {runtime_call throw_null_pointer_exception Runtime1 stub}
  0x00000222d0cb8ff4: ffff e885 

  0x00000222d0cb8ff8: ; ImmutableOopMap {rax=Oop rdx=Oop }
                      ;*invokeinterface log {reexecute=0 rethrow=0 return_oop=0}
                      ; - sun.util.logging.PlatformLogger::fine@12
                      ; - java.awt.EventQueue::dispatchEventImpl@135
                      ;   {internal_word}
  0x00000222d0cb8ff8: c1bb 0649 | bae4 84cb | d022 0200 | 004d 8997 | 6804 0000 

  0x00000222d0cb900c: ;   {runtime_call SafepointBlob}
  0x00000222d0cb900c: e96f c4b0 

  0x00000222d0cb9010: ;   {runtime_call throw_null_pointer_exception Runtime1 stub}
  0x00000222d0cb9010: 06e8 6ac1 

  0x00000222d0cb9014: ; ImmutableOopMap {r8=Oop }
                      ;*invokevirtual stopDispatching {reexecute=0 rethrow=0 return_oop=0}
                      ; - java.awt.EventQueue::dispatchEventImpl@105
                      ;   {metadata({method} {0x00000222e9198d88} 'stopDispatching' '()V' in 'java/awt/EventDispatchThread')}
  0x00000222d0cb9014: bb06 49ba | 808d 19e9 | 2202 0000 | 4c89 5424 | 0848 c704 | 24ff ffff 

  0x00000222d0cb902c: ;   {runtime_call counter_overflow Runtime1 stub}
  0x00000222d0cb902c: ffe8 4e12 

  0x00000222d0cb9030: ; ImmutableOopMap {r8=Oop }
                      ;*synchronization entry
                      ; - java.awt.EventDispatchThread::stopDispatching@-1
                      ; - java.awt.EventQueue::dispatchEventImpl@105
  0x00000222d0cb9030: bc06 e913 

  0x00000222d0cb9034: ;   {internal_word}
  0x00000222d0cb9034: f5ff ff49 | ba72 85cb | d022 0200 | 004d 8997 | 6804 0000 

  0x00000222d0cb9048: ;   {runtime_call SafepointBlob}
  0x00000222d0cb9048: e933 c4b0 | 064c 890c 

  0x00000222d0cb9050: ;   {runtime_call throw_class_cast_exception Runtime1 stub}
  0x00000222d0cb9050: 24e8 2ae5 

  0x00000222d0cb9054: ; ImmutableOopMap {r8=Oop [168]=Oop }
                      ;*checkcast {reexecute=0 rethrow=0 return_oop=0}
                      ; - java.awt.EventQueue::dispatchEventImpl@77
                      ;   {runtime_call throw_null_pointer_exception Runtime1 stub}
  0x00000222d0cb9054: bb06 e825 

  0x00000222d0cb9058: ; ImmutableOopMap {r8=Oop rdx=Oop [168]=Oop }
                      ;*invokevirtual dispatchEvent {reexecute=0 rethrow=0 return_oop=0}
                      ; - java.awt.EventQueue::dispatchEventImpl@81
                      ;   {internal_word}
  0x00000222d0cb9058: c1bb 0649 | ba3d 87cb | d022 0200 | 004d 8997 | 6804 0000 

  0x00000222d0cb906c: ;   {runtime_call SafepointBlob}
  0x00000222d0cb906c: e90f c4b0 | 064c 890c 

  0x00000222d0cb9074: ;   {runtime_call throw_class_cast_exception Runtime1 stub}
  0x00000222d0cb9074: 24e8 06e5 

  0x00000222d0cb9078: ; ImmutableOopMap {r8=Oop [168]=Oop }
                      ;*checkcast {reexecute=0 rethrow=0 return_oop=0}
                      ; - java.awt.EventQueue::dispatchEventImpl@59
                      ;   {runtime_call throw_null_pointer_exception Runtime1 stub}
  0x00000222d0cb9078: bb06 e801 

  0x00000222d0cb907c: ; ImmutableOopMap {r8=Oop rdx=Oop [168]=Oop }
                      ;*invokevirtual dispatchEvent {reexecute=0 rethrow=0 return_oop=0}
                      ; - java.awt.EventQueue::dispatchEventImpl@63
                      ;   {internal_word}
  0x00000222d0cb907c: c1bb 0649 | bafd 88cb | d022 0200 | 004d 8997 | 6804 0000 

  0x00000222d0cb9090: ;   {runtime_call SafepointBlob}
  0x00000222d0cb9090: e9eb c3b0 | 064c 8904 

  0x00000222d0cb9098: ;   {runtime_call throw_class_cast_exception Runtime1 stub}
  0x00000222d0cb9098: 24e8 e2e4 

  0x00000222d0cb909c: ; ImmutableOopMap {}
                      ;*checkcast {reexecute=0 rethrow=0 return_oop=0}
                      ; - java.awt.EventQueue::dispatchEventImpl@18
                      ;   {runtime_call throw_null_pointer_exception Runtime1 stub}
  0x00000222d0cb909c: bb06 e8dd 

  0x00000222d0cb90a0: ; ImmutableOopMap {rdx=Oop }
                      ;*invokeinterface dispatch {reexecute=0 rethrow=0 return_oop=0}
                      ; - java.awt.EventQueue::dispatchEventImpl@21
                      ;   {internal_word}
  0x00000222d0cb90a0: c0bb 0649 | ba0c 8bcb | d022 0200 | 004d 8997 | 6804 0000 

  0x00000222d0cb90b4: ;   {runtime_call SafepointBlob}
  0x00000222d0cb90b4: e9c7 c3b0 

  0x00000222d0cb90b8: ;   {metadata(nullptr)}
  0x00000222d0cb90b8: 0648 ba00 | 0000 0000 | 0000 00b8 | 000f 050a 

  0x00000222d0cb90c8: ;   {runtime_call load_klass_patching Runtime1 stub}
  0x00000222d0cb90c8: e833 01bc 

  0x00000222d0cb90cc: ; ImmutableOopMap {[168]=Oop }
                      ;*new {reexecute=1 rethrow=0 return_oop=0}
                      ; - (reexecute) java.lang.invoke.MethodHandles::lookup@8
                      ; - sun.awt.AWTAccessor::ensureClassInitialized@0
                      ; - sun.awt.AWTAccessor::getInputEventAccessor@10
                      ; - java.awt.AWTEvent::dispatched@7
                      ; - java.awt.EventQueue::dispatchEventImpl@45
  0x00000222d0cb90cc: 06e9 4efa | ffff 488b 

  0x00000222d0cb90d4: ;   {runtime_call new_instance Runtime1 stub}
  0x00000222d0cb90d4: d2e8 a6c6 

  0x00000222d0cb90d8: ; ImmutableOopMap {[168]=Oop }
                      ;*new {reexecute=0 rethrow=0 return_oop=0}
                      ; - java.lang.invoke.MethodHandles::lookup@8
                      ; - sun.awt.AWTAccessor::ensureClassInitialized@0
                      ; - sun.awt.AWTAccessor::getInputEventAccessor@10
                      ; - java.awt.AWTEvent::dispatched@7
                      ; - java.awt.EventQueue::dispatchEventImpl@45
  0x00000222d0cb90d8: bb06 e950 | faff ff4c 

  0x00000222d0cb90e0: ;   {runtime_call throw_class_cast_exception Runtime1 stub}
  0x00000222d0cb90e0: 8904 24e8 

  0x00000222d0cb90e4: ; ImmutableOopMap {rsi=Oop }
                      ;*checkcast {reexecute=0 rethrow=0 return_oop=0}
                      ; - java.awt.AWTEvent::dispatched@11
                      ; - java.awt.EventQueue::dispatchEventImpl@45
  0x00000222d0cb90e4: 98e4 bb06 

  0x00000222d0cb90e8: ;   {runtime_call throw_incompatible_class_change_error Runtime1 stub}
  0x00000222d0cb90e8: e893 e7bb 

  0x00000222d0cb90ec: ; ImmutableOopMap {rsi=Oop rdi=Oop }
                      ;*invokeinterface setCanAccessSystemClipboard {reexecute=0 rethrow=0 return_oop=0}
                      ; - java.awt.AWTEvent::dispatched@15
                      ; - java.awt.EventQueue::dispatchEventImpl@45
                      ;   {runtime_call throw_null_pointer_exception Runtime1 stub}
  0x00000222d0cb90ec: 06e8 8ec0 

  0x00000222d0cb90f0: ; ImmutableOopMap {rsi=Oop rdi=Oop }
                      ;*invokeinterface setCanAccessSystemClipboard {reexecute=0 rethrow=0 return_oop=0}
                      ; - java.awt.AWTEvent::dispatched@15
                      ; - java.awt.EventQueue::dispatchEventImpl@45
                      ;   {metadata({method} {0x00000222e91298d8} 'setCanAccessSystemClipboard' '(Ljava/awt/event/InputEvent;Z)V' in 'java/awt/event/InputEvent$1')}
  0x00000222d0cb90f0: bb06 49ba | d098 12e9 | 2202 0000 | 4c89 5424 | 0848 c704 | 24ff ffff 

  0x00000222d0cb9108: ;   {runtime_call counter_overflow Runtime1 stub}
  0x00000222d0cb9108: ffe8 7211 

  0x00000222d0cb910c: ; ImmutableOopMap {rdi=Oop }
                      ;*synchronization entry
                      ; - java.awt.event.InputEvent$1::setCanAccessSystemClipboard@-1
                      ; - java.awt.AWTEvent::dispatched@15
                      ; - java.awt.EventQueue::dispatchEventImpl@45
  0x00000222d0cb910c: bc06 e917 

  0x00000222d0cb9110: ;   {runtime_call throw_null_pointer_exception Runtime1 stub}
  0x00000222d0cb9110: fcff ffe8 

  0x00000222d0cb9114: ; ImmutableOopMap {}
                      ;*putfield canAccessSystemClipboard {reexecute=1 rethrow=0 return_oop=0}
                      ; - (reexecute) java.awt.event.InputEvent$1::setCanAccessSystemClipboard@2
                      ; - java.awt.AWTEvent::dispatched@15
                      ; - java.awt.EventQueue::dispatchEventImpl@45
  0x00000222d0cb9114: 68c0 bb06 

  0x00000222d0cb9118: ;   {internal_word}
  0x00000222d0cb9118: 49ba 468d | cbd0 2202 | 0000 4d89 | 9768 0400 

  0x00000222d0cb9128: ;   {runtime_call SafepointBlob}
  0x00000222d0cb9128: 00e9 52c3 | b006 498b | 8700 0500 | 0049 c787 | 0005 0000 | 0000 0000 | 49c7 8708 | 0500 0000 
  0x00000222d0cb9148: 0000 0048 | 81c4 d000 

  0x00000222d0cb9150: ;   {runtime_call unwind_exception Runtime1 stub}
  0x00000222d0cb9150: 0000 5de9 | 28b1 bb06 
[Stub Code]
  0x00000222d0cb9158: ;   {no_reloc}
  0x00000222d0cb9158: 0f1f 4400 

  0x00000222d0cb915c: ;   {static_stub}
  0x00000222d0cb915c: 0048 bb00 | 0000 0000 

  0x00000222d0cb9164: ;   {runtime_call nmethod}
  0x00000222d0cb9164: 0000 00e9 | fbff ffff 

  0x00000222d0cb916c: ;   {static_stub}
  0x00000222d0cb916c: 9048 bb00 | 0000 0000 

  0x00000222d0cb9174: ;   {runtime_call nmethod}
  0x00000222d0cb9174: 0000 00e9 | fbff ffff 

  0x00000222d0cb917c: ;   {static_stub}
  0x00000222d0cb917c: 9048 bb00 | 0000 0000 

  0x00000222d0cb9184: ;   {runtime_call nmethod}
  0x00000222d0cb9184: 0000 00e9 | fbff ffff 

  0x00000222d0cb918c: ;   {static_stub}
  0x00000222d0cb918c: 9048 bb00 | 0000 0000 

  0x00000222d0cb9194: ;   {runtime_call nmethod}
  0x00000222d0cb9194: 0000 00e9 | fbff ffff 

  0x00000222d0cb919c: ;   {static_stub}
  0x00000222d0cb919c: 9048 bb00 | 0000 0000 

  0x00000222d0cb91a4: ;   {runtime_call nmethod}
  0x00000222d0cb91a4: 0000 00e9 | fbff ffff 

  0x00000222d0cb91ac: ;   {static_stub}
  0x00000222d0cb91ac: 9048 bb00 | 0000 0000 

  0x00000222d0cb91b4: ;   {runtime_call nmethod}
  0x00000222d0cb91b4: 0000 00e9 | fbff ffff 

  0x00000222d0cb91bc: ;   {static_stub}
  0x00000222d0cb91bc: 9048 bb00 | 0000 0000 

  0x00000222d0cb91c4: ;   {runtime_call nmethod}
  0x00000222d0cb91c4: 0000 00e9 | fbff ffff 

  0x00000222d0cb91cc: ;   {static_stub}
  0x00000222d0cb91cc: 9048 bb00 | 0000 0000 

  0x00000222d0cb91d4: ;   {runtime_call nmethod}
  0x00000222d0cb91d4: 0000 00e9 | fbff ffff 

  0x00000222d0cb91dc: ;   {static_stub}
  0x00000222d0cb91dc: 9048 bb00 | 0000 0000 

  0x00000222d0cb91e4: ;   {runtime_call nmethod}
  0x00000222d0cb91e4: 0000 00e9 | fbff ffff 

  0x00000222d0cb91ec: ;   {static_stub}
  0x00000222d0cb91ec: 48bb 0000 | 0000 0000 

  0x00000222d0cb91f4: ;   {runtime_call nmethod}
  0x00000222d0cb91f4: 0000 e9fb 

  0x00000222d0cb91f8: ;   {static_stub}
  0x00000222d0cb91f8: ffff ff48 | bb00 0000 | 0000 0000 

  0x00000222d0cb9204: ;   {runtime_call nmethod}
  0x00000222d0cb9204: 00e9 fbff 

  0x00000222d0cb9208: ;   {static_stub}
  0x00000222d0cb9208: ffff 48bb | 0000 0000 | 0000 0000 

  0x00000222d0cb9214: ;   {runtime_call nmethod}
  0x00000222d0cb9214: e9fb ffff 

  0x00000222d0cb9218: ;   {static_stub}
  0x00000222d0cb9218: ff48 bb00 | 0000 0000 

  0x00000222d0cb9220: ;   {runtime_call nmethod}
  0x00000222d0cb9220: 0000 00e9 | fbff ffff 

  0x00000222d0cb9228: ;   {static_stub}
  0x00000222d0cb9228: 48bb 0000 | 0000 0000 

  0x00000222d0cb9230: ;   {runtime_call nmethod}
  0x00000222d0cb9230: 0000 e9fb 

  0x00000222d0cb9234: ;   {runtime_call handle_exception_from_callee Runtime1 stub}
  0x00000222d0cb9234: ffff ffe8 | 44dd bb06 

  0x00000222d0cb923c: ;   {external_word}
  0x00000222d0cb923c: 48b9 d061 | f712 fa7f | 0000 4883 

  0x00000222d0cb9248: ;   {runtime_call}
  0x00000222d0cb9248: e4f0 48b8 | 90db c512 | fa7f 0000 

  0x00000222d0cb9254: ;   {section_word}
  0x00000222d0cb9254: ffd0 f449 | ba57 92cb | d022 0200 

  0x00000222d0cb9260: ;   {runtime_call DeoptimizationBlob}
  0x00000222d0cb9260: 0041 52e9 | b8b4 b006 
[/MachCode]


Compiled method (c1) 102415 5881       3       java.awt.EventQueue$4::run (60 bytes)
 total in heap  [0x00000222d0c71b90,0x00000222d0c721c8] = 1592
 relocation     [0x00000222d0c71cf0,0x00000222d0c71d78] = 136
 main code      [0x00000222d0c71d80,0x00000222d0c72008] = 648
 stub code      [0x00000222d0c72008,0x00000222d0c72080] = 120
 metadata       [0x00000222d0c72080,0x00000222d0c72090] = 16
 scopes data    [0x00000222d0c72090,0x00000222d0c720e0] = 80
 scopes pcs     [0x00000222d0c720e0,0x00000222d0c721a0] = 192
 dependencies   [0x00000222d0c721a0,0x00000222d0c721a8] = 8
 nul chk table  [0x00000222d0c721a8,0x00000222d0c721c8] = 32

[Constant Pool (empty)]

[MachCode]
[Entry Point]
  # {method} {0x00000222e91a6b70} 'run' '()Ljava/lang/Void;' in 'java/awt/EventQueue$4'
  #           [sp+0x60]  (sp of caller)
  0x00000222d0c71d80: 448b 5208 | 49bb 0000 | 0000 0800 | 0000 4d03 | d34c 3bd0 

  0x00000222d0c71d94: ;   {runtime_call ic_miss_stub}
  0x00000222d0c71d94: 0f85 e6c9 | b406 660f | 1f44 0000 
[Verified Entry Point]
  0x00000222d0c71da0: 8984 2400 | 80ff ff55 | 4883 ec50 | 4181 7f20 | 0700 0000 

  0x00000222d0c71db4: ;   {runtime_call StubRoutines (final stubs)}
  0x00000222d0c71db4: 7405 e825 

  0x00000222d0c71db8: ;   {metadata(method data for {method} {0x00000222e91a6b70} 'run' '()Ljava/lang/Void;' in 'java/awt/EventQueue$4')}
  0x00000222d0c71db8: 95b3 0648 | be98 1931 | eb22 0200 | 008b becc | 0000 0083 | c702 89be | cc00 0000 | 81e7 fe07 
  0x00000222d0c71dd8: 0000 85ff | 0f84 8f01 | 0000 8b72 | 1448 c1e6 | 038b 7e4c | 48c1 e703 

  0x00000222d0c71df0: ;   {metadata(method data for {method} {0x00000222e91a6b70} 'run' '()Ljava/lang/Void;' in 'java/awt/EventQueue$4')}
  0x00000222d0c71df0: 4885 ff48 | bf98 1931 | eb22 0200 | 0048 c7c3 | 2001 0000 | 7507 48c7 | c310 0100 | 0048 8b04 
  0x00000222d0c71e10: 1f48 8d40 | 0148 8904 | 1f0f 8508 | 0000 0048 | 8bf2 e960 | 0000 0048 | 8954 2428 

  0x00000222d0c71e2c: ;   {metadata(method data for {method} {0x00000222e91a6b70} 'run' '()Ljava/lang/Void;' in 'java/awt/EventQueue$4')}
  0x00000222d0c71e2c: 488b fe48 | bb98 1931 | eb22 0200 | 0048 8383 | 3001 0000 | 0148 8bd6 

  0x00000222d0c71e44: ;   {optimized virtual_call}
  0x00000222d0c71e44: 6666 90e8 

  0x00000222d0c71e48: ; ImmutableOopMap {[40]=Oop }
                      ;*invokevirtual isDispatchThreadImpl {reexecute=0 rethrow=0 return_oop=0}
                      ; - java.awt.EventQueue$4::run@14
  0x00000222d0c71e48: 34cc b406 

  0x00000222d0c71e4c: ;   {other}
  0x00000222d0c71e4c: 0f1f 8400 | bc02 0000 

  0x00000222d0c71e54: ;   {metadata(method data for {method} {0x00000222e91a6b70} 'run' '()Ljava/lang/Void;' in 'java/awt/EventQueue$4')}
  0x00000222d0c71e54: 85c0 49b8 | 9819 31eb | 2202 0000 | 49c7 c168 | 0100 0074 | 0749 c7c1 | 7801 0000 | 4b8b 1408 
  0x00000222d0c71e74: 488d 5201 | 4b89 1408 | 488b 7424 | 280f 8452 | 0000 008b | 5614 48c1 | e203 448b | 460c 49c1 
  0x00000222d0c71e94: e003 448b | 4e10 49c1 | e103 483b | 0248 8bf2 

  0x00000222d0c71ea4: ;   {metadata(method data for {method} {0x00000222e91a6b70} 'run' '()Ljava/lang/Void;' in 'java/awt/EventQueue$4')}
  0x00000222d0c71ea4: 48bf 9819 | 31eb 2202 | 0000 4883 | 8788 0100 

  0x00000222d0c71eb4: ;   {optimized virtual_call}
  0x00000222d0c71eb4: 0001 90e8 

  0x00000222d0c71eb8: ; ImmutableOopMap {}
                      ;*invokevirtual dispatchEventImpl {reexecute=0 rethrow=0 return_oop=0}
                      ; - java.awt.EventQueue$4::run@32
  0x00000222d0c71eb8: a452 0400 

  0x00000222d0c71ebc: ;   {other}
  0x00000222d0c71ebc: 0f1f 8400 | 2c03 0001 

  0x00000222d0c71ec4: ;   {metadata(method data for {method} {0x00000222e91a6b70} 'run' '()Ljava/lang/Void;' in 'java/awt/EventQueue$4')}
  0x00000222d0c71ec4: 48ba 9819 | 31eb 2202 | 0000 ff82 | c001 0000 | e97b 0000 | 008b 5614 | 48c1 e203 

  0x00000222d0c71ee0: ; implicit exception: dispatches to 0x00000222d0c71f9c
  0x00000222d0c71ee0: 8b7a 4c48 | c1e7 0390 

  0x00000222d0c71ee8: ;   {no_reloc}
  0x00000222d0c71ee8: e9c3 0000 | 0000 0000 | 0000 e9c3 | 0000 004c 

  0x00000222d0c71ef8: ;   {metadata(method data for {method} {0x00000222e91a6b70} 'run' '()Ljava/lang/Void;' in 'java/awt/EventQueue$4')}
  0x00000222d0c71ef8: 8bc0 48ba | 9819 31eb | 2202 0000 | 4883 82d8 | 0100 0001 | 4c8b c648 | 8bd0 4889 | 7c24 3848 
  0x00000222d0c71f18: 8944 2430 

  0x00000222d0c71f1c: ;   {optimized virtual_call}
  0x00000222d0c71f1c: 6666 90e8 

  0x00000222d0c71f20: ; ImmutableOopMap {[48]=Oop [56]=Oop }
                      ;*invokespecial <init> {reexecute=0 rethrow=0 return_oop=0}
                      ; - java.awt.EventQueue$4::run@50
  0x00000222d0c71f20: 5ccb b406 

  0x00000222d0c71f24: ;   {other}
  0x00000222d0c71f24: 0f1f 8400 | 9403 0002 | 4c8b 4424 | 3048 8b54 | 2438 0f1f | 8000 0000 | 0048 b8ff | ffff ffff 
  0x00000222d0c71f44: ;   {virtual_call}
  0x00000222d0c71f44: ffff ffe8 

  0x00000222d0c71f48: ; ImmutableOopMap {}
                      ;*invokeinterface scheduleDispatch {reexecute=0 rethrow=0 return_oop=0}
                      ; - java.awt.EventQueue$4::run@53
  0x00000222d0c71f48: 34ce b406 

  0x00000222d0c71f4c: ;   {other}
  0x00000222d0c71f4c: 0f1f 8400 | bc03 0003 

  0x00000222d0c71f54: ;   {oop(nullptr)}
  0x00000222d0c71f54: 48b8 0000 | 0000 0000 | 0000 4883 

  0x00000222d0c71f60: ;   {poll_return}
  0x00000222d0c71f60: c450 5d49 | 3ba7 5004 | 0000 0f87 | 5700 0000 

  0x00000222d0c71f70: ;   {metadata({method} {0x00000222e91a6b70} 'run' '()Ljava/lang/Void;' in 'java/awt/EventQueue$4')}
  0x00000222d0c71f70: c349 ba68 | 6b1a e922 | 0200 004c | 8954 2408 | 48c7 0424 | ffff ffff 

  0x00000222d0c71f88: ;   {runtime_call counter_overflow Runtime1 stub}
  0x00000222d0c71f88: e8f3 82c0 

  0x00000222d0c71f8c: ; ImmutableOopMap {rdx=Oop }
                      ;*synchronization entry
                      ; - java.awt.EventQueue$4::run@-1
  0x00000222d0c71f8c: 06e9 50fe 

  0x00000222d0c71f90: ;   {runtime_call throw_null_pointer_exception Runtime1 stub}
  0x00000222d0c71f90: ffff e8e9 

  0x00000222d0c71f94: ; ImmutableOopMap {rdx=Oop rsi=Oop }
                      ;*getfield fwDispatcher {reexecute=1 rethrow=0 return_oop=0}
                      ; - (reexecute) java.awt.EventQueue$4::run@4
                      ;   {runtime_call throw_null_pointer_exception Runtime1 stub}
  0x00000222d0c71f94: 31c0 06e8 

  0x00000222d0c71f98: ; ImmutableOopMap {rdx=Oop r8=Oop r9=Oop }
                      ;*invokevirtual dispatchEventImpl {reexecute=0 rethrow=0 return_oop=0}
                      ; - java.awt.EventQueue$4::run@32
  0x00000222d0c71f98: e431 c006 

  0x00000222d0c71f9c: ;   {runtime_call throw_null_pointer_exception Runtime1 stub}
  0x00000222d0c71f9c: e8df 31c0 

  0x00000222d0c71fa0: ; ImmutableOopMap {rsi=Oop }
                      ;*getfield fwDispatcher {reexecute=1 rethrow=0 return_oop=0}
                      ; - (reexecute) java.awt.EventQueue$4::run@42
                      ;   {metadata(nullptr)}
  0x00000222d0c71fa0: 0648 ba00 | 0000 0000 | 0000 00b8 | 000f 050a 

  0x00000222d0c71fb0: ;   {runtime_call load_klass_patching Runtime1 stub}
  0x00000222d0c71fb0: e84b 72c0 

  0x00000222d0c71fb4: ; ImmutableOopMap {rsi=Oop rdi=Oop }
                      ;*new {reexecute=1 rethrow=0 return_oop=0}
                      ; - (reexecute) java.awt.EventQueue$4::run@45
  0x00000222d0c71fb4: 06e9 2eff | ffff 488b 

  0x00000222d0c71fbc: ;   {runtime_call new_instance Runtime1 stub}
  0x00000222d0c71fbc: d2e8 be37 

  0x00000222d0c71fc0: ; ImmutableOopMap {rsi=Oop rdi=Oop }
                      ;*new {reexecute=0 rethrow=0 return_oop=0}
                      ; - java.awt.EventQueue$4::run@45
  0x00000222d0c71fc0: c006 e930 

  0x00000222d0c71fc4: ;   {internal_word}
  0x00000222d0c71fc4: ffff ff49 | ba63 1fc7 | d022 0200 | 004d 8997 | 6804 0000 

  0x00000222d0c71fd8: ;   {runtime_call SafepointBlob}
  0x00000222d0c71fd8: e9a3 34b5 | 0649 8b87 | 0005 0000 | 49c7 8700 | 0500 0000 | 0000 0049 | c787 0805 | 0000 0000 
  0x00000222d0c71ff8: 0000 4883 

  0x00000222d0c71ffc: ;   {runtime_call unwind_exception Runtime1 stub}
  0x00000222d0c71ffc: c450 5de9 | 7c22 c006 | f4f4 f4f4 
[Stub Code]
  0x00000222d0c72008: ;   {no_reloc}
  0x00000222d0c72008: 0f1f 4400 

  0x00000222d0c7200c: ;   {static_stub}
  0x00000222d0c7200c: 0048 bb00 | 0000 0000 

  0x00000222d0c72014: ;   {runtime_call nmethod}
  0x00000222d0c72014: 0000 00e9 | fbff ffff 

  0x00000222d0c7201c: ;   {static_stub}
  0x00000222d0c7201c: 9048 bb00 | 0000 0000 

  0x00000222d0c72024: ;   {runtime_call nmethod}
  0x00000222d0c72024: 0000 00e9 | fbff ffff 

  0x00000222d0c7202c: ;   {static_stub}
  0x00000222d0c7202c: 48bb 0000 | 0000 0000 

  0x00000222d0c72034: ;   {runtime_call nmethod}
  0x00000222d0c72034: 0000 e9fb 

  0x00000222d0c72038: ;   {static_stub}
  0x00000222d0c72038: ffff ff48 | bb78 47e9 | e822 0200 

  0x00000222d0c72044: ;   {runtime_call I2C/C2I adapters}
  0x00000222d0c72044: 00e9 218e 

  0x00000222d0c72048: ;   {runtime_call handle_exception_from_callee Runtime1 stub}
  0x00000222d0c72048: b406 e831 

  0x00000222d0c7204c: ;   {external_word}
  0x00000222d0c7204c: 4fc0 0648 | b9d0 61f7 | 12fa 7f00 | 0048 83e4 

  0x00000222d0c7205c: ;   {runtime_call}
  0x00000222d0c7205c: f048 b890 | dbc5 12fa | 7f00 00ff 

  0x00000222d0c72068: ;   {section_word}
  0x00000222d0c72068: d0f4 49ba | 6a20 c7d0 | 2202 0000 

  0x00000222d0c72074: ;   {runtime_call DeoptimizationBlob}
  0x00000222d0c72074: 4152 e9a5 | 26b5 06f4 | f4f4 f4f4 
[/MachCode]


Compiled method (c1) 102431 5880       3       java.awt.EventQueue$4::run (5 bytes)
 total in heap  [0x00000222d0c71810,0x00000222d0c71b70] = 864
 relocation     [0x00000222d0c71970,0x00000222d0c719b0] = 64
 main code      [0x00000222d0c719c0,0x00000222d0c71ab8] = 248
 stub code      [0x00000222d0c71ab8,0x00000222d0c71b00] = 72
 metadata       [0x00000222d0c71b00,0x00000222d0c71b10] = 16
 scopes data    [0x00000222d0c71b10,0x00000222d0c71b28] = 24
 scopes pcs     [0x00000222d0c71b28,0x00000222d0c71b68] = 64
 dependencies   [0x00000222d0c71b68,0x00000222d0c71b70] = 8

[Constant Pool (empty)]

[MachCode]
[Entry Point]
  # {method} {0x00000222e91a6c30} 'run' '()Ljava/lang/Object;' in 'java/awt/EventQueue$4'
  #           [sp+0x30]  (sp of caller)
  0x00000222d0c719c0: 448b 5208 | 49bb 0000 | 0000 0800 | 0000 4d03 | d34c 3bd0 

  0x00000222d0c719d4: ;   {runtime_call ic_miss_stub}
  0x00000222d0c719d4: 0f85 a6cd | b406 660f | 1f44 0000 
[Verified Entry Point]
  0x00000222d0c719e0: 8984 2400 | 80ff ff55 | 4883 ec20 | 4181 7f20 | 0700 0000 

  0x00000222d0c719f4: ;   {runtime_call StubRoutines (final stubs)}
  0x00000222d0c719f4: 7405 e8e5 

  0x00000222d0c719f8: ;   {metadata(method data for {method} {0x00000222e91a6c30} 'run' '()Ljava/lang/Object;' in 'java/awt/EventQueue$4')}
  0x00000222d0c719f8: 98b3 0648 | be10 1831 | eb22 0200 | 008b becc | 0000 0083 | c702 89be | cc00 0000 | 81e7 fe07 
  0x00000222d0c71a18: 0000 85ff | 0f84 3500 | 0000 488b 

  0x00000222d0c71a24: ;   {metadata(method data for {method} {0x00000222e91a6c30} 'run' '()Ljava/lang/Object;' in 'java/awt/EventQueue$4')}
  0x00000222d0c71a24: f248 bf10 | 1831 eb22 | 0200 0048 | 8387 2801 

  0x00000222d0c71a34: ;   {optimized virtual_call}
  0x00000222d0c71a34: 0000 01e8 

  0x00000222d0c71a38: ; ImmutableOopMap {}
                      ;*invokevirtual run {reexecute=0 rethrow=0 return_oop=0}
                      ; - java.awt.EventQueue$4::run@1
  0x00000222d0c71a38: 6403 0000 

  0x00000222d0c71a3c: ;   {other}
  0x00000222d0c71a3c: 0f1f 8400 | 2c02 0000 | 4883 c420 

  0x00000222d0c71a48: ;   {poll_return}
  0x00000222d0c71a48: 5d49 3ba7 | 5004 0000 | 0f87 1f00 

  0x00000222d0c71a54: ;   {metadata({method} {0x00000222e91a6c30} 'run' '()Ljava/lang/Object;' in 'java/awt/EventQueue$4')}
  0x00000222d0c71a54: 0000 c349 | ba28 6c1a | e922 0200 | 004c 8954 | 2408 48c7 | 0424 ffff 

  0x00000222d0c71a6c: ;   {runtime_call counter_overflow Runtime1 stub}
  0x00000222d0c71a6c: ffff e80d 

  0x00000222d0c71a70: ; ImmutableOopMap {rdx=Oop }
                      ;*synchronization entry
                      ; - java.awt.EventQueue$4::run@-1
  0x00000222d0c71a70: 88c0 06eb 

  0x00000222d0c71a74: ;   {internal_word}
  0x00000222d0c71a74: ad49 ba49 | 1ac7 d022 | 0200 004d | 8997 6804 

  0x00000222d0c71a84: ;   {runtime_call SafepointBlob}
  0x00000222d0c71a84: 0000 e9f5 | 39b5 0649 | 8b87 0005 | 0000 49c7 | 8700 0500 | 0000 0000 | 0049 c787 | 0805 0000 
  0x00000222d0c71aa4: 0000 0000 | 4883 c420 

  0x00000222d0c71aac: ;   {runtime_call unwind_exception Runtime1 stub}
  0x00000222d0c71aac: 5de9 ce27 | c006 f4f4 | f4f4 f4f4 
[Stub Code]
  0x00000222d0c71ab8: ;   {no_reloc}
  0x00000222d0c71ab8: 0f1f 4400 

  0x00000222d0c71abc: ;   {static_stub}
  0x00000222d0c71abc: 0048 bb00 | 0000 0000 

  0x00000222d0c71ac4: ;   {runtime_call nmethod}
  0x00000222d0c71ac4: 0000 00e9 | fbff ffff 
[Exception Handler]
  0x00000222d0c71acc: ;   {runtime_call handle_exception_from_callee Runtime1 stub}
  0x00000222d0c71acc: e8af 54c0 

  0x00000222d0c71ad0: ;   {external_word}
  0x00000222d0c71ad0: 0648 b9d0 | 61f7 12fa | 7f00 0048 

  0x00000222d0c71adc: ;   {runtime_call}
  0x00000222d0c71adc: 83e4 f048 | b890 dbc5 | 12fa 7f00 | 00ff d0f4 
[Deopt Handler Code]
  0x00000222d0c71aec: ;   {section_word}
  0x00000222d0c71aec: 49ba ec1a | c7d0 2202 | 0000 4152 

  0x00000222d0c71af8: ;   {runtime_call DeoptimizationBlob}
  0x00000222d0c71af8: e923 2cb5 | 06f4 f4f4 
[/MachCode]


---------------  P R O C E S S  ---------------

Threads class SMR info:
_java_thread_list=0x00000222ee8beb90, length=31, elements={
0x00000222cd113c40, 0x00000222e70e2950, 0x00000222e70eca30, 0x00000222e70fe5c0,
0x00000222e7107140, 0x00000222e7107fb0, 0x00000222e7108a10, 0x00000222e7109470,
0x00000222e71105d0, 0x00000222e71198b0, 0x00000222ec04f000, 0x00000222ec22bd90,
0x00000222ec4e33e0, 0x00000222ec4f04f0, 0x00000222ec52ac80, 0x00000222ec683070,
0x00000222ec699040, 0x00000222ec70a360, 0x00000222ec628e90, 0x00000222ec62a240,
0x00000222ec629bb0, 0x00000222ec627ae0, 0x00000222ec629520, 0x00000222ec62af60,
0x00000222ec628170, 0x00000222ec62a8d0, 0x00000222ecd882d0, 0x00000222ecd8d820,
0x00000222ecd8f260, 0x00000222f7256ea0, 0x00000222f4e32080
}

Java Threads: ( => current thread )
  0x00000222cd113c40 JavaThread "main"                              [_thread_blocked, id=31164, stack(0x00000089bd100000,0x00000089bd200000) (1024K)]
  0x00000222e70e2950 JavaThread "Common-Cleaner"             daemon [_thread_blocked, id=31384, stack(0x00000089bd900000,0x00000089bda00000) (1024K)]
  0x00000222e70eca30 JavaThread "Reference Handler"          daemon [_thread_blocked, id=1732, stack(0x00000089bda00000,0x00000089bdb00000) (1024K)]
  0x00000222e70fe5c0 JavaThread "Finalizer"                  daemon [_thread_blocked, id=33952, stack(0x00000089bdb00000,0x00000089bdc00000) (1024K)]
  0x00000222e7107140 JavaThread "Signal Dispatcher"          daemon [_thread_blocked, id=11780, stack(0x00000089bdc00000,0x00000089bdd00000) (1024K)]
  0x00000222e7107fb0 JavaThread "Attach Listener"            daemon [_thread_blocked, id=12552, stack(0x00000089bdd00000,0x00000089bde00000) (1024K)]
  0x00000222e7108a10 JavaThread "Service Thread"             daemon [_thread_blocked, id=24596, stack(0x00000089bde00000,0x00000089bdf00000) (1024K)]
  0x00000222e7109470 JavaThread "Monitor Deflation Thread"   daemon [_thread_blocked, id=13628, stack(0x00000089bdf00000,0x00000089be000000) (1024K)]
  0x00000222e71105d0 JavaThread "C2 CompilerThread0"         daemon [_thread_blocked, id=25300, stack(0x00000089be000000,0x00000089be100000) (1024K)]
  0x00000222e71198b0 JavaThread "C1 CompilerThread0"         daemon [_thread_blocked, id=16236, stack(0x00000089be100000,0x00000089be200000) (1024K)]
  0x00000222ec04f000 JavaThread "DevTools: Stderr"           daemon [_thread_in_native, id=33008, stack(0x00000089be300000,0x00000089be400000) (1024K)]
  0x00000222ec22bd90 JavaThread "Hot Reload Main"            daemon [_thread_blocked, id=34952, stack(0x00000089be400000,0x00000089be500000) (1024K)]
  0x00000222ec4e33e0 JavaThread "Orchestration IO: Writer"   daemon [_thread_blocked, id=32752, stack(0x00000089be500000,0x00000089be600000) (1024K)]
  0x00000222ec4f04f0 JavaThread "Orchestration IO: Reader"   daemon [_thread_in_native, id=36644, stack(0x00000089be600000,0x00000089be700000) (1024K)]
  0x00000222ec52ac80 JavaThread "Logger"                     daemon [_thread_blocked, id=3200, stack(0x00000089be700000,0x00000089be800000) (1024K)]
  0x00000222ec683070 JavaThread "Notification Thread"        daemon [_thread_blocked, id=37692, stack(0x00000089bed00000,0x00000089bee00000) (1024K)]
  0x00000222ec699040 JavaThread "Compose Runtime Analyzer"   daemon [_thread_blocked, id=11300, stack(0x00000089bee00000,0x00000089bef00000) (1024K)]
  0x00000222ec70a360 JavaThread "Java2D Disposer"            daemon [_thread_blocked, id=34584, stack(0x00000089bf000000,0x00000089bf100000) (1024K)]
  0x00000222ec628e90 JavaThread "AWT-Shutdown"                      [_thread_blocked, id=21192, stack(0x00000089bf100000,0x00000089bf200000) (1024K)]
  0x00000222ec62a240 JavaThread "AWT-Windows"                daemon [_thread_in_native, id=37600, stack(0x00000089bf200000,0x00000089bf300000) (1024K)]
=>0x00000222ec629bb0 JavaThread "AWT-EventQueue-0"                  [_thread_in_native, id=12592, stack(0x00000089be200000,0x00000089be300000) (1024K)]
  0x00000222ec627ae0 JavaThread "TimerQueue"                 daemon [_thread_blocked, id=31532, stack(0x00000089bf700000,0x00000089bf800000) (1024K)]
  0x00000222ec629520 JavaThread "DefaultDispatcher-worker-1" daemon [_thread_blocked, id=19036, stack(0x00000089bf800000,0x00000089bf900000) (1024K)]
  0x00000222ec62af60 JavaThread "DefaultDispatcher-worker-2" daemon [_thread_blocked, id=26240, stack(0x00000089bf900000,0x00000089bfa00000) (1024K)]
  0x00000222ec628170 JavaThread "DefaultDispatcher-worker-3" daemon [_thread_blocked, id=4548, stack(0x00000089bfa00000,0x00000089bfb00000) (1024K)]
  0x00000222ec62a8d0 JavaThread "kotlinx.coroutines.DefaultExecutor" daemon [_thread_blocked, id=37084, stack(0x00000089bfb00000,0x00000089bfc00000) (1024K)]
  0x00000222ecd882d0 JavaThread "Reference Cleaner"          daemon [_thread_blocked, id=25128, stack(0x00000089bfc00000,0x00000089bfd00000) (1024K)]
  0x00000222ecd8d820 JavaThread "OkHttp TaskRunner"          daemon [_thread_blocked, id=13572, stack(0x00000089c0600000,0x00000089c0700000) (1024K)]
  0x00000222ecd8f260 JavaThread "OkHttp ConnectionPool connection closer" daemon [_thread_blocked, id=35040, stack(0x00000089c0900000,0x00000089c0a00000) (1024K)]
  0x00000222f7256ea0 JavaThread "DefaultDispatcher-worker-4" daemon [_thread_blocked, id=18256, stack(0x00000089c0c00000,0x00000089c0d00000) (1024K)]
  0x00000222f4e32080 JavaThread "skiko-dispatcher-to-block-on" daemon [_thread_blocked, id=3168, stack(0x00000089bd000000,0x00000089bd100000) (1024K)]
Total: 31

Other Threads:
  0x00000222e706d370 VMThread "VM Thread"                           [id=36856, stack(0x00000089bd800000,0x00000089bd900000) (1024K)]
  0x00000222e699c8c0 WatcherThread "VM Periodic Task Thread"        [id=9160, stack(0x00000089bd700000,0x00000089bd800000) (1024K)]
  0x00000222cd17d7d0 WorkerThread "GC Thread#0"                     [id=36432, stack(0x00000089bd200000,0x00000089bd300000) (1024K)]
  0x00000222ec5d4d90 WorkerThread "GC Thread#1"                     [id=34568, stack(0x00000089be800000,0x00000089be900000) (1024K)]
  0x00000222ec5d2f30 WorkerThread "GC Thread#2"                     [id=37400, stack(0x00000089be900000,0x00000089bea00000) (1024K)]
  0x00000222ec5d32e0 WorkerThread "GC Thread#3"                     [id=3192, stack(0x00000089bea00000,0x00000089beb00000) (1024K)]
  0x00000222ec5d3690 WorkerThread "GC Thread#4"                     [id=25232, stack(0x00000089beb00000,0x00000089bec00000) (1024K)]
  0x00000222ec5d3a40 WorkerThread "GC Thread#5"                     [id=23892, stack(0x00000089bec00000,0x00000089bed00000) (1024K)]
  0x00000222ec7835b0 WorkerThread "GC Thread#6"                     [id=12024, stack(0x00000089bf300000,0x00000089bf400000) (1024K)]
  0x00000222ec784470 WorkerThread "GC Thread#7"                     [id=12492, stack(0x00000089bf400000,0x00000089bf500000) (1024K)]
  0x00000222cd18e3e0 ConcurrentGCThread "G1 Main Marker"            [id=19404, stack(0x00000089bd300000,0x00000089bd400000) (1024K)]
  0x00000222cd191c50 WorkerThread "G1 Conc#0"                       [id=33492, stack(0x00000089bd400000,0x00000089bd500000) (1024K)]
  0x00000222ec783960 WorkerThread "G1 Conc#1"                       [id=36412, stack(0x00000089bf500000,0x00000089bf600000) (1024K)]
  0x00000222e685dfe0 ConcurrentGCThread "G1 Refine#0"               [id=26560, stack(0x00000089bd500000,0x00000089bd600000) (1024K)]
  0x00000222e685e810 ConcurrentGCThread "G1 Service"                [id=35128, stack(0x00000089bd600000,0x00000089bd700000) (1024K)]
Total: 15

Threads with active compile tasks:
Total: 0

VM state: not at safepoint (normal execution)

VM Mutex/Monitor currently owned by a thread: None

Heap address: 0x0000000702e00000, size: 4050 MB, Compressed Oops mode: Zero based, Oop shift amount: 3

CDS archive(s) not mapped
Compressed class space mapped at: 0x0000000800000000-0x0000000840000000, reserved size: 1073741824
Narrow klass base: 0x0000000800000000, Narrow klass shift: 0, Narrow klass range: 0x40000000

GC Precious Log:
 CardTable entry size: 512
 Card Set container configuration: InlinePtr #cards 4 size 8 Array Of Cards #cards 16 size 48 Howl #buckets 8 coarsen threshold 3686 Howl Bitmap #cards 512 size 80 coarsen threshold 460 Card regions per heap region 1 cards per card region 4096
 CPUs: 8 total, 8 available
 Memory: 16198M
 Large Page Support: Disabled
 NUMA Support: Disabled
 Compressed Oops: Enabled (Zero based)
 Heap Region Size: 2M
 Heap Min Capacity: 8M
 Heap Initial Capacity: 254M
 Heap Max Capacity: 4050M
 Pre-touch: Disabled
 Parallel Workers: 8
 Concurrent Workers: 2
 Concurrent Refinement Workers: 8
 Periodic GC: Disabled

Heap:
 garbage-first heap   total 122880K, used 100922K [0x0000000702e00000, 0x0000000800000000)
  region size 2048K, 34 young (69632K), 4 survivors (8192K)
 Metaspace       used 66834K, committed 67584K, reserved 1114112K
  class space    used 7166K, committed 7488K, reserved 1048576K

Heap Regions: E=young(eden), S=young(survivor), O=old, HS=humongous(starts), HC=humongous(continues), CS=collection set, F=free, TAMS=top-at-mark-start, PB=parsable bottom
|   0|0x0000000702e00000, 0x0000000703000000, 0x0000000703000000|100%|HS|  |TAMS 0x0000000702e00000| PB 0x0000000702e00000| Complete 
|   1|0x0000000703000000, 0x0000000703200000, 0x0000000703200000|100%| O|  |TAMS 0x0000000703000000| PB 0x0000000703000000| Untracked 
|   2|0x0000000703200000, 0x0000000703400000, 0x0000000703400000|100%| O|  |TAMS 0x0000000703200000| PB 0x0000000703200000| Untracked 
|   3|0x0000000703400000, 0x0000000703600000, 0x0000000703600000|100%| O|  |TAMS 0x0000000703400000| PB 0x0000000703400000| Untracked 
|   4|0x0000000703600000, 0x0000000703800000, 0x0000000703800000|100%| O|  |TAMS 0x0000000703600000| PB 0x0000000703600000| Untracked 
|   5|0x0000000703800000, 0x0000000703a00000, 0x0000000703a00000|100%| O|  |TAMS 0x0000000703800000| PB 0x0000000703800000| Untracked 
|   6|0x0000000703a00000, 0x0000000703c00000, 0x0000000703c00000|100%| O|  |TAMS 0x0000000703a00000| PB 0x0000000703a00000| Untracked 
|   7|0x0000000703c00000, 0x0000000703e00000, 0x0000000703e00000|100%|HS|  |TAMS 0x0000000703c00000| PB 0x0000000703c00000| Complete 
|   8|0x0000000703e00000, 0x0000000704000000, 0x0000000704000000|100%|HC|  |TAMS 0x0000000703e00000| PB 0x0000000703e00000| Complete 
|   9|0x0000000704000000, 0x0000000704200000, 0x0000000704200000|100%| O|  |TAMS 0x0000000704000000| PB 0x0000000704000000| Untracked 
|  10|0x0000000704200000, 0x0000000704400000, 0x0000000704400000|100%| O|  |TAMS 0x0000000704200000| PB 0x0000000704200000| Untracked 
|  11|0x0000000704400000, 0x0000000704600000, 0x0000000704600000|100%| O|  |TAMS 0x0000000704400000| PB 0x0000000704400000| Untracked 
|  12|0x0000000704600000, 0x0000000704800000, 0x0000000704800000|100%| O|  |TAMS 0x0000000704600000| PB 0x0000000704600000| Untracked 
|  13|0x0000000704800000, 0x000000070488ebc0, 0x0000000704a00000| 27%| O|Cm|TAMS 0x0000000704800000| PB 0x0000000704800000| Complete 
|  14|0x0000000704a00000, 0x0000000704c00000, 0x0000000704c00000|100%|HS|  |TAMS 0x0000000704a00000| PB 0x0000000704a00000| Complete 
|  15|0x0000000704c00000, 0x0000000704e00000, 0x0000000704e00000|100%|HC|  |TAMS 0x0000000704c00000| PB 0x0000000704c00000| Complete 
|  16|0x0000000704e00000, 0x0000000705000000, 0x0000000705000000|100%|HC|  |TAMS 0x0000000704e00000| PB 0x0000000704e00000| Complete 
|  17|0x0000000705000000, 0x0000000705200000, 0x0000000705200000|100%|HC|  |TAMS 0x0000000705000000| PB 0x0000000705000000| Complete 
|  18|0x0000000705200000, 0x0000000705200000, 0x0000000705400000|  0%| F|  |TAMS 0x0000000705200000| PB 0x0000000705200000| Untracked 
|  19|0x0000000705400000, 0x0000000705400000, 0x0000000705600000|  0%| F|  |TAMS 0x0000000705400000| PB 0x0000000705400000| Untracked 
|  20|0x0000000705600000, 0x0000000705600000, 0x0000000705800000|  0%| F|  |TAMS 0x0000000705600000| PB 0x0000000705600000| Untracked 
|  21|0x0000000705800000, 0x0000000705800000, 0x0000000705a00000|  0%| F|  |TAMS 0x0000000705800000| PB 0x0000000705800000| Untracked 
|  22|0x0000000705a00000, 0x0000000705a00000, 0x0000000705c00000|  0%| F|  |TAMS 0x0000000705a00000| PB 0x0000000705a00000| Untracked 
|  23|0x0000000705c00000, 0x0000000705c00000, 0x0000000705e00000|  0%| F|  |TAMS 0x0000000705c00000| PB 0x0000000705c00000| Untracked 
|  24|0x0000000705e00000, 0x0000000705e00000, 0x0000000706000000|  0%| F|  |TAMS 0x0000000705e00000| PB 0x0000000705e00000| Untracked 
|  25|0x0000000706000000, 0x0000000706000000, 0x0000000706200000|  0%| F|  |TAMS 0x0000000706000000| PB 0x0000000706000000| Untracked 
|  26|0x0000000706200000, 0x0000000706234940, 0x0000000706400000| 10%| E|  |TAMS 0x0000000706200000| PB 0x0000000706200000| Complete 
|  27|0x0000000706400000, 0x0000000706600000, 0x0000000706600000|100%| E|CS|TAMS 0x0000000706400000| PB 0x0000000706400000| Complete 
|  28|0x0000000706600000, 0x0000000706800000, 0x0000000706800000|100%| E|CS|TAMS 0x0000000706600000| PB 0x0000000706600000| Complete 
|  29|0x0000000706800000, 0x0000000706a00000, 0x0000000706a00000|100%| E|CS|TAMS 0x0000000706800000| PB 0x0000000706800000| Complete 
|  30|0x0000000706a00000, 0x0000000706c00000, 0x0000000706c00000|100%| E|CS|TAMS 0x0000000706a00000| PB 0x0000000706a00000| Complete 
|  31|0x0000000706c00000, 0x0000000706e00000, 0x0000000706e00000|100%| E|CS|TAMS 0x0000000706c00000| PB 0x0000000706c00000| Complete 
|  32|0x0000000706e00000, 0x0000000707000000, 0x0000000707000000|100%| E|CS|TAMS 0x0000000706e00000| PB 0x0000000706e00000| Complete 
|  33|0x0000000707000000, 0x0000000707200000, 0x0000000707200000|100%| E|  |TAMS 0x0000000707000000| PB 0x0000000707000000| Complete 
|  34|0x0000000707200000, 0x0000000707400000, 0x0000000707400000|100%| E|CS|TAMS 0x0000000707200000| PB 0x0000000707200000| Complete 
|  35|0x0000000707400000, 0x0000000707600000, 0x0000000707600000|100%| E|CS|TAMS 0x0000000707400000| PB 0x0000000707400000| Complete 
|  36|0x0000000707600000, 0x0000000707800000, 0x0000000707800000|100%| E|CS|TAMS 0x0000000707600000| PB 0x0000000707600000| Complete 
|  37|0x0000000707800000, 0x0000000707a00000, 0x0000000707a00000|100%| E|CS|TAMS 0x0000000707800000| PB 0x0000000707800000| Complete 
|  38|0x0000000707a00000, 0x0000000707c00000, 0x0000000707c00000|100%| E|CS|TAMS 0x0000000707a00000| PB 0x0000000707a00000| Complete 
|  39|0x0000000707c00000, 0x0000000707e00000, 0x0000000707e00000|100%| E|CS|TAMS 0x0000000707c00000| PB 0x0000000707c00000| Complete 
|  40|0x0000000707e00000, 0x0000000708000000, 0x0000000708000000|100%| E|CS|TAMS 0x0000000707e00000| PB 0x0000000707e00000| Complete 
|  41|0x0000000708000000, 0x0000000708200000, 0x0000000708200000|100%| E|CS|TAMS 0x0000000708000000| PB 0x0000000708000000| Complete 
|  42|0x0000000708200000, 0x0000000708400000, 0x0000000708400000|100%| E|CS|TAMS 0x0000000708200000| PB 0x0000000708200000| Complete 
|  43|0x0000000708400000, 0x0000000708600000, 0x0000000708600000|100%| E|CS|TAMS 0x0000000708400000| PB 0x0000000708400000| Complete 
|  44|0x0000000708600000, 0x0000000708800000, 0x0000000708800000|100%| E|CS|TAMS 0x0000000708600000| PB 0x0000000708600000| Complete 
|  45|0x0000000708800000, 0x0000000708a00000, 0x0000000708a00000|100%| E|CS|TAMS 0x0000000708800000| PB 0x0000000708800000| Complete 
|  46|0x0000000708a00000, 0x0000000708c00000, 0x0000000708c00000|100%| E|CS|TAMS 0x0000000708a00000| PB 0x0000000708a00000| Complete 
|  47|0x0000000708c00000, 0x0000000708e00000, 0x0000000708e00000|100%| E|CS|TAMS 0x0000000708c00000| PB 0x0000000708c00000| Complete 
|  48|0x0000000708e00000, 0x0000000709000000, 0x0000000709000000|100%| E|CS|TAMS 0x0000000708e00000| PB 0x0000000708e00000| Complete 
|  49|0x0000000709000000, 0x0000000709200000, 0x0000000709200000|100%| E|CS|TAMS 0x0000000709000000| PB 0x0000000709000000| Complete 
|  50|0x0000000709200000, 0x0000000709400000, 0x0000000709400000|100%| E|CS|TAMS 0x0000000709200000| PB 0x0000000709200000| Complete 
|  51|0x0000000709400000, 0x0000000709600000, 0x0000000709600000|100%| E|CS|TAMS 0x0000000709400000| PB 0x0000000709400000| Complete 
|  52|0x0000000709600000, 0x0000000709800000, 0x0000000709800000|100%| S|CS|TAMS 0x0000000709600000| PB 0x0000000709600000| Complete 
|  53|0x0000000709800000, 0x0000000709a00000, 0x0000000709a00000|100%| S|CS|TAMS 0x0000000709800000| PB 0x0000000709800000| Complete 
|  54|0x0000000709a00000, 0x0000000709c00000, 0x0000000709c00000|100%| S|CS|TAMS 0x0000000709a00000| PB 0x0000000709a00000| Complete 
|  55|0x0000000709c00000, 0x0000000709e00000, 0x0000000709e00000|100%| S|CS|TAMS 0x0000000709c00000| PB 0x0000000709c00000| Complete 
|  56|0x0000000709e00000, 0x000000070a000000, 0x000000070a000000|100%| E|CS|TAMS 0x0000000709e00000| PB 0x0000000709e00000| Complete 
|  57|0x000000070a000000, 0x000000070a200000, 0x000000070a200000|100%| E|CS|TAMS 0x000000070a000000| PB 0x000000070a000000| Complete 
|  58|0x000000070a200000, 0x000000070a400000, 0x000000070a400000|100%| E|CS|TAMS 0x000000070a200000| PB 0x000000070a200000| Complete 
| 126|0x0000000712a00000, 0x0000000712c00000, 0x0000000712c00000|100%| E|CS|TAMS 0x0000000712a00000| PB 0x0000000712a00000| Complete 

Card table byte_map: [0x00000222dfd60000,0x00000222e0550000] _byte_map_base: 0x00000222dc549000

Marking Bits: (CMBitMap*) 0x00000222cd17dc80
 Bits: [0x00000222e0550000, 0x00000222e4498000)

Polling page: 0x00000222caf90000

Metaspace:

Usage:
  Non-class:     58.27 MB used.
      Class:      7.00 MB used.
       Both:     65.27 MB used.

Virtual space:
  Non-class space:       64.00 MB reserved,      58.69 MB ( 92%) committed,  1 nodes.
      Class space:        1.00 GB reserved,       7.31 MB ( <1%) committed,  1 nodes.
             Both:        1.06 GB reserved,      66.00 MB (  6%) committed. 

Chunk freelists:
   Non-Class:  4.79 MB
       Class:  8.70 MB
        Both:  13.50 MB

MaxMetaspaceSize: unlimited
CompressedClassSpaceSize: 1.00 GB
Initial GC threshold: 21.00 MB
Current GC threshold: 98.38 MB
CDS: off
 - commit_granule_bytes: 65536.
 - commit_granule_words: 8192.
 - virtual_space_node_default_size: 8388608.
 - enlarge_chunks_in_place: 1.
 - use_allocation_guard: 0.


Internal statistics:

num_allocs_failed_limit: 9.
num_arena_births: 1068.
num_arena_deaths: 0.
num_vsnodes_births: 2.
num_vsnodes_deaths: 0.
num_space_committed: 1056.
num_space_uncommitted: 0.
num_chunks_returned_to_freelist: 9.
num_chunks_taken_from_freelist: 2848.
num_chunk_merges: 9.
num_chunk_splits: 2033.
num_chunks_enlarged: 1543.
num_inconsistent_stats: 0.

CodeHeap 'non-profiled nmethods': size=120000Kb used=4275Kb max_used=4275Kb free=115724Kb
 bounds [0x00000222d7d10000, 0x00000222d8140000, 0x00000222df240000]
CodeHeap 'profiled nmethods': size=120000Kb used=14796Kb max_used=14796Kb free=105203Kb
 bounds [0x00000222d0240000, 0x00000222d10c0000, 0x00000222d7770000]
CodeHeap 'non-nmethods': size=5760Kb used=2969Kb max_used=3060Kb free=2790Kb
 bounds [0x00000222d7770000, 0x00000222d7a90000, 0x00000222d7d10000]
CodeCache: size=245760Kb, used=22040Kb, max_used=22131Kb, free=223717Kb
 total_blobs=9639, nmethods=7629, adapters=1912, full_count=0
Compilation: enabled, stopped_count=0, restarted_count=0

Compilation events (20 events):
Event: 98.082 Thread 0x00000222e71198b0 8024       3       kotlin.collections.AbstractList$IteratorImpl::next (36 bytes)
Event: 98.083 Thread 0x00000222e71198b0 nmethod 8024 0x00000222d10ae990 code [0x00000222d10aeb80, 0x00000222d10af078]
Event: 98.085 Thread 0x00000222e71105d0 8025       4       kotlin.collections.ArrayDeque::removeFirst (65 bytes)
Event: 98.086 Thread 0x00000222e71198b0 8026       3       org.jetbrains.compose.reload.core.CoroutinesKt$isActive$2::invokeSuspend (25 bytes)
Event: 98.086 Thread 0x00000222e71198b0 nmethod 8026 0x00000222d10af290 code [0x00000222d10af440, 0x00000222d10af5f8]
Event: 98.089 Thread 0x00000222e71105d0 nmethod 8025 0x00000222d813b690 code [0x00000222d813b820, 0x00000222d813b9a0]
Event: 98.090 Thread 0x00000222e71105d0 8027       4       org.jetbrains.compose.reload.core.WorkerThreadDispatcher::get (6 bytes)
Event: 98.090 Thread 0x00000222e71198b0 8028       1       org.jetbrains.compose.reload.core.CoroutinesKt$withThread$lambda$1$$inlined$Continuation$1::getContext (5 bytes)
Event: 98.090 Thread 0x00000222e71198b0 nmethod 8028 0x00000222d813bb10 code [0x00000222d813bca0, 0x00000222d813bd70]
Event: 98.090 Thread 0x00000222e71198b0 8029       3       org.jetbrains.compose.reload.core.CoroutinesKt::suspendStoppableCoroutine$lambda$4 (72 bytes)
Event: 98.091 Thread 0x00000222e71105d0 nmethod 8027 0x00000222d813be10 code [0x00000222d813bfa0, 0x00000222d813c098]
Event: 98.093 Thread 0x00000222e71198b0 nmethod 8029 0x00000222d10af690 code [0x00000222d10afae0, 0x00000222d10b17f8]
Event: 98.606 Thread 0x00000222e71198b0 8031       3       java.security.AccessController::getContext (23 bytes)
Event: 98.607 Thread 0x00000222e71198b0 nmethod 8031 0x00000222d10b2290 code [0x00000222d10b2460, 0x00000222d10b2738]
Event: 99.908 Thread 0x00000222e71105d0 8032       4       java.util.Arrays::binarySearch0 (95 bytes)
Event: 99.914 Thread 0x00000222e71105d0 nmethod 8032 0x00000222d813c490 code [0x00000222d813c620, 0x00000222d813c868]
Event: 100.300 Thread 0x00000222e71198b0 8033       1       java.awt.Container::getLayout (5 bytes)
Event: 100.300 Thread 0x00000222e71198b0 nmethod 8033 0x00000222d813ca90 code [0x00000222d813cc20, 0x00000222d813ccf0]
Event: 100.300 Thread 0x00000222e71198b0 8034       3       org.jetbrains.skiko.SkiaLayer::checkContentScale (31 bytes)
Event: 100.301 Thread 0x00000222e71198b0 nmethod 8034 0x00000222d10b2890 code [0x00000222d10b2a80, 0x00000222d10b2fa8]

GC Heap History (20 events):
Event: 5.755 GC heap before
{Heap before GC invocations=3 (full 0):
 garbage-first heap   total 34816K, used 30964K [0x0000000702e00000, 0x0000000800000000)
  region size 2048K, 13 young (26624K), 1 survivors (2048K)
 Metaspace       used 27264K, committed 27584K, reserved 1114112K
  class space    used 2723K, committed 2880K, reserved 1048576K
}
Event: 5.761 GC heap after
{Heap after GC invocations=4 (full 0):
 garbage-first heap   total 40960K, used 11466K [0x0000000702e00000, 0x0000000800000000)
  region size 2048K, 3 young (6144K), 3 survivors (6144K)
 Metaspace       used 27264K, committed 27584K, reserved 1114112K
  class space    used 2723K, committed 2880K, reserved 1048576K
}
Event: 6.927 GC heap before
{Heap before GC invocations=4 (full 0):
 garbage-first heap   total 40960K, used 25802K [0x0000000702e00000, 0x0000000800000000)
  region size 2048K, 11 young (22528K), 3 survivors (6144K)
 Metaspace       used 31111K, committed 31360K, reserved 1114112K
  class space    used 3128K, committed 3264K, reserved 1048576K
}
Event: 6.934 GC heap after
{Heap after GC invocations=5 (full 0):
 garbage-first heap   total 40960K, used 12145K [0x0000000702e00000, 0x0000000800000000)
  region size 2048K, 1 young (2048K), 1 survivors (2048K)
 Metaspace       used 31111K, committed 31360K, reserved 1114112K
  class space    used 3128K, committed 3264K, reserved 1048576K
}
Event: 8.115 GC heap before
{Heap before GC invocations=5 (full 0):
 garbage-first heap   total 40960K, used 26481K [0x0000000702e00000, 0x0000000800000000)
  region size 2048K, 9 young (18432K), 1 survivors (2048K)
 Metaspace       used 34253K, committed 34560K, reserved 1114112K
  class space    used 3454K, committed 3584K, reserved 1048576K
}
Event: 8.118 GC heap after
{Heap after GC invocations=6 (full 0):
 garbage-first heap   total 40960K, used 12425K [0x0000000702e00000, 0x0000000800000000)
  region size 2048K, 1 young (2048K), 1 survivors (2048K)
 Metaspace       used 34253K, committed 34560K, reserved 1114112K
  class space    used 3454K, committed 3584K, reserved 1048576K
}
Event: 9.267 GC heap before
{Heap before GC invocations=6 (full 0):
 garbage-first heap   total 40960K, used 28809K [0x0000000702e00000, 0x0000000800000000)
  region size 2048K, 10 young (20480K), 1 survivors (2048K)
 Metaspace       used 35726K, committed 35968K, reserved 1114112K
  class space    used 3636K, committed 3776K, reserved 1048576K
}
Event: 9.270 GC heap after
{Heap after GC invocations=7 (full 0):
 garbage-first heap   total 40960K, used 13030K [0x0000000702e00000, 0x0000000800000000)
  region size 2048K, 1 young (2048K), 1 survivors (2048K)
 Metaspace       used 35726K, committed 35968K, reserved 1114112K
  class space    used 3636K, committed 3776K, reserved 1048576K
}
Event: 9.538 GC heap before
{Heap before GC invocations=8 (full 0):
 garbage-first heap   total 40960K, used 31462K [0x0000000702e00000, 0x0000000800000000)
  region size 2048K, 10 young (20480K), 1 survivors (2048K)
 Metaspace       used 37159K, committed 37440K, reserved 1114112K
  class space    used 3790K, committed 3904K, reserved 1048576K
}
Event: 9.542 GC heap after
{Heap after GC invocations=9 (full 0):
 garbage-first heap   total 40960K, used 14080K [0x0000000702e00000, 0x0000000800000000)
  region size 2048K, 2 young (4096K), 2 survivors (4096K)
 Metaspace       used 37159K, committed 37440K, reserved 1114112K
  class space    used 3790K, committed 3904K, reserved 1048576K
}
Event: 9.718 GC heap before
{Heap before GC invocations=9 (full 0):
 garbage-first heap   total 40960K, used 32512K [0x0000000702e00000, 0x0000000800000000)
  region size 2048K, 11 young (22528K), 2 survivors (4096K)
 Metaspace       used 38113K, committed 38336K, reserved 1114112K
  class space    used 3871K, committed 3968K, reserved 1048576K
}
Event: 9.723 GC heap after
{Heap after GC invocations=10 (full 0):
 garbage-first heap   total 40960K, used 15619K [0x0000000702e00000, 0x0000000800000000)
  region size 2048K, 2 young (4096K), 2 survivors (4096K)
 Metaspace       used 38113K, committed 38336K, reserved 1114112K
  class space    used 3871K, committed 3968K, reserved 1048576K
}
Event: 10.171 GC heap before
{Heap before GC invocations=10 (full 0):
 garbage-first heap   total 40960K, used 34051K [0x0000000702e00000, 0x0000000800000000)
  region size 2048K, 11 young (22528K), 2 survivors (4096K)
 Metaspace       used 38976K, committed 39296K, reserved 1114112K
  class space    used 3972K, committed 4096K, reserved 1048576K
}
Event: 10.177 GC heap after
{Heap after GC invocations=11 (full 0):
 garbage-first heap   total 151552K, used 17214K [0x0000000702e00000, 0x0000000800000000)
  region size 2048K, 2 young (4096K), 2 survivors (4096K)
 Metaspace       used 38976K, committed 39296K, reserved 1114112K
  class space    used 3972K, committed 4096K, reserved 1048576K
}
Event: 11.269 GC heap before
{Heap before GC invocations=11 (full 0):
 garbage-first heap   total 151552K, used 101182K [0x0000000702e00000, 0x0000000800000000)
  region size 2048K, 44 young (90112K), 2 survivors (4096K)
 Metaspace       used 43991K, committed 44352K, reserved 1114112K
  class space    used 4613K, committed 4800K, reserved 1048576K
}
Event: 11.284 GC heap after
{Heap after GC invocations=12 (full 0):
 garbage-first heap   total 151552K, used 23794K [0x0000000702e00000, 0x0000000800000000)
  region size 2048K, 5 young (10240K), 5 survivors (10240K)
 Metaspace       used 43991K, committed 44352K, reserved 1114112K
  class space    used 4613K, committed 4800K, reserved 1048576K
}
Event: 13.353 GC heap before
{Heap before GC invocations=12 (full 0):
 garbage-first heap   total 151552K, used 105714K [0x0000000702e00000, 0x0000000800000000)
  region size 2048K, 44 young (90112K), 5 survivors (10240K)
 Metaspace       used 55483K, committed 56000K, reserved 1114112K
  class space    used 6001K, committed 6208K, reserved 1048576K
}
Event: 13.369 GC heap after
{Heap after GC invocations=13 (full 0):
 garbage-first heap   total 151552K, used 33523K [0x0000000702e00000, 0x0000000800000000)
  region size 2048K, 4 young (8192K), 4 survivors (8192K)
 Metaspace       used 55483K, committed 56000K, reserved 1114112K
  class space    used 6001K, committed 6208K, reserved 1048576K
}
Event: 14.810 GC heap before
{Heap before GC invocations=13 (full 0):
 garbage-first heap   total 151552K, used 66291K [0x0000000702e00000, 0x0000000800000000)
  region size 2048K, 22 young (45056K), 4 survivors (8192K)
 Metaspace       used 59635K, committed 60160K, reserved 1114112K
  class space    used 6433K, committed 6656K, reserved 1048576K
}
Event: 14.822 GC heap after
{Heap after GC invocations=14 (full 0):
 garbage-first heap   total 151552K, used 35386K [0x0000000702e00000, 0x0000000800000000)
  region size 2048K, 4 young (8192K), 4 survivors (8192K)
 Metaspace       used 59635K, committed 60160K, reserved 1114112K
  class space    used 6433K, committed 6656K, reserved 1048576K
}

Dll operation events (3 events):
Event: 0.019 Loaded shared library C:\Program Files\Android\Android Studio\jbr\bin\java.dll
Event: 0.030 Loaded shared library C:\Program Files\Android\Android Studio\jbr\bin\zip.dll
Event: 3.941 Loaded shared library C:\Program Files\Android\Android Studio\jbr\bin\verify.dll

Deoptimization events (20 events):
Event: 26.702 Thread 0x00000222ec629bb0 Uncommon trap: trap_request=0xffffffde fr.pc=0x00000222d810fee8 relative=0x00000000000089a8
Event: 26.702 Thread 0x00000222ec629bb0 Uncommon trap: reason=class_check action=maybe_recompile pc=0x00000222d810fee8 method=java.awt.EventQueue.coalesceEvent(Ljava/awt/AWTEvent;I)Z @ 77 c2
Event: 26.702 Thread 0x00000222ec629bb0 DEOPT PACKING pc=0x00000222d810fee8 sp=0x00000089be2fd370
Event: 26.702 Thread 0x00000222ec629bb0 DEOPT UNPACKING pc=0x00000222d77c4422 sp=0x00000089be2fd1d0 mode 2
Event: 26.726 Thread 0x00000222ec629bb0 Uncommon trap: trap_request=0xffffffde fr.pc=0x00000222d810fee8 relative=0x00000000000089a8
Event: 26.726 Thread 0x00000222ec629bb0 Uncommon trap: reason=class_check action=maybe_recompile pc=0x00000222d810fee8 method=java.awt.EventQueue.coalesceEvent(Ljava/awt/AWTEvent;I)Z @ 77 c2
Event: 26.726 Thread 0x00000222ec629bb0 DEOPT PACKING pc=0x00000222d810fee8 sp=0x00000089be2fee20
Event: 26.726 Thread 0x00000222ec629bb0 DEOPT UNPACKING pc=0x00000222d77c4422 sp=0x00000089be2fec80 mode 2
Event: 26.738 Thread 0x00000222ec629bb0 Uncommon trap: trap_request=0xffffffde fr.pc=0x00000222d810fee8 relative=0x00000000000089a8
Event: 26.738 Thread 0x00000222ec629bb0 Uncommon trap: reason=class_check action=maybe_recompile pc=0x00000222d810fee8 method=java.awt.EventQueue.coalesceEvent(Ljava/awt/AWTEvent;I)Z @ 77 c2
Event: 26.738 Thread 0x00000222ec629bb0 DEOPT PACKING pc=0x00000222d810fee8 sp=0x00000089be2fee20
Event: 26.738 Thread 0x00000222ec629bb0 DEOPT UNPACKING pc=0x00000222d77c4422 sp=0x00000089be2fec80 mode 2
Event: 32.869 Thread 0x00000222ec629bb0 Uncommon trap: trap_request=0xffffff45 fr.pc=0x00000222d812b8c4 relative=0x0000000000005204
Event: 32.869 Thread 0x00000222ec629bb0 Uncommon trap: reason=unstable_if action=reinterpret pc=0x00000222d812b8c4 method=java.awt.EventQueue.getPriority(Ljava/awt/AWTEvent;)I @ 4 c2
Event: 32.869 Thread 0x00000222ec629bb0 DEOPT PACKING pc=0x00000222d812b8c4 sp=0x00000089be2fee10
Event: 32.870 Thread 0x00000222ec629bb0 DEOPT UNPACKING pc=0x00000222d77c4422 sp=0x00000089be2fed08 mode 2
Event: 32.876 Thread 0x00000222ec629bb0 Uncommon trap: trap_request=0xffffff45 fr.pc=0x00000222d80f9ce0 relative=0x0000000000000d20
Event: 32.876 Thread 0x00000222ec629bb0 Uncommon trap: reason=unstable_if action=reinterpret pc=0x00000222d80f9ce0 method=java.security.AccessControlContext.combine([Ljava/security/ProtectionDomain;[Ljava/security/ProtectionDomain;)[Ljava/security/ProtectionDomain; @ 155 c2
Event: 32.876 Thread 0x00000222ec629bb0 DEOPT PACKING pc=0x00000222d80f9ce0 sp=0x00000089be2fd2e0
Event: 32.876 Thread 0x00000222ec629bb0 DEOPT UNPACKING pc=0x00000222d77c4422 sp=0x00000089be2fd198 mode 2

Classes loaded (20 events):
Event: 27.169 Loading class java/awt/event/AWTEventListenerProxy
Event: 27.169 Loading class java/awt/event/AWTEventListenerProxy done
Event: 27.170 Loading class java/awt/Toolkit$SelectiveAWTEventListener
Event: 27.171 Loading class java/awt/Toolkit$SelectiveAWTEventListener done
Event: 27.171 Loading class java/awt/Toolkit$ToolkitEventMulticaster
Event: 27.171 Loading class java/awt/Toolkit$ToolkitEventMulticaster done
Event: 87.426 Loading class sun/net/ConnectionResetException
Event: 87.427 Loading class sun/net/ConnectionResetException done
Event: 87.427 Loading class sun/security/ssl/Alert
Event: 87.428 Loading class sun/security/ssl/Alert done
Event: 87.429 Loading class sun/security/ssl/Alert$AlertConsumer
Event: 87.429 Loading class sun/security/ssl/Alert$AlertConsumer done
Event: 87.430 Loading class sun/security/ssl/Alert$Level
Event: 87.430 Loading class sun/security/ssl/Alert$Level done
Event: 98.605 Loading class java/util/WeakHashMap$EntrySet
Event: 98.606 Loading class java/util/WeakHashMap$EntrySet done
Event: 98.606 Loading class java/util/WeakHashMap$EntryIterator
Event: 98.606 Loading class java/util/WeakHashMap$EntryIterator done
Event: 98.651 Loading class javax/swing/RepaintManager$DisplayChangedRunnable
Event: 98.651 Loading class javax/swing/RepaintManager$DisplayChangedRunnable done

Classes unloaded (0 events):
No events

Classes redefined (0 events):
No events

Internal exceptions (20 events):
Event: 19.729 Thread 0x00000222ec629bb0 Exception <a 'java/lang/NoSuchMethodError'{0x0000000708118500}: 'java.lang.Object java.lang.invoke.DirectMethodHandle$Holder.newInvokeSpecial(java.lang.Object, java.lang.Object, long, java.lang.Object, java.lang.Object)'> (0x0000000708118500) 
thrown [s\src\hotspot\share\interpreter\linkResolver.cpp, line 784]
Event: 19.730 Thread 0x00000222ec629bb0 Exception <a 'java/lang/NoSuchMethodError'{0x000000070811c7a8}: 'java.lang.Object java.lang.invoke.DirectMethodHandle$Holder.invokeSpecial(java.lang.Object, java.lang.Object, java.lang.Object, long, java.lang.Object, java.lang.Object)'> (0x000000070811c7a8) 
thrown [s\src\hotspot\share\interpreter\linkResolver.cpp, line 784]
Event: 19.731 Thread 0x00000222ec629bb0 Exception <a 'java/lang/NoSuchMethodError'{0x00000007081202a0}: 'java.lang.Object java.lang.invoke.Invokers$Holder.linkToTargetMethod(java.lang.Object, long, java.lang.Object, java.lang.Object, java.lang.Object)'> (0x00000007081202a0) 
thrown [s\src\hotspot\share\interpreter\linkResolver.cpp, line 784]
Event: 20.154 Thread 0x00000222ec629bb0 Implicit null exception at 0x00000222d8052476 to 0x00000222d8055b50
Event: 20.154 Thread 0x00000222ec629bb0 Implicit null exception at 0x00000222d8023102 to 0x00000222d8023200
Event: 21.624 Thread 0x00000222ec629bb0 Exception <a 'java/lang/NoSuchMethodError'{0x0000000706fb9500}: 'java.lang.Object java.lang.invoke.DirectMethodHandle$Holder.newInvokeSpecial(java.lang.Object, long, java.lang.Object, java.lang.Object)'> (0x0000000706fb9500) 
thrown [s\src\hotspot\share\interpreter\linkResolver.cpp, line 784]
Event: 21.625 Thread 0x00000222ec629bb0 Exception <a 'java/lang/NoSuchMethodError'{0x0000000706fbd5c8}: 'java.lang.Object java.lang.invoke.DirectMethodHandle$Holder.invokeSpecial(java.lang.Object, java.lang.Object, long, java.lang.Object, java.lang.Object)'> (0x0000000706fbd5c8) 
thrown [s\src\hotspot\share\interpreter\linkResolver.cpp, line 784]
Event: 21.684 Thread 0x00000222ec629bb0 Exception <a 'java/lang/NoSuchMethodError'{0x0000000706a2c6a0}: 'java.lang.Object java.lang.invoke.DirectMethodHandle$Holder.newInvokeSpecial(java.lang.Object, java.lang.Object, int, java.lang.Object, java.lang.Object, java.lang.Object)'> (0x0000000706a2c6a0) 
thrown [s\src\hotspot\share\interpreter\linkResolver.cpp, line 784]
Event: 21.684 Thread 0x00000222ec629bb0 Exception <a 'java/lang/NoSuchMethodError'{0x0000000706a309b0}: 'java.lang.Object java.lang.invoke.DirectMethodHandle$Holder.invokeSpecial(java.lang.Object, java.lang.Object, java.lang.Object, int, java.lang.Object, java.lang.Object, java.lang.Object)'> (0x0000000706a309b0) 
thrown [s\src\hotspot\share\interpreter\linkResolver.cpp, line 784]
Event: 21.685 Thread 0x00000222ec629bb0 Exception <a 'java/lang/NoSuchMethodError'{0x0000000706a34598}: 'java.lang.Object java.lang.invoke.Invokers$Holder.linkToTargetMethod(java.lang.Object, int, java.lang.Object, java.lang.Object, java.lang.Object, java.lang.Object)'> (0x0000000706a34598) 
thrown [s\src\hotspot\share\interpreter\linkResolver.cpp, line 784]
Event: 21.710 Thread 0x00000222ec629bb0 Exception <a 'java/lang/NoSuchMethodError'{0x0000000706aafcc8}: 'java.lang.Object java.lang.invoke.DirectMethodHandle$Holder.invokeSpecial(java.lang.Object, java.lang.Object, java.lang.Object, java.lang.Object, java.lang.Object, java.lang.Object, int, int)'> (0x0000000706aafcc8) 
thrown [s\src\hotspot\share\interpreter\linkResolver.cpp, line 784]
Event: 21.711 Thread 0x00000222ec629bb0 Exception <a 'java/lang/NoSuchMethodError'{0x0000000706ab3918}: 'java.lang.Object java.lang.invoke.Invokers$Holder.linkToTargetMethod(java.lang.Object, java.lang.Object, java.lang.Object, java.lang.Object, int, int, java.lang.Object)'> (0x0000000706ab3918) 
thrown [s\src\hotspot\share\interpreter\linkResolver.cpp, line 784]
Event: 22.639 Thread 0x00000222ec629bb0 Exception <a 'java/lang/NoSuchMethodError'{0x00000007069a0630}: 'java.lang.Object java.lang.invoke.DirectMethodHandle$Holder.newInvokeSpecial(java.lang.Object, java.lang.Object, java.lang.Object, int, java.lang.Object, java.lang.Object)'> (0x00000007069a0630) 
thrown [s\src\hotspot\share\interpreter\linkResolver.cpp, line 784]
Event: 22.639 Thread 0x00000222ec629bb0 Exception <a 'java/lang/NoSuchMethodError'{0x00000007069a4940}: 'java.lang.Object java.lang.invoke.DirectMethodHandle$Holder.invokeSpecial(java.lang.Object, java.lang.Object, java.lang.Object, java.lang.Object, int, java.lang.Object, java.lang.Object)'> (0x00000007069a4940) 
thrown [s\src\hotspot\share\interpreter\linkResolver.cpp, line 784]
Event: 22.640 Thread 0x00000222ec629bb0 Exception <a 'java/lang/NoSuchMethodError'{0x00000007069a8278}: 'java.lang.Object java.lang.invoke.Invokers$Holder.linkToTargetMethod(java.lang.Object, java.lang.Object, int, java.lang.Object, java.lang.Object, java.lang.Object)'> (0x00000007069a8278) 
thrown [s\src\hotspot\share\interpreter\linkResolver.cpp, line 784]
Event: 22.647 Thread 0x00000222ec629bb0 Exception <a 'java/lang/NoSuchMethodError'{0x00000007069d4ff8}: 'java.lang.Object java.lang.invoke.DirectMethodHandle$Holder.newInvokeSpecial(java.lang.Object, java.lang.Object, int, java.lang.Object, java.lang.Object, java.lang.Object, java.lang.Object, java.lang.Object, java.lang.Object, java.lang.Object, int, int)'> (0x00000007069d4ff8) 
thrown [s\src\hotspot\share\interpreter\linkResolver.cpp, line 784]
Event: 22.647 Thread 0x00000222ec629bb0 Exception <a 'java/lang/NoSuchMethodError'{0x00000007069d9c08}: 'java.lang.Object java.lang.invoke.DirectMethodHandle$Holder.invokeSpecial(java.lang.Object, java.lang.Object, java.lang.Object, int, java.lang.Object, java.lang.Object, java.lang.Object, java.lang.Object, java.lang.Object, java.lang.Object, java.lang.Object, int, int)'> (0x00000007069d9c08) 
thrown [s\src\hotspot\share\interpreter\linkResolver.cpp, line 784]
Event: 87.427 Thread 0x00000222ecd8d820 Exception <a 'sun/net/ConnectionResetException'{0x00000007074a1b00}: Connection reset> (0x00000007074a1b00) 
thrown [s\src\hotspot\share\prims\jni.cpp, line 572]
Event: 87.431 Thread 0x00000222ecd8d820 Exception <a 'java/io/IOException'{0x00000007074a7050}: Connection reset by peer> (0x00000007074a7050) 
thrown [s\src\hotspot\share\prims\jni.cpp, line 572]
Event: 98.597 Thread 0x00000222ec629bb0 Exception <a 'java/lang/NoSuchMethodError'{0x00000007065a5878}: 'void java.lang.invoke.DirectMethodHandle$Holder.invokeInterface(java.lang.Object, java.lang.Object)'> (0x00000007065a5878) 
thrown [s\src\hotspot\share\interpreter\linkResolver.cpp, line 784]

ZGC Phase Switch (0 events):
No events

VM Operations (20 events):
Event: 26.688 Executing safepoint VM operation: Cleanup
Event: 26.688 Executing safepoint VM operation: Cleanup done
Event: 27.170 Executing non-safepoint VM operation: HandshakeAllThreads (Deoptimize)
Event: 27.170 Executing non-safepoint VM operation: HandshakeAllThreads (Deoptimize) done
Event: 28.184 Executing safepoint VM operation: Cleanup
Event: 28.184 Executing safepoint VM operation: Cleanup done
Event: 29.196 Executing safepoint VM operation: Cleanup
Event: 29.196 Executing safepoint VM operation: Cleanup done
Event: 33.239 Executing safepoint VM operation: Cleanup
Event: 33.240 Executing safepoint VM operation: Cleanup done
Event: 60.023 Executing non-safepoint VM operation: HandshakeAllThreads (HandshakeForDeflation)
Event: 60.023 Executing non-safepoint VM operation: HandshakeAllThreads (HandshakeForDeflation) done
Event: 60.023 Executing non-safepoint VM operation: RendezvousGCThreads
Event: 60.023 Executing non-safepoint VM operation: RendezvousGCThreads done
Event: 82.265 Executing safepoint VM operation: Cleanup
Event: 82.265 Executing safepoint VM operation: Cleanup done
Event: 98.423 Executing safepoint VM operation: Cleanup
Event: 98.424 Executing safepoint VM operation: Cleanup done
Event: 99.427 Executing safepoint VM operation: Cleanup
Event: 99.427 Executing safepoint VM operation: Cleanup done

Memory protections (0 events):
No events

Nmethod flushes (20 events):
Event: 14.885 Thread 0x00000222e706d370 flushing  nmethod 0x00000222d04cc410
Event: 14.885 Thread 0x00000222e706d370 flushing  nmethod 0x00000222d0516410
Event: 14.885 Thread 0x00000222e706d370 flushing  nmethod 0x00000222d0516f90
Event: 14.885 Thread 0x00000222e706d370 flushing  nmethod 0x00000222d0517990
Event: 14.885 Thread 0x00000222e706d370 flushing  nmethod 0x00000222d0518e10
Event: 14.885 Thread 0x00000222e706d370 flushing  nmethod 0x00000222d051bf10
Event: 14.885 Thread 0x00000222e706d370 flushing  nmethod 0x00000222d051cd10
Event: 14.885 Thread 0x00000222e706d370 flushing  nmethod 0x00000222d051d790
Event: 14.885 Thread 0x00000222e706d370 flushing  nmethod 0x00000222d0629010
Event: 14.885 Thread 0x00000222e706d370 flushing  nmethod 0x00000222d062a210
Event: 14.885 Thread 0x00000222e706d370 flushing  nmethod 0x00000222d062b390
Event: 14.885 Thread 0x00000222e706d370 flushing  nmethod 0x00000222d062c690
Event: 14.885 Thread 0x00000222e706d370 flushing  nmethod 0x00000222d062cd10
Event: 14.885 Thread 0x00000222e706d370 flushing  nmethod 0x00000222d063c610
Event: 14.885 Thread 0x00000222e706d370 flushing  nmethod 0x00000222d063d390
Event: 14.885 Thread 0x00000222e706d370 flushing  nmethod 0x00000222d063e890
Event: 14.885 Thread 0x00000222e706d370 flushing  nmethod 0x00000222d063f410
Event: 14.885 Thread 0x00000222e706d370 flushing  nmethod 0x00000222d063f990
Event: 14.885 Thread 0x00000222e706d370 flushing  nmethod 0x00000222d0641f10
Event: 14.885 Thread 0x00000222e706d370 flushing  nmethod 0x00000222d0797990

Events (20 events):
Event: 7.492 Loaded shared library C:\Program Files\Android\Android Studio\jbr\bin\fontmanager.dll
Event: 8.393 Thread 0x00000222e71198b0 Thread added: 0x00000222edf13100
Event: 9.733 Loaded shared library C:\Program Files\Android\Android Studio\jbr\bin\prefs.dll
Event: 11.709 Thread 0x00000222ec628170 Thread added: 0x00000222ecd8b0c0
Event: 11.814 Thread 0x00000222ecd8b0c0 Thread added: 0x00000222ecd8d820
Event: 12.972 Thread 0x00000222ec629bb0 Thread added: 0x00000222ecd89d10
Event: 13.200 Thread 0x00000222ecd8d820 Thread added: 0x00000222ecd8f260
Event: 13.229 Thread 0x00000222ecd8b0c0 Thread added: 0x00000222ecd8cb00
Event: 13.371 Thread 0x00000222ecd8f260 Thread added: 0x00000222ecd88ff0
Event: 13.730 Thread 0x00000222edf13100 Thread exited: 0x00000222edf13100
Event: 13.993 Thread 0x00000222e71105d0 Thread added: 0x00000222edf13100
Event: 15.784 Thread 0x00000222edf13100 Thread exited: 0x00000222edf13100
Event: 20.815 Thread 0x00000222ec62af60 Thread added: 0x00000222f725b040
Event: 21.460 Thread 0x00000222ec629520 Thread added: 0x00000222f7256ea0
Event: 73.437 Thread 0x00000222ecd88ff0 Thread exited: 0x00000222ecd88ff0
Event: 81.288 Thread 0x00000222ecd8b0c0 Thread exited: 0x00000222ecd8b0c0
Event: 81.475 Thread 0x00000222ecd8cb00 Thread exited: 0x00000222ecd8cb00
Event: 81.477 Thread 0x00000222f725b040 Thread exited: 0x00000222f725b040
Event: 88.354 Thread 0x00000222ecd89d10 Thread exited: 0x00000222ecd89d10
Event: 99.916 Thread 0x00000222ec629bb0 Thread added: 0x00000222f4e32080


Dynamic libraries:
0x00007ff60ec90000 - 0x00007ff60ec9a000 	C:\Program Files\Android\Android Studio\jbr\bin\java.exe
0x00007ffa86990000 - 0x00007ffa86ba8000 	C:\WINDOWS\SYSTEM32\ntdll.dll
0x00007ffa858a0000 - 0x00007ffa85964000 	C:\WINDOWS\System32\KERNEL32.DLL
0x00007ffa83bc0000 - 0x00007ffa83f93000 	C:\WINDOWS\System32\KERNELBASE.dll
0x00007ffa83aa0000 - 0x00007ffa83bb1000 	C:\WINDOWS\System32\ucrtbase.dll
0x00007ffa41640000 - 0x00007ffa41658000 	C:\Program Files\Android\Android Studio\jbr\bin\jli.dll
0x00007ffa865c0000 - 0x00007ffa86772000 	C:\WINDOWS\System32\USER32.dll
0x00007ffa84230000 - 0x00007ffa84256000 	C:\WINDOWS\System32\win32u.dll
0x00007ffa85bf0000 - 0x00007ffa85c19000 	C:\WINDOWS\System32\GDI32.dll
0x00007ffa12610000 - 0x00007ffa1262b000 	C:\Program Files\Android\Android Studio\jbr\bin\VCRUNTIME140.dll
0x00007ffa84490000 - 0x00007ffa845ab000 	C:\WINDOWS\System32\gdi32full.dll
0x00007ffa83fa0000 - 0x00007ffa8403a000 	C:\WINDOWS\System32\msvcp_win.dll
0x00007ffa63740000 - 0x00007ffa639dc000 	C:\WINDOWS\WinSxS\amd64_microsoft.windows.common-controls_6595b64144ccf1df_6.0.22621.6060_none_2712eda17382d24b\COMCTL32.dll
0x00007ffa86490000 - 0x00007ffa86537000 	C:\WINDOWS\System32\msvcrt.dll
0x00007ffa86230000 - 0x00007ffa86261000 	C:\WINDOWS\System32\IMM32.DLL
0x00007ffa12600000 - 0x00007ffa1260c000 	C:\Program Files\Android\Android Studio\jbr\bin\vcruntime140_1.dll
0x00007ffa20430000 - 0x00007ffa204bd000 	C:\Program Files\Android\Android Studio\jbr\bin\msvcp140.dll
0x00007ffa12630000 - 0x00007ffa132c6000 	C:\Program Files\Android\Android Studio\jbr\bin\server\jvm.dll
0x00007ffa86170000 - 0x00007ffa86221000 	C:\WINDOWS\System32\ADVAPI32.dll
0x00007ffa85c20000 - 0x00007ffa85cc8000 	C:\WINDOWS\System32\sechost.dll
0x00007ffa84040000 - 0x00007ffa84068000 	C:\WINDOWS\System32\bcrypt.dll
0x00007ffa86780000 - 0x00007ffa86898000 	C:\WINDOWS\System32\RPCRT4.dll
0x00007ffa852e0000 - 0x00007ffa85351000 	C:\WINDOWS\System32\WS2_32.dll
0x00007ffa828b0000 - 0x00007ffa828fd000 	C:\WINDOWS\SYSTEM32\POWRPROF.dll
0x00007ffa7d9b0000 - 0x00007ffa7d9e4000 	C:\WINDOWS\SYSTEM32\WINMM.dll
0x00007ffa80e90000 - 0x00007ffa80e9a000 	C:\WINDOWS\SYSTEM32\VERSION.dll
0x00007ffa82890000 - 0x00007ffa828a3000 	C:\WINDOWS\SYSTEM32\UMPDC.dll
0x00007ffa82b30000 - 0x00007ffa82b48000 	C:\WINDOWS\SYSTEM32\kernel.appcore.dll
0x00007ffa125f0000 - 0x00007ffa125fa000 	C:\Program Files\Android\Android Studio\jbr\bin\jimage.dll
0x00007ffa80b00000 - 0x00007ffa80d33000 	C:\WINDOWS\SYSTEM32\DBGHELP.DLL
0x00007ffa854e0000 - 0x00007ffa85871000 	C:\WINDOWS\System32\combase.dll
0x00007ffa84940000 - 0x00007ffa84a18000 	C:\WINDOWS\System32\OLEAUT32.dll
0x00007ffa66620000 - 0x00007ffa66652000 	C:\WINDOWS\SYSTEM32\dbgcore.DLL
0x00007ffa845b0000 - 0x00007ffa8462b000 	C:\WINDOWS\System32\bcryptPrimitives.dll
0x00007ffa67f00000 - 0x00007ffa67f0e000 	C:\Program Files\Android\Android Studio\jbr\bin\instrument.dll
0x00007ffa125d0000 - 0x00007ffa125f0000 	C:\Program Files\Android\Android Studio\jbr\bin\java.dll
0x00007ffa125b0000 - 0x00007ffa125c8000 	C:\Program Files\Android\Android Studio\jbr\bin\zip.dll
0x00007ffa84a40000 - 0x00007ffa852dc000 	C:\WINDOWS\System32\SHELL32.dll
0x00007ffa84070000 - 0x00007ffa841af000 	C:\WINDOWS\System32\wintypes.dll
0x00007ffa81930000 - 0x00007ffa8224a000 	C:\WINDOWS\SYSTEM32\windows.storage.dll
0x00007ffa85360000 - 0x00007ffa85464000 	C:\WINDOWS\System32\SHCORE.dll
0x00007ffa85470000 - 0x00007ffa854d9000 	C:\WINDOWS\System32\shlwapi.dll
0x00007ffa839d0000 - 0x00007ffa839f5000 	C:\WINDOWS\SYSTEM32\profapi.dll
0x00007ffa11c70000 - 0x00007ffa11c80000 	C:\Program Files\Android\Android Studio\jbr\bin\net.dll
0x00007ffa7e930000 - 0x00007ffa7ea5c000 	C:\WINDOWS\SYSTEM32\WINHTTP.dll
0x00007ffa82ff0000 - 0x00007ffa83059000 	C:\WINDOWS\system32\mswsock.dll
0x00007ffa11c50000 - 0x00007ffa11c66000 	C:\Program Files\Android\Android Studio\jbr\bin\nio.dll
0x00007ffa83340000 - 0x00007ffa8335b000 	C:\WINDOWS\SYSTEM32\CRYPTSP.dll
0x00007ffa82a90000 - 0x00007ffa82ac7000 	C:\WINDOWS\system32\rsaenh.dll
0x00007ffa83090000 - 0x00007ffa830b8000 	C:\WINDOWS\SYSTEM32\USERENV.dll
0x00007ffa83320000 - 0x00007ffa8332c000 	C:\WINDOWS\SYSTEM32\CRYPTBASE.dll
0x00007ffa825b0000 - 0x00007ffa825dd000 	C:\WINDOWS\SYSTEM32\IPHLPAPI.DLL
0x00007ffa846c0000 - 0x00007ffa846c9000 	C:\WINDOWS\System32\NSI.dll
0x00007ffa29a30000 - 0x00007ffa29a39000 	C:\Program Files\Android\Android Studio\jbr\bin\extnet.dll
0x00007ffa11580000 - 0x00007ffa11590000 	C:\Program Files\Android\Android Studio\jbr\bin\verify.dll
0x00007ffa693c0000 - 0x00007ffa69559000 	C:\Program Files\Android\Android Studio\jbr\bin\awt.dll
0x00007ffa80490000 - 0x00007ffa804bb000 	C:\WINDOWS\SYSTEM32\dwmapi.dll
0x00007ffa455b0000 - 0x00007ffa4562a000 	C:\WINDOWS\SYSTEM32\OLEACC.dll
0x00007ffa69150000 - 0x00007ffa69194000 	C:\Program Files\Android\Android Studio\jbr\bin\nvdaControllerClient64.dll
0x00007ffa7cd90000 - 0x00007ffa7ce27000 	C:\WINDOWS\SYSTEM32\apphelp.dll
0x00007ffa801d0000 - 0x00007ffa80283000 	C:\WINDOWS\system32\uxtheme.dll
0x00007ffa846d0000 - 0x00007ffa84830000 	C:\WINDOWS\System32\MSCTF.dll
0x00007ffa862e0000 - 0x00007ffa86481000 	C:\WINDOWS\System32\ole32.dll
0x00007ffa82900000 - 0x00007ffa82914000 	C:\WINDOWS\system32\Wtsapi32.dll
0x00007ffa82540000 - 0x00007ffa825ac000 	C:\WINDOWS\SYSTEM32\WINSTA.dll
0x00007ffa57110000 - 0x00007ffa57210000 	C:\WINDOWS\system32\opengl32.dll
0x00007ffa58840000 - 0x00007ffa5886d000 	C:\WINDOWS\SYSTEM32\GLU32.dll
0x00007ffa80ab0000 - 0x00007ffa80ae7000 	C:\WINDOWS\SYSTEM32\dxcore.dll
0x00007ff9cdea0000 - 0x00007ff9cec15000 	C:\Users\georg\.skiko\skiko-windows-x64-76e426d871b4e9e9265fc12f5b8f197ee4127ce920648958aaf2d1bbd4a743aa\skiko-windows-x64.dll
0x00007ffa7f820000 - 0x00007ffa7f928000 	C:\WINDOWS\SYSTEM32\PROPSYS.dll
0x00007ffa7bb30000 - 0x00007ffa7bda8000 	C:\WINDOWS\SYSTEM32\dwrite.dll
0x00007ffa6ce60000 - 0x00007ffa6d01a000 	C:\WINDOWS\WinSxS\amd64_microsoft.windows.gdiplus_6595b64144ccf1df_1.1.22621.6133_none_57fa9b2cce184d48\gdiplus.dll
0x00007ffa681d0000 - 0x00007ffa68257000 	C:\Program Files\Android\Android Studio\jbr\bin\freetype.dll
0x00007ffa680d0000 - 0x00007ffa681c3000 	C:\Program Files\Android\Android Studio\jbr\bin\fontmanager.dll
0x00007ffa868a0000 - 0x00007ffa86950000 	C:\WINDOWS\System32\clbcatq.dll
0x00007ffa7ffc0000 - 0x00007ffa80172000 	C:\WINDOWS\SYSTEM32\WindowsCodecs.dll
0x00007ffa4c890000 - 0x00007ffa4c8ee000 	C:\WINDOWS\system32\dataexchange.dll
0x00007ffa78cd0000 - 0x00007ffa78f76000 	C:\WINDOWS\system32\twinapi.appcore.dll
0x00007ffa813c0000 - 0x00007ffa813c7000 	C:\Program Files\Android\Android Studio\jbr\bin\jawt.dll
0x00007ffa802d0000 - 0x00007ffa803c7000 	C:\WINDOWS\SYSTEM32\Dxgi.dll
0x00007ffa7a310000 - 0x00007ffa7a359000 	C:\WINDOWS\SYSTEM32\directxdatabasehelper.dll
0x00007ffa6b940000 - 0x00007ffa6b966000 	C:\WINDOWS\SYSTEM32\D3D12.dll
0x00007ffa4afa0000 - 0x00007ffa4b1a3000 	C:\WINDOWS\SYSTEM32\D3D12Core.dll
0x00007ffa83790000 - 0x00007ffa837de000 	C:\WINDOWS\SYSTEM32\cfgmgr32.dll
0x00007ffa73170000 - 0x00007ffa76906000 	C:\WINDOWS\System32\DriverStore\FileRepository\iigd_dch.inf_amd64_ee473bb1b3cf1637\igc64.dll
0x00007ffa6b970000 - 0x00007ffa6b994000 	C:\WINDOWS\System32\DriverStore\FileRepository\iigd_dch.inf_amd64_ee473bb1b3cf1637\igd12umd64.dll
0x00007ff9c1160000 - 0x00007ff9c1ba2000 	C:\WINDOWS\System32\DriverStore\FileRepository\iigd_dch.inf_amd64_ee473bb1b3cf1637\igd12um64kbl.dll
0x00007ffa84260000 - 0x00007ffa843c8000 	C:\WINDOWS\System32\CRYPT32.dll
0x00007ffa76910000 - 0x00007ffa76d19000 	C:\WINDOWS\System32\DriverStore\FileRepository\iigd_dch.inf_amd64_ee473bb1b3cf1637\igdgmm64.dll
0x00007ffa69240000 - 0x00007ffa6926f000 	C:\WINDOWS\SYSTEM32\D3DSCache.dll
0x00007ff9d63d0000 - 0x00007ff9d94b8000 	C:\WINDOWS\System32\DriverStore\FileRepository\iigd_dch.inf_amd64_ee473bb1b3cf1637\igd12dxva64.dll
0x00007ffa85ce0000 - 0x00007ffa86154000 	C:\WINDOWS\System32\SETUPAPI.dll
0x00007ffa61650000 - 0x00007ffa61677000 	C:\WINDOWS\System32\DriverStore\FileRepository\iigd_dch.inf_amd64_ee473bb1b3cf1637\igdinfo64.dll
0x00007ffa812d0000 - 0x00007ffa812d9000 	C:\Program Files\Android\Android Studio\jbr\bin\prefs.dll
0x00007ffa825e0000 - 0x00007ffa826d8000 	C:\WINDOWS\SYSTEM32\DNSAPI.dll
0x0000000073ff0000 - 0x0000000074016000 	C:\Program Files\Bonjour\mdnsNSP.dll
0x00007ffa7a640000 - 0x00007ffa7a64a000 	C:\Windows\System32\rasadhlp.dll
0x00007ffa7cb30000 - 0x00007ffa7cbb4000 	C:\WINDOWS\System32\fwpuclnt.dll
0x00007ffa7c010000 - 0x00007ffa7c265000 	C:\WINDOWS\SYSTEM32\dcomp.dll
0x00007ffa7b150000 - 0x00007ffa7b536000 	C:\WINDOWS\SYSTEM32\d3dcompiler_47.dll
0x00007ffa6d0f0000 - 0x00007ffa6d235000 	C:\WINDOWS\SYSTEM32\textinputframework.dll
0x00007ffa61fc0000 - 0x00007ffa6200b000 	C:\WINDOWS\system32\ApplicationTargetedFeatureDatabase.dll
0x00007ffa2f6c0000 - 0x00007ffa2f83e000 	C:\WINDOWS\SYSTEM32\dxilconv.dll
0x00007ffa520a0000 - 0x00007ffa52161000 	C:\WINDOWS\SYSTEM32\TextShaping.dll

JVMTI agents:
C:\Users\georg\.gradle\caches\modules-2\files-2.1\org.jetbrains.compose.hot-reload\hot-reload-agent\1.0.0\b51a332b8899c060187ace065fef8c8eb62acfcc\hot-reload-agent-1.0.0.jar path:C:\Program Files\Android\Android Studio\jbr\bin\instrument.dll, loaded, initialized, instrumentlib options:none

dbghelp: loaded successfully - version: 4.0.5 - missing functions: none
symbol engine: initialized successfully - sym options: 0x614 - pdb path: .;C:\Program Files\Android\Android Studio\jbr\bin;C:\WINDOWS\SYSTEM32;C:\WINDOWS\WinSxS\amd64_microsoft.windows.common-controls_6595b64144ccf1df_6.0.22621.6060_none_2712eda17382d24b;C:\Program Files\Android\Android Studio\jbr\bin\server;C:\Users\georg\.skiko\skiko-windows-x64-76e426d871b4e9e9265fc12f5b8f197ee4127ce920648958aaf2d1bbd4a743aa;C:\WINDOWS\WinSxS\amd64_microsoft.windows.gdiplus_6595b64144ccf1df_1.1.22621.6133_none_57fa9b2cce184d48;C:\WINDOWS\System32\DriverStore\FileRepository\iigd_dch.inf_amd64_ee473bb1b3cf1637;C:\Program Files\Bonjour

VM Arguments:
jvm_args: -Dcompose.reload.argfile=C:\PROFESSIONAL\Kotlin_Datas\Company\DrcMind\kelasi-client\composeApp\build\run\jvmMain\jvmMain.argfile -Dcompose.reload.build.continuous=false -Dcompose.reload.build.warmup=true -Dcompose.reload.buildSystem=Gradle -Dcompose.reload.devToolsAnimationsEnabled=true -Dcompose.reload.devToolsClasspath=C:\Users\georg\.gradle\caches\modules-2\files-2.1\org.jetbrains.compose.hot-reload\hot-reload-devtools\1.0.0\8cf7f8a3e0c5ca40edcd31621bb2c54637dad97f\hot-reload-devtools-1.0.0.jar;C:\Users\georg\.gradle\caches\modules-2\files-2.1\org.jetbrains.compose.hot-reload\hot-reload-devtools-api\1.0.0\6f078e0689bb84d71ff62bdb898addec7b9e0c7d\hot-reload-devtools-api-1.0.0.jar;C:\Users\georg\.gradle\caches\modules-2\files-2.1\org.jetbrains.compose.hot-reload\hot-reload-orchestration\1.0.0\c84a13f251d2ba726bffe77f47f2a37fba14d3a\hot-reload-orchestration-1.0.0.jar;C:\Users\georg\.gradle\caches\modules-2\files-2.1\org.jetbrains.compose.hot-reload\hot-reload-core\1.0.0\b9e821084415adea5d981fb5a22a57ad94614fe1\hot-reload-core-1.0.0.jar;C:\Users\georg\.gradle\caches\modules-2\files-2.1\org.jetbrains.compose.hot-reload\hot-reload-runtime-api-jvm\1.0.0\b4c35542b0fe4f3743939f0e7a19739df369fa2e\hot-reload-runtime-api-jvm-1.0.0.jar;C:\Users\georg\.gradle\caches\modules-2\files-2.1\org.jetbrains.compose.desktop\desktop-jvm\1.9.0\760a7f1c3278719f2ab9fa443228956e64a7a18e\desktop-jvm-1.9.0.jar;C:\Users\georg\.gradle\caches\modules-2\files-2.1\org.jetbrains.compose.components\components-resources-desktop\1.9.0\263d44e856cb89a759959eec68dafae6d1931110\library-desktop-1.9.0.jar;C:\Users\georg\.gradle\caches\modules-2\files-2.1\io.sellmair\evas-compose-jvm\1.3.0\1214dcce9040d1b9f856b02b443cf8c2ebe1573a\evas-compose-jvm-1.3.0.jar;C:\Users\georg\.gradle\caches\modules-2\files-2.1\io.sellmair\evas-jvm\1.3.0\74c1f6c46502ffda615a698c02b3166fc7e9b2b2\evas-jvm-1.3.0.jar;C:\Users\georg\.gradle\caches\modules-2\files-2.1\org.jetbrains.skiko\skiko-awt-runtime-windows-x64\0.9.22.2\fe554a74845abbd5710ef36d27421c470bbd996f\skiko-awt-runtime-windows-x64-0.9.22.2.jar;C:\Users\georg\.gradle\caches\modules-2\files-2.1\org.jetbrains.compose.material3\material3-desktop\1.8.2\1f1f838506ceb2c25499517559f120517770b014\material3-desktop-1.8.2.jar;C:\Users\georg\.gradle\caches\modules-Dcompose.reload.devToolsDetached=false -Dcompose.reload.devToolsEnabled=true -Dcompose.reload.devToolsHeadless=false -Dcompose.reload.devToolsTransparencyEnabled=true -Dcompose.reload.dirtyResolveDepthLimit=5 -Dcompose.reload.effectsEnabled=true -Dcompose.reload.isActive=true -Dcompose.reload.launchMode=GradleBlocking -Dcompose.reload.logLevel=Info -Dcompose.reload.logStdout=false -Dcompose.reload.mainClass=com.drcmind.kelasisuite.MainKt -Dcompose.reload.pidFile=C:\PROFESSIONAL\Kotlin_Datas\Company\DrcMind\kelasi-client\composeApp\build\run\jvmMain\jvmMain.pid -Dcompose.reload.virtualMethodResolveEnabled=true -Dgradle.build.project=:composeApp -Dgradle.build.root=C:\PROFESSIONAL\Kotlin_Datas\Company\DrcMind\kelasi-client -Dgradle.build.task=hotReloadJvmMain -Dorg.gradle.java.home=C:\Program Files\Android\Android Studio\jbr -XX:+IgnoreUnrecognizedVMOptions -XX:+AllowEnhancedClassRedefinition -javaagent:C:\Users\georg\.gradle\caches\modules-2\files-2.1\org.jetbrains.compose.hot-reload\hot-reload-agent\1.0.0\b51a332b8899c060187ace065fef8c8eb62acfcc\hot-reload-agent-1.0.0.jar -Dfile.encoding=UTF-8 -Duser.country=US -Duser.language=en -Duser.variant 
java_command: com.drcmind.kelasisuite.MainKt
java_class_path (initial): C:\Users\georg\.gradle\caches\modules-2\files-2.1\org.jetbrains.compose.hot-reload\hot-reload-agent\1.0.0\b51a332b8899c060187ace065fef8c8eb62acfcc\hot-reload-agent-1.0.0.jar;C:\Users\georg\.gradle\caches\modules-2\files-2.1\org.jetbrains.compose.hot-reload\hot-reload-orchestration\1.0.0\c84a13f251d2ba726bffe77f47f2a37fba14d3a\hot-reload-orchestration-1.0.0.jar;C:\Users\georg\.gradle\caches\modules-2\files-2.1\org.jetbrains.compose.hot-reload\hot-reload-analysis\1.0.0\54ec8732857a55bd8a5308f3a7441543744eac73\hot-reload-analysis-1.0.0.jar;C:\Users\georg\.gradle\caches\modules-2\files-2.1\org.jetbrains.compose.hot-reload\hot-reload-core\1.0.0\b9e821084415adea5d981fb5a22a57ad94614fe1\hot-reload-core-1.0.0.jar;C:\Users\georg\.gradle\caches\modules-2\files-2.1\org.javassist\javassist\3.30.2-GA\284580b5e42dfa1b8267058566435d9e93fae7f7\javassist-3.30.2-GA.jar;C:\Users\georg\.gradle\caches\modules-2\files-2.1\org.ow2.asm\asm-tree\9.8\18419ca5b77a2f81097c741e7872e6ab8d2f40d\asm-tree-9.8.jar;C:\Users\georg\.gradle\caches\modules-2\files-2.1\org.ow2.asm\asm\9.8\dc19ecb3f7889b7860697215cae99c0f9b6f6b4b\asm-9.8.jar;C:\Users\georg\.gradle\caches\modules-2\files-2.1\org.jetbrains.compose.hot-reload\hot-reload-annotations-jvm\1.0.0\4c2dbc6fe7ff43481c1ef134b21219e0f76b66f9\hot-reload-annotations-jvm-1.0.0.jar;C:\PROFESSIONAL\Kotlin_Datas\Company\DrcMind\kelasi-client\composeApp\build\run\jvmMain\classpath\hot;C:\PROFESSIONAL\Kotlin_Datas\Company\DrcMind\kelasi-client\composeApp\build\run\jvmMain\classpath\classes;C:\Users\georg\.gradle\caches\modules-2\files-2.1\org.jetbrains.compose.hot-reload\hot-reload-runtime-jvm\1.0.0\986aadbf87fda8525e55b3d675694795c51d407b\hot-reload-runtime-jvm-1.0.0.jar;C:\Users\georg\.gradle\caches\modules-2\files-2.1\io.ktor\ktor-client-content-negotiation-jvm\3.4.3\18a80220c40429a888d0ae152846b58bf01f3713\ktor-client-content-negotiation-jvm-3.4.3.jar;C:\Users\georg\.gradle\caches\modules-2\files-2.1\io.ktor\ktor-client-serialization-jvm\3.4.3\c3391d21b9ad0d13a750d9d50fd04988aa9961a1\ktor-client-serialization-jvm-3.4.3.jar;C:\Users\georg\.gradle\caches\modules-2\files-2.1\io.ktor\ktor-client-auth-jvm\3.4.3\87e296fad65203c5d81fe3ca3ba2d2dcc475b472\ktor-client-auth-jvm-3.4.3.jar;C:\Users\georg\.gradle\caches\modules-2\files-2.1\io.ktor\ktor-client-logging-jvm\3.4.3\b7811d58a106b36d9a6cee14199cfdfd8b426827\ktor-client-logging-jvm-3.4.3.jar;C:\Users\georg\.gradle\caches\modules-2\files-2.1\io.ktor\ktor-client-okhttp-jvm\3.4.3\2fea8322fdf9a32ef697b5536c1b7c2ca1b3831\ktor-client-okhttp-jvm-3.4.3.jar;C:\Users\georg\.gradle\caches\modules-2\files-2.1\io.ktor\ktor-client-json-jvm\3.4.3\32eb1654d349f2f7de2013ccf99ecc412fbb9118\ktor-client-json-jvm-3.4.3.jar;C:\Users\georg\.gradle\caches\modules-2\files-2.1\io.ktor\ktor-client-core-jvm\3.4.3\d13ae94f2d8d9a88fafa7299f2115dabc909d3b6\ktor-client-core-jvm-3.4.3.jar;C:\Users\georg\.gradle\caches\modules-2\files-2.1\org.jetbrains.kotlinx\kotlinx-coroutines-slf4j\1.10.2\1271f9d4a929150bb87ab8d1dc1e86d4bcf039f3\kotlinx-coroutines-slf4j-1.10.2.jar;C:\Users\georg\.gradle\caches\modules-2\files-2.1\org.jetbrains.compose.components\components-resources-desktop\1.10.3\c6115b607f77e9d033de360f989850d3824bf112\library-desktop-1.10.3.jar;C:\Users\georg\.gradle\caches\modules-2\files-2.1\io.ktor\ktor-serialization-kotlinx-json-jvm\3.4.3\24821671212efaaa060be9036d4b1c680c9621cd\ktor-serialization-kotlinx-json-jvm-3.4.3.jar;C:\Users\georg\.gradle\caches\modules-2\files-2.1\io.github.vinceglb\filekit-dialogs-compose-jvm\0.14.0\3ec80fcfbd99c0798de6212086e1da1f15a5a6f0\filekit-dialogs-compose-jvm.jar;C:\Users\georg\.gradle\caches\modules-2\files-2.1\io.github.vinceglb\filekit-dialogs-jvm\0.14.0\1ddbcc60c4aa7d70e073f35642bb997abfedea2a\filekit-dialogs-jvm.jar;C:\Users\georg\.gradle\caches\modules-2\files-2.1\io.github.vinceglb\filekit-core-jvm\0.14.0\c67fbc9fb4bdf5359ea3a407dbb2375337c1f287\filekit-core-jvm.jar;C:\Users\georg\.gradle\caches\modules-2\files-2.1\com.patrykandpatrick.vico\compose-m3-desktop\3.1.0\ca4b3d4b3aa4d5a7224a990c4ced553ce908c097\compose-m3-desktop-3.1.0.jar;C:\Users\georg\.gradle\caches\modules-2\files-2.1\com.patrykandpatrick.vico\compose-desktop\3.1.0\fc93c08d5b9a983daf7de05c159401e9630624aa\compose-desktop-3.1.0.jar;C:\Users\georg\.gradle\caches\modules-2\files-2.1\org.jetbrains.compose.desktop\desktop-jvm\1.10.3\42facd9840309ac4eb841a986c5d1b97d2780471\desktop-jvm-1.10.3.jar;C:\Users\georg\.gradle\caches\modules-2\files-2.1\org.jetbrains.compose.material3\material3-desktop\1.11.0-alpha07\422cb57765628e3959d1e27ac46660593643296b\material3-desktop-1.11.0-alpha07.jar;C:\Users\georg\.gradle\caches\modules-2\files-2.1\org.jetbrains.compose.material3\material3-adaptive-navigation-suite-desktop\1.11.0-alpha07\93e5b38e7fb8c5f6a05da54fbbb325ef49b43b6e\material3-adaptive-navigation-suite-desktop-1.11.0-alpha07.jar;C:\Users\georg\.gradle\caches\modules-2\files-2.1\org.jetbrains.compose.material3.adaptive\adaptive-layout-desktop\1.3.0-alpha07\2ecf76d2291e8b236ad740086f977c6f8ed96f6\adaptive-layout-desktop-1.3.0-alpha07.jar;C:\Users\georg\.gradle\caches\modules-2\files-2.1\org.jetbrains.compose.material3.adaptive\adaptive-desktop\1.3.0-alpha07\e19336f876a15a436fc2c75f44497569898e9e31\adaptive-desktop-1.3.0-alpha07.jar;C:\Users\georg\.gradle\caches\modules-2\files-2.1\org.jetbrains.compose.material3.adaptive\adaptive-navigation-desktop\1.3.0-alpha07\820afdf376db974ef9d6bd53d7aa9a934ef8d1b6\adaptive-navigation-desktop-1.3.0-alpha07.jar;C:\Users\georg\.gradle\caches\modules-2\files-2.1\org.jetbrains.compose.material3.adaptive\adaptive-navigation3-desktop\1.3.0-alpha07\d78e313832fb1ade72b1f21c82df8a3b7f44c1da\adaptive-navigation3-desktop-1.3.0-alpha07.jar;C:\Users\georg\.gradle\caches\modules-2\files-2.1\org.jetbrains.androidx.navigation3\navigation3-ui-desktop\1.1.0\383c8dbbe79bd20c18c205488b8605d922cd1596\navigation3-ui-desktop-1.1.0.jar;C:\Users\georg\.gradle\caches\modules-2\files-2.1\org.jetbrains.androidx.lifecycle\lifecycle-viewmodel-navigation3-desktop\2.10.0\9a3bf348d6e5ce6b167912928fa6658a319d231b\lifecycle-viewmodel-navigation3-desktop-2.10.0.jar;C:\Users\georg\.gradle\caches\modules-2\files-2.1\androidx.navigation3\navigation3-runtime-desktop\1.1.0\f97607fbd9cd1c2a196dbdf2440b6ca78010c08a\navigation3-runtime-desktop-1.1.0.jar;C:\Users\georg\.gradle\caches\modules-2\files-2.1\org.jetbrains.androidx.navigationevent\navigationevent-compose-desktop\1.0.1\ecaf02060a048a1f82584fe328e4e02fe6f982ad\navigationevent-compose-desktop-1.0.1.jar;C:\Users\georg\.gradle\caches\modules-2\files-2.1\io.insert-koin\koin-compose-viewmodel-jvm\4.2.1\fc97d157cb05a8b4026f5f89765aa94949862778\koin-compose-viewmodel-jvm-4.2.1.jar;C:\Users\georg\.gradle\caches\modules-2\files-2.1\org.jetbrains.androidx.lifecycle\lifecycle-viewmodel-compose-desktop\2.10.0\a59cd3cec34b5b7519ca3245b0d160dfd12a5891\lifecycle-viewmodel-compose-desktop-2.10.0.jar;C:\Users\georg\.gradle\caches\modules-2\files-2.1\org.jetbrains.compose.material\material-icons-extended-desktop\1.7.3\c7c5465dd754043076875b32bce0dd7f5a354fe8\material-icons-extended-desktop-1.7.3.jar;C:\Users\georg\.gradle\caches\modules-2\files-2.1\org.jetbrains.compose.material\material-icons-core-desktop\1.7.3\414b3096050fe647b0638832eace80f22c06b85c\material-icons-core-desktop-1.7.3.jar;C:\Users\georg\.gradle\caches\modules-2\files-2.1\org.jetbrains.compose.material\material-desktop\1.10.3\63e1c3c6705d111bf84e41110e7729df5b85163e\material-desktop-1.10.3.jar;C:\Users\georg\.gradle\caches\modules-2\files-2.1\io.insert-koin\koin-compose-jvm\4.2.1\f8d7e9c3bc6ab356961774f56a9e844158b1de42\koin-compose-jvm-4.2.1.jar;C:\Users\georg\.gradle\caches\modules-2\files-2.1\org.jetbrains.compose.foundation\foundation-layout-desktop\1.11.0-beta03\90eb05caff115d62889f9ee63c3d96280cddfbfd\foundation-layout-desktop-1.11.0-beta03.jar;C:\Users\georg\.gradle\caches\modules-2\files-2.1\org.jetbrains.compose.material\material-ripple-desktop\1.11.0-beta03\ae97a5eeb23bc3f461bc3e16e2a9882175405d17\material-ripple-desktop-1.11.0-beta03.jar;C:\Users\georg\.gradle\caches\modules-2\files-2.1\org.jetbrains.compose.foundation\foundation-desktop\1.11.0-beta03\821da3903ada0ba21bd1655ebf33663318a6e001\foundation-desktop-1.11.0-beta03.jar;C:\Users\georg\.gradle\caches\modules-2\files-2.1\org.jetbrains.compose.animation\animation-desktop\1.11.0-beta03\f873fb28f1a08d45a4dd20a0130b3da8cadf383c\animation-desktop-1.11.0-beta03.jar;C:\Users\georg\.gradle\caches\modules-2\files-2.1\org.jetbrains.compose.animation\animation-core-desktop\1.11.0-beta03\1bf633ecd1a38a1cf7a41630bc56cba0da9cc25b\animation-core-desktop-1.11.0-beta03.jar;C:\Users\georg\.gradle\caches\modules-2\files-2.1\org.jetbrains.compose.ui\ui-tooling-preview-desktop\1.11.0-beta03\97ec578d33adc34adcaa63e9af7bb2328c6c29b7\ui-tooling-preview-desktop-1.11.0-beta03.jar;C:\Users\georg\.gradle\caches\modules-2\files-2.1\org.jetbrains.compose.ui\ui-geometry-desktop\1.11.0-beta03\5e430152487375359973ac9874653d335dcc220\ui-geometry-desktop-1.11.0-beta03.jar;C:\Users\georg\.gradle\caches\modules-2\files-2.1\org.jetbrains.compose.ui\ui-unit-desktop\1.11.0-beta03\f6c06f98da206d01dc40c1587c6bc4c40cbef623\ui-unit-desktop-1.11.0-beta03.jar;C:\Users\georg\.gradle\caches\modules-2\files-2.1\org.jetbrains.compose.ui\ui-graphics-desktop\1.11.0-beta03\8529f012163189a869484f557be68750df22bc11\ui-graphics-desktop-1.11.0-beta03.jar;C:\Users\georg\.gradle\caches\modules-2\files-2.1\org.jetbrains.compose.ui\ui-util-desktop\1.11.0-beta03\4302c582878b82ab24e1f34e6e90f967f7b416ed\ui-util-desktop-1.11.0-beta03.jar;C:\Users\georg\.gradle\caches\modules-2\files-2.1\org.jetbrains.compose.ui\ui-text-desktop\1.11.0-beta03\6ded685e2601260d6231c859a849b96ee6c60368\ui-text-desktop-1.11.0-beta03.jar;C:\Users\georg\.gradle\caches\modules-2\files-2.1\org.jetbrains.compose.ui\ui-backhandler-desktop\1.11.0-beta03\bd3540bb1d6abd60c5e58f32663b2f3e89406cd1\ui-backhandler-desktop-1.11.0-beta03.jar;C:\Users\georg\.gradle\caches\modules-2\files-2.1\org.jetbrains.compose.ui\ui-desktop\1.11.0-beta03\5c861bcb14e673a143a63a340fed3bf7583d7275\ui-desktop-1.11.0-beta03.jar;C:\Users\georg\.gradle\caches\modules-2\files-2.1\androidx.navigationevent\navigationevent-desktop\1.0.2\ddb1e7fe97ed51c3d35bba493f97fcf12398719\navigationevent-desktop-1.0.2.jar;C:\Users\georg\.gradle\caches\modules-2\files-2.1\io.ktor\ktor-http-cio-jvm\3.4.3\b5009e1cc40b502c90c245ea4fd48f95b4a6a09b\ktor-http-cio-jvm-3.4.3.jar;C:\Users\georg\.gradle\caches\modules-2\files-2.1\io.ktor\ktor-websocket-serialization-jvm\3.4.3\428641dfad289035953735480a20605a0a3d388e\ktor-websocket-serialization-jvm-3.4.3.jar;C:\Users\georg\.gradle\caches\modules-2\files-2.1\io.ktor\ktor-serialization-kotlinx-jvm\3.4.3\ba16178b0f5ab132b866650c062f31d539d4ed73\ktor-serialization-kotlinx-jvm-3.4.3.jar;C:\Users\georg\.gradle\caches\modules-2\files-2.1\io.ktor\ktor-serialization-jvm\3.4.3\9cb3959a7795a303a2b0c9dd9a152cf87c81418b\ktor-serialization-jvm-3.4.3.jar;C:\Users\georg\.gradle\caches\modules-2\files-2.1\io.ktor\ktor-websockets-jvm\3.4.3\9b13706fbdb3c7f5065d71e0d1f17eabda34dbc0\ktor-websockets-jvm-3.4.3.jar;C:\Users\georg\.gradle\caches\modules-2\files-2.1\io.ktor\ktor-http-jvm\3.4.3\1d6f033087f8d270ce06cc8471bc3d805472381f\ktor-http-jvm-3.4.3.jar;C:\Users\georg\.gradle\caches\modules-2\files-2.1\io.ktor\ktor-events-jvm\3.4.3\21cfaab46ef1538c930781d0fc4ad30817f18bb9\ktor-events-jvm-3.4.3.jar;C:\Users\georg\.gradle\caches\modules-2\files-2.1\io.ktor\ktor-sse-jvm\3.4.3\f72b604fbe908f7a8f26be2e472dfe8fe0e8ce31\ktor-sse-jvm-3.4.3.jar;C:\Users\georg\.gradle\caches\modules-2\files-2.1\io.insert-koin\koin-core-viewmodel-jvm\4.2.1\92aa64c77993a8023a838a4f96bf84d6a492d126\koin-core-viewmodel-jvm-4.2.1.jar;C:\Users\georg\.gradle\caches\modules-2\files-2.1\androidx.compose.runtime\runtime-annotation-jvm\1.11.0-rc01\db4aa964627ac96331b72e231b9ad54318d112f4\runtime-annotation-jvm-1.11.0-rc01.jar;C:\Users\georg\.gradle\caches\modules-2\files-2.1\androidx.compose.runtime\runtime-retain-desktop\1.11.0-rc01\3aa3ec26ef2a3d26bc556b51b33d09efc1a198e8\runtime-retain-desktop-1.11.0-rc01.jar;C:\Users\georg\.gradle\caches\modules-2\files-2.1\androidx.compose.runtime\runtime-saveable-desktop\1.11.0-rc01\1618fae89791692a224fe7aa79edbd7a8f5b7522\runtime-saveable-desktop-1.11.0-rc01.jar;C:\Users\georg\.gradle\caches\modules-2\files-2.1\org.jetbrains.androidx.savedstate\savedstate-compose-desktop\1.3.6\63692375ffe667f12cb3ea8aa1e605d659ed2add\savedstate-compose-desktop-1.3.6.jar;C:\Users\georg\.gradle\caches\modules-2\files-2.1\androidx.savedstate\savedstate-compose-desktop\1.4.0\d3d6e0e2108528eb6080dc250da925a572be4202\savedstate-compose-desktop-1.4.0.jar;C:\Users\georg\.gradle\caches\modules-2\files-2.1\androidx.compose.runtime\runtime-desktop\1.11.0-rc01\175abab71b8fd8352e7b19505bf1f07d4415a37a\runtime-desktop-1.11.0-rc01.jar;C:\Users\georg\.gradle\caches\modules-2\files-2.1\org.jetbrains.compose.runtime\runtime-desktop\1.11.0-beta03\1941336b045aac4b87cc3be81d9fdb9977c88c61\runtime-desktop-1.11.0-beta03.jar;C:\Users\georg\.gradle\caches\modules-2\files-2.1\org.jetbrains.compose.runtime\runtime-saveable-desktop\1.11.0-beta03\b7c8a8ed985a0f15b4d8d206de1fc6125b499388\runtime-saveable-desktop-1.11.0-beta03.jar;C:\Users\georg\.gradle\caches\modules-2\files-2.1\org.jetbrains.androidx.lifecycle\lifecycle-runtime-compose-desktop\2.10.0\7b6b6793f3c4c5996b20d1d99cf728e5fac00364\lifecycle-runtime-compose-desktop-2.10.0.jar;C:\Users\georg\.gradle\caches\modules-2\files-2.1\androidx.lifecycle\lifecycle-viewmodel-desktop\2.10.0\8ff3a014a8c7e901085b76191cdbdfb4d9322cc2\lifecycle-viewmodel-desktop-2.10.0.jar;C:\Users\georg\.gradle\caches\modules-2\files-2.1\androidx.lifecycle\lifecycle-common-jvm\2.10.0\2b7a92c746f3339efc533a2da0024e596760f816\lifecycle-common-jvm-2.10.0.jar;C:\Users\georg\.gradle\caches\modules-2\files-2.1\androidx.lifecycle\lifecycle-runtime-desktop\2.10.0\fe39fe8e677652fd188c3cf1b1089a4c31bccd14\lifecycle-runtime-desktop-2.10.0.jar;C:\Users\georg\.gradle\caches\modules-2\files-2.1\androidx.lifecycle\lifecycle-runtime-compose-desktop\2.10.0\c277d78d334495bc70c976007a6fddb4c39ff65c\lifecycle-runtime-compose-desktop-2.10.0.jar;C:\Users\georg\.gradle\caches\modules-2\files-2.1\androidx.lifecycle\lifecycle-viewmodel-savedstate-desktop\2.10.0\ec55d21af7e860f55e1797163df33737473f211a\lifecycle-viewmodel-savedstate-desktop-2.10.0.jar;C:\Users\georg\.gradle\caches\modules-2\files-2.1\androidx.savedstate\savedstate-desktop\1.4.0\3b049a0f81643d6b4b900de95bc23efc085c32d5\savedstate-desktop-1.4.0.jar;C:\Users\georg\.gradle\caches\modules-2\files-2.1\io.ktor\ktor-network-jvm\3.4.3\60e35f5740b4526ac4aa384c0956920f00ecd91e\ktor-network-jvm-3.4.3.jar;C:\Users\georg\.gradle\caches\modules-2\files-2.1\io.ktor\ktor-utils-jvm\3.4.3\7904b87f28e962b998244f5663236dca4d90bbd\ktor-utils-jvm-3.4.3.jar;C:\Users\georg\.gradle\caches\modules-2\files-2.1\io.ktor\ktor-io-jvm\3.4.3\743b93999a7451a371cdef23dccecf0d14a99d4\ktor-io-jvm-3.4.3.jar;C:\Users\georg\.gradle\caches\modules-2\files-2.1\org.jetbrains.skiko\skiko-awt-runtime-windows-x64\0.144.5\867810dcb6e8a8459cfafe031dc09a8f3d54f004\skiko-awt-runtime-windows-x64-0.144.5.jar;C:\Users\georg\.gradle\caches\modules-2\files-2.1\org.jetbrains.skiko\skiko-awt\0.144.5\72acebf9800427be6edd90c514106812224c65e5\skiko-awt-0.144.5.jar;C:\Users\georg\.gradle\caches\modules-2\files-2.1\org.jetbrains.kotlinx\kotlinx-coroutines-core-jvm\1.10.2\4a9f78ef49483748e2c129f3d124b8fa249dafbf\kotlinx-coroutines-core-jvm-1.10.2.jar;C:\Users\georg\.gradle\caches\modules-2\files-2.1\org.jetbrains.kotlinx\kotlinx-coroutines-swing\1.10.2\ccb5a2e7c83fa76da0ba4677f05678d3bd3eed57\kotlinx-coroutines-swing-1.10.2.jar;C:\Users\georg\.gradle\caches\modules-2\files-2.1\org.jetbrains.kotlinx\kotlinx-datetime-jvm\0.7.1\81c2e0246bd28cc2dcbdf0ab53628322e66a9de9\kotlinx-datetime-jvm-0.7.1.jar;C:\Users\georg\.gradle\caches\modules-2\files-2.1\org.jetbrains.kotlinx\kotlinx-serialization-json-io-jvm\1.11.0\645ed54ca9128fc217b30b3686a083141ebe635c\kotlinx-serialization-json-io-jvm-1.11.0.jar;C:\Users\georg\.gradle\caches\modules-2\files-2.1\org.jetbrains.kotlinx\kotlinx-serialization-core-jvm\1.11.0\c1905c9bf7452b045d5af9248835abe64ddad6bf\kotlinx-serialization-core-jvm-1.11.0.jar;C:\Users\georg\.gradle\caches\modules-2\files-2.1\org.jetbrains.kotlinx\kotlinx-serialization-json-jvm\1.11.0\e7e045e99e56f07599bb9ccb708c2190e2af0606\kotlinx-serialization-json-jvm-1.11.0.jar;C:\Users\georg\.gradle\caches\modules-2\files-2.1\io.insert-koin\koin-core-jvm\4.2.1\fed4f1d828b769a8ebf45ee79291e341423b0e31\koin-core-jvm-4.2.1.jar;C:\Users\georg\.gradle\caches\modules-2\files-2.1\com.russhwolf\multiplatform-settings-no-arg-jvm\1.3.0\b9d2280a0d56597619afb286d7c5f697f2e83f03\multiplatform-settings-no-arg-jvm-1.3.0.jar;C:\Users\georg\.gradle\caches\modules-2\files-2.1\org.jetbrains.compose.hot-reload\hot-reload-devtools-api\1.0.0\6f078e0689bb84d71ff62bdb898addec7b9e0c7d\hot-reload-devtools-api-1.0.0.jar;C:\Users\georg\.gradle\caches\modules-2\files-2.1\org.jetbrains.kotlin\kotlin-stdlib-jdk8\2.2.20\57c4d839a6e5ad105d61ffc5cc0bf4de649c1714\kotlin-stdlib-jdk8-2.2.20.jar;C:\Users\georg\.gradle\caches\modules-2\files-2.1\androidx.graphics\graphics-shapes-desktop\1.1.0\a5d2198960bdc0915f74c6b2954d3323f35f40ea\graphics-shapes-desktop-1.1.0.jar;C:\Users\georg\.gradle\caches\modules-2\files-2.1\androidx.collection\collection-jvm\1.5.0\7ba2c69414d46ebc2dd76598bdd0a75c54281a57\collection-jvm-1.5.0.jar;C:\Users\georg\.gradle\caches\modules-2\files-2.1\androidx.arch.core\core-common\2.2.0\5e1b8b81dfd5f52c56a8d53b18ca759c19a301f3\core-common-2.2.0.jar;C:\Users\georg\.gradle\caches\modules-2\files-2.1\org.jetbrains.androidx.window\window-core-desktop\1.5.0\3f50ebee096c6fae282966ada51d7c7639161a65\window-core-desktop-1.5.0.jar;C:\Users\georg\.gradle\caches\modules-2\files-2.1\androidx.window\window-core-jvm\1.5.0\92fb190542d65238482465e5d77857b15e59aa82\window-core-jvm-1.5.0.jar;C:\Users\georg\.gradle\caches\modules-2\files-2.1\androidx.annotation\annotation-jvm\1.9.1\b17951747e38bf3986a24431b9ba0d039958aa5f\annotation-jvm-1.9.1.jar;C:\Users\georg\.gradle\caches\modules-2\files-2.1\co.touchlab\stately-concurrent-collections-jvm\2.1.0\5c03b644537d7926a8f77e5735a8bebb55dafdcd\stately-concurrent-collections-jvm-2.1.0.jar;C:\Users\georg\.gradle\caches\modules-2\files-2.1\co.touchlab\stately-concurrency-jvm\2.1.0\6285428408c4d7e4a6d9a09511de877103effd81\stately-concurrency-jvm-2.1.0.jar;C:\Users\georg\.gradle\caches\modules-2\files-2.1\org.jetbrains.kotlinx\kotlinx-io-core-jvm\0.9.0\7f7536f8f057ffc7f79375714e9730c4b8bdd7c9\kotlinx-io-core-jvm-0.9.0.jar;C:\Users\georg\.gradle\caches\modules-2\files-2.1\com.russhwolf\multiplatform-settings-jvm\1.3.0\76fe39b1cbb2b2b951ec230ab85e610ae179aab7\multiplatform-settings-jvm-1.3.0.jar;C:\Users\georg\.gradle\caches\modules-2\files-2.1\org.jetbrains.kotlin\kotlin-stdlib-jdk7\2.2.20\bdbe3b5d872fa3b74d8fcd4e7ca3193f4abc9cc8\kotlin-stdlib-jdk7-2.2.20.jar;C:\Users\georg\.gradle\caches\modules-2\files-2.1\com.squareup.okhttp3\okhttp-jvm\5.3.2\f31e8de27feebe1e56d6c9d354a0986b65be0e1d\okhttp-jvm-5.3.2.jar;C:\Users\georg\.gradle\caches\modules-2\files-2.1\com.squareup.okio\okio-jvm\3.16.4\ceb794cf0bbf8d0d20f49aa91ce20db7fd77675d\okio-jvm-3.16.4.jar;C:\Users\georg\.gradle\caches\modules-2\files-2.1\co.touchlab\stately-strict-jvm\2.1.0\3ae8369209065455f4630793bf6aca0fb88c8b6b\stately-strict-jvm-2.1.0.jar;C:\Users\georg\.gradle\caches\modules-2\files-2.1\org.jetbrains.kotlinx\atomicfu-jvm\0.28.0\6a9ac536f4b2144e57c176fd4e26821eb12084f4\atomicfu-jvm-0.28.0.jar;C:\Users\georg\.gradle\caches\modules-2\files-2.1\org.jetbrains.kotlinx\kotlinx-io-bytestring-jvm\0.9.0\e73a7915234a8ea7954f32b715ef8e42b02f66a3\kotlinx-io-bytestring-jvm-0.9.0.jar;C:\Users\georg\.gradle\caches\modules-2\files-2.1\org.jetbrains.kotlin\kotlin-stdlib\2.3.21\a2ee2c4e220fee522f0451b723bab2a43f3481a7\kotlin-stdlib-2.3.21.jar;C:\Users\georg\.gradle\caches\modules-2\files-2.1\org.jetbrains\annotations\23.0.0\8cc20c07506ec18e0834947b84a864bfc094484e\annotations-23.0.0.jar;C:\Users\georg\.gradle\caches\modules-2\files-2.1\com.github.hypfvieh\dbus-java-transport-native-unixsocket\5.2.0\6ef0e26cd6b1c1cf8046e1cc0949821d29e4f487\dbus-java-transport-native-unixsocket-5.2.0.jar;C:\Users\georg\.gradle\caches\modules-2\files-2.1\com.github.hypfvieh\dbus-java-core\5.2.0\32a76bec4c9e6576b6e049a90d8ad9384253e7f1\dbus-java-core-5.2.0.jar;C:\Users\georg\.gradle\caches\modules-2\files-2.1\org.slf4j\slf4j-api\2.0.17\d9e58ac9c7779ba3bf8142aff6c830617a7fe60f\slf4j-api-2.0.17.jar;C:\Users\georg\.gradle\caches\modules-2\files-2.1\net.java.dev.jna\jna-platform\5.18.1\dd817f391efc492041c9ae91127527c13750a789\jna-platform-5.18.1.jar;C:\Users\georg\.gradle\caches\modules-2\files-2.1\net.java.dev.jna\jna\5.18.1\b27ba04287cc4abe769642fe8318d39fc89bf937\jna-5.18.1.jar;C:\Users\georg\.gradle\caches\modules-2\files-2.1\org.jetbrains.runtime\jbr-api\1.9.0\2bc161f5472b5fd5610740e4d6ebe896c811cb0e\jbr-api-1.9.0.jar;C:\Users\georg\.gradle\caches\modules-2\files-2.1\org.jspecify\jspecify\1.0.0\7425a601c1c7ec76645a78d22b8c6a627edee507\jspecify-1.0.0.jar
Launcher Type: SUN_STANDARD

[Global flags]
     bool AllowEnhancedClassRedefinition           = true                                      {product} {command line}
     intx CICompilerCount                          = 4                                         {product} {ergonomic}
     uint ConcGCThreads                            = 2                                         {product} {ergonomic}
     uint G1ConcRefinementThreads                  = 8                                         {product} {ergonomic}
   size_t G1HeapRegionSize                         = 2097152                                   {product} {ergonomic}
    uintx GCDrainStackTargetSize                   = 64                                        {product} {ergonomic}
     bool IgnoreUnrecognizedVMOptions              = true                                      {product} {command line}
   size_t InitialHeapSize                          = 266338304                                 {product} {ergonomic}
   size_t MarkStackSize                            = 4194304                                   {product} {ergonomic}
   size_t MaxHeapSize                              = 4246732800                                {product} {ergonomic}
   size_t MaxNewSize                               = 2548039680                                {product} {ergonomic}
   size_t MinHeapDeltaBytes                        = 2097152                                   {product} {ergonomic}
   size_t MinHeapSize                              = 8388608                                   {product} {ergonomic}
    uintx NonNMethodCodeHeapSize                   = 5839372                                {pd product} {ergonomic}
    uintx NonProfiledCodeHeapSize                  = 122909434                              {pd product} {ergonomic}
    uintx ProfiledCodeHeapSize                     = 122909434                              {pd product} {ergonomic}
    uintx ReservedCodeCacheSize                    = 251658240                              {pd product} {ergonomic}
     bool SegmentedCodeCache                       = true                                      {product} {ergonomic}
   size_t SoftMaxHeapSize                          = 4246732800                             {manageable} {ergonomic}
     bool UseCompressedOops                        = true                           {product lp64_product} {ergonomic}
     bool UseG1GC                                  = true                                      {product} {ergonomic}
     bool UseLargePagesIndividualAllocation        = false                                  {pd product} {ergonomic}

Logging:
Log output configuration:
 #0: stdout all=warning uptime,level,tags foldmultilines=false
 #1: stderr all=off uptime,level,tags foldmultilines=false

Release file:
JAVA_VERSION="21.0.10" 
MODULES="java.base java.compiler java.datatransfer java.xml java.prefs java.desktop java.instrument java.logging java.management java.security.sasl java.naming java.rmi java.management.rmi java.net.http java.scripting java.security.jgss java.transaction.xa java.sql java.sql.rowset java.xml.crypto java.se java.smartcardio jdk.accessibility jdk.internal.jvmstat jdk.attach jdk.charsets jdk.internal.opt jdk.zipfs jdk.compiler jdk.crypto.ec jdk.crypto.cryptoki jdk.dynalink jdk.hotspot.agent jdk.httpserver jdk.internal.ed jdk.internal.le jdk.internal.vm.ci jdk.jartool jdk.javadoc jdk.jcmd jdk.jdeps jdk.jdwp.agent jdk.jdi jdk.jfr jdk.jlink jdk.jsobject jdk.localedata jdk.management jdk.management.agent jdk.management.jfr jdk.naming.dns jdk.naming.rmi jdk.net jdk.sctp jdk.security.auth jdk.security.jgss jdk.unsupported jdk.unsupported.desktop jdk.xml.dom" 
IMPLEMENTOR="JetBrains s.r.o." 
JAVA_RUNTIME_VERSION="21.0.10+-14961533-b1163.108" 
LIBC="default" 
OS_ARCH="x86_64" 
OS_NAME="Windows" 
SOURCE=".:git:1351622c2ff2" 

Environment Variables:
PATH=C:\WINDOWS\system32;C:\WINDOWS;C:\WINDOWS\System32\Wbem;C:\WINDOWS\System32\WindowsPowerShell\v1.0\;C:\WINDOWS\System32\OpenSSH\;C:\Program Files\Git\cmd;C:\Program Files\nodejs\;C:\ProgramData\chocolatey\bin;C:\Program Files (x86)\Windows Kits\10\Windows Performance Toolkit\;C:\Program Files\CMake\bin;C:\Users\georg\AppData\Local\Programs\Python\Python312\Scripts\;C:\Users\georg\AppData\Local\Programs\Python\Python312\;C:\Users\georg\AppData\Local\Microsoft\WindowsApps;C:\Users\georg\AppData\Local\Programs\Microsoft VS Code\bin;C:\src\flutter\bin;C:\Program Files\Java\jdk-23\bin;C:\Users\georg\AppData\Roaming\npm;C:\Users\georg\AppData\Local\Pub\Cache\bin;C:\Users\georg\AppData\Local\Android\Sdk\platform-tools;C:\PROFESSIONAL\Kotlin DATAS\Company\Matrix\swigwin-4.3.1\swigwin-4.3.1;C:\Users\georg\AppData\Local\Microsoft\WinGet\Links;C:\Users\georg\AppData\Local\Programs\MiKTeX\miktex\bin\x64\;C:\Users\georg\AppData\Local\Programs\Antigravity\bin
USERNAME=KISH
OS=Windows_NT
PROCESSOR_IDENTIFIER=Intel64 Family 6 Model 142 Stepping 12, GenuineIntel
TMP=C:\Users\georg\AppData\Local\Temp
TEMP=C:\Users\georg\AppData\Local\Temp




Periodic native trim disabled

JNI global refs:
JNI global refs: 153, weak refs: 30

JNI global refs memory usage: 2099, weak refs: 833

Process memory usage:
Resident Set Size: 383316K (2% of 16587536K total physical memory with 228864K free physical memory)

OOME stack traces (most recent first):
Classloader memory used:
Loader jdk.internal.loader.ClassLoaders$AppClassLoader                                 : 39392K
Loader bootstrap                                                                       : 26953K
Loader jdk.internal.loader.ClassLoaders$PlatformClassLoader                            : 408K
Loader jdk.internal.reflect.DelegatingClassLoader                                      : 81496B

---------------  S Y S T E M  ---------------

OS:
 Windows 11 , 64 bit Build 22621 (10.0.22621.5415)
OS uptime: 2 days 8:32 hours
Hyper-V role detected

CPU: total 8 (initial active 8) (4 cores per cpu, 2 threads per core) family 6 model 142 stepping 12 microcode 0xfa, cx8, cmov, fxsr, ht, mmx, 3dnowpref, sse, sse2, sse3, ssse3, sse4.1, sse4.2, popcnt, lzcnt, tsc, tscinvbit, avx, avx2, aes, erms, clmul, bmi1, bmi2, adx, fma, vzeroupper, clflush, clflushopt, hv, rdtscp, f16c
Processor Information for processor 0
  Max Mhz: 2112, Current Mhz: 1910, Mhz Limit: 1900
Processor Information for processor 1
  Max Mhz: 2112, Current Mhz: 1910, Mhz Limit: 1900
Processor Information for processor 2
  Max Mhz: 2112, Current Mhz: 1508, Mhz Limit: 1900
Processor Information for processor 3
  Max Mhz: 2112, Current Mhz: 1910, Mhz Limit: 1900
Processor Information for processor 4
  Max Mhz: 2112, Current Mhz: 1508, Mhz Limit: 1900
Processor Information for processor 5
  Max Mhz: 2112, Current Mhz: 1910, Mhz Limit: 1900
Processor Information for processor 6
  Max Mhz: 2112, Current Mhz: 1910, Mhz Limit: 1900
Processor Information for processor 7
  Max Mhz: 2112, Current Mhz: 1508, Mhz Limit: 1900

Memory: 4k page, system-wide physical 16198M (179M free)
TotalPageFile size 36110M (AvailPageFile size 5263M)
current process WorkingSet (physical memory assigned to process): 375M, peak: 392M
current process commit charge ("private bytes"): 410M, peak: 433M

vm_info: OpenJDK 64-Bit Server VM (21.0.10+-14961533-b1163.108) for windows-amd64 JRE (21.0.10+-14961533-b1163.108), built on 2026-03-02T19:58:50Z by "builder" with MS VC++ 16.10 / 16.11 (VS2019)

END.
