#
# A fatal error has been detected by the Java Runtime Environment:
#
#  EXCEPTION_ACCESS_VIOLATION (0xc0000005) at pc=0x00007ff9b56371c5, pid=3596, tid=14508
#
# JRE version: OpenJDK Runtime Environment (21.0.10) (build 21.0.10+-14961533-b1163.108)
# Java VM: OpenJDK 64-Bit Server VM (21.0.10+-14961533-b1163.108, mixed mode, tiered, compressed oops, compressed class ptrs, g1 gc, windows-amd64)
# Problematic frame:
# C  [skiko-windows-x64.dll+0x71c5]
#
# No core dump will be written. Minidumps are not enabled by default on client versions of Windows
#
# If you would like to submit a bug report, please visit:
#   https://youtrack.jetbrains.com/issues/JBR
# The crash happened outside the Java Virtual Machine in native code.
# See problematic frame for where to report the bug.
#

---------------  S U M M A R Y ------------

Command Line: -Dcompose.reload.argfile=C:\PROFESSIONAL\Kotlin_Datas\Company\DrcMind\kelasi-client\composeApp\build\run\jvmMain\jvmMain.argfile -Dcompose.reload.build.continuous=false -Dcompose.reload.build.warmup=true -Dcompose.reload.buildSystem=Gradle -Dcompose.reload.devToolsAnimationsEnabled=true -Dcompose.reload.devToolsClasspath=C:\Users\georg\.gradle\caches\modules-2\files-2.1\org.jetbrains.compose.hot-reload\hot-reload-devtools\1.0.0\8cf7f8a3e0c5ca40edcd31621bb2c54637dad97f\hot-reload-devtools-1.0.0.jar;C:\Users\georg\.gradle\caches\modules-2\files-2.1\org.jetbrains.compose.hot-reload\hot-reload-devtools-api\1.0.0\6f078e0689bb84d71ff62bdb898addec7b9e0c7d\hot-reload-devtools-api-1.0.0.jar;C:\Users\georg\.gradle\caches\modules-2\files-2.1\org.jetbrains.compose.hot-reload\hot-reload-orchestration\1.0.0\c84a13f251d2ba726bffe77f47f2a37fba14d3a\hot-reload-orchestration-1.0.0.jar;C:\Users\georg\.gradle\caches\modules-2\files-2.1\org.jetbrains.compose.hot-reload\hot-reload-core\1.0.0\b9e821084415adea5d981fb5a22a57ad94614fe1\hot-reload-core-1.0.0.jar;C:\Users\georg\.gradle\caches\modules-2\files-2.1\org.jetbrains.compose.hot-reload\hot-reload-runtime-api-jvm\1.0.0\b4c35542b0fe4f3743939f0e7a19739df369fa2e\hot-reload-runtime-api-jvm-1.0.0.jar;C:\Users\georg\.gradle\caches\modules-2\files-2.1\org.jetbrains.compose.desktop\desktop-jvm\1.9.0\760a7f1c3278719f2ab9fa443228956e64a7a18e\desktop-jvm-1.9.0.jar;C:\Users\georg\.gradle\caches\modules-2\files-2.1\org.jetbrains.compose.components\components-resources-desktop\1.9.0\263d44e856cb89a759959eec68dafae6d1931110\library-desktop-1.9.0.jar;C:\Users\georg\.gradle\caches\modules-2\files-2.1\io.sellmair\evas-compose-jvm\1.3.0\1214dcce9040d1b9f856b02b443cf8c2ebe1573a\evas-compose-jvm-1.3.0.jar;C:\Users\georg\.gradle\caches\modules-2\files-2.1\io.sellmair\evas-jvm\1.3.0\74c1f6c46502ffda615a698c02b3166fc7e9b2b2\evas-jvm-1.3.0.jar;C:\Users\georg\.gradle\caches\modules-2\files-2.1\org.jetbrains.skiko\skiko-awt-runtime-windows-x64\0.9.22.2\fe554a74845abbd5710ef36d27421c470bbd996f\skiko-awt-runtime-windows-x64-0.9.22.2.jar;C:\Users\georg\.gradle\caches\modules-2\files-2.1\org.jetbrains.compose.material3\material3-desktop\1.8.2\1f1f838506ceb2c25499517559f120517770b014\material3-desktop-1.8.2.jar;C:\Users\georg\.gradle\caches\modules-Dcompose.reload.devToolsDetached=false -Dcompose.reload.devToolsEnabled=true -Dcompose.reload.devToolsHeadless=false -Dcompose.reload.devToolsTransparencyEnabled=true -Dcompose.reload.dirtyResolveDepthLimit=5 -Dcompose.reload.effectsEnabled=true -Dcompose.reload.isActive=true -Dcompose.reload.launchMode=GradleBlocking -Dcompose.reload.logLevel=Info -Dcompose.reload.logStdout=false -Dcompose.reload.mainClass=com.drcmind.kelasisuite.MainKt -Dcompose.reload.pidFile=C:\PROFESSIONAL\Kotlin_Datas\Company\DrcMind\kelasi-client\composeApp\build\run\jvmMain\jvmMain.pid -Dcompose.reload.virtualMethodResolveEnabled=true -Dgradle.build.project=:composeApp -Dgradle.build.root=C:\PROFESSIONAL\Kotlin_Datas\Company\DrcMind\kelasi-client -Dgradle.build.task=hotReloadJvmMain -Dorg.gradle.java.home=C:\Program Files\Android\Android Studio\jbr -XX:+IgnoreUnrecognizedVMOptions -XX:+AllowEnhancedClassRedefinition -javaagent:C:\Users\georg\.gradle\caches\modules-2\files-2.1\org.jetbrains.compose.hot-reload\hot-reload-agent\1.0.0\b51a332b8899c060187ace065fef8c8eb62acfcc\hot-reload-agent-1.0.0.jar -Dfile.encoding=UTF-8 -Duser.country=US -Duser.language=en -Duser.variant com.drcmind.kelasisuite.MainKt

Host: Intel(R) Core(TM) i7-8665U CPU @ 1.90GHz, 8 cores, 15G,  Windows 11 , 64 bit Build 22621 (10.0.22621.5415)
Time: Mon May 11 08:35:51 2026 Eastern Daylight Time elapsed time: 1269.424038 seconds (0d 0h 21m 9s)

---------------  T H R E A D  ---------------

Current thread (0x0000024e386ce410):  JavaThread "AWT-EventQueue-0"        [_thread_in_native, id=14508, stack(0x000000d422100000,0x000000d422200000) (1024K)]

Stack: [0x000000d422100000,0x000000d422200000],  sp=0x000000d4221fe090,  free space=1016k
Native frames: (J=compiled Java code, j=interpreted, Vv=VM code, C=native code)
C  [skiko-windows-x64.dll+0x71c5]

Java frames: (J=compiled Java code, j=interpreted, Vv=VM code)
j  org.jetbrains.skiko.redrawer.Direct3DRedrawer.makeDirectXSurface(JJIILjava/lang/Object;I)J+0
j  org.jetbrains.skiko.redrawer.Direct3DRedrawer.makeSurface(JIILorg/jetbrains/skia/SurfaceProps;I)Lorg/jetbrains/skia/Surface;+47
J 9409 c1 org.jetbrains.skiko.context.Direct3DContextHandler.initCanvas(Lorg/jetbrains/skiko/LayerDrawScope;)V (201 bytes) @ 0x0000024e1d671b34 [0x0000024e1d670600+0x0000000000001534]
J 9407 c1 org.jetbrains.skiko.context.ContextHandler.draw(Lorg/jetbrains/skiko/LayerDrawScope;)V (110 bytes) @ 0x0000024e1d6781a4 [0x0000024e1d677da0+0x0000000000000404]
J 9080 c1 org.jetbrains.skiko.redrawer.Direct3DRedrawer.drawAndSwap(Lorg/jetbrains/skiko/LayerDrawScope;Z)V (57 bytes) @ 0x0000024e1d59962c [0x0000024e1d599220+0x000000000000040c]
j  org.jetbrains.skiko.redrawer.Direct3DRedrawer.renderImmediately()V+231
j  org.jetbrains.skiko.SkiaLayer.reshape(IIII)V+51
j  java.awt.Component.setBounds(IIII)V+6 java.desktop@21.0.10
j  java.awt.Component.resize(II)V+23 java.desktop@21.0.10
j  java.awt.Component.setSize(II)V+3 java.desktop@21.0.10
j  androidx.compose.ui.scene.ComposeContainer.setBounds(IIII)V+10
j  androidx.compose.ui.awt.ComposeWindowPanel.setBounds(IIII)V+18
j  java.awt.BorderLayout.layoutContainer(Ljava/awt/Container;)V+380 java.desktop@21.0.10
j  java.awt.Container.layout()V+11 java.desktop@21.0.10
j  java.awt.Container.doLayout()V+1 java.desktop@21.0.10
j  java.awt.Container.validateTree()V+47 java.desktop@21.0.10
j  java.awt.Container.validateTree()V+110 java.desktop@21.0.10
j  java.awt.Container.validateTree()V+110 java.desktop@21.0.10
j  java.awt.Container.validateTree()V+110 java.desktop@21.0.10
j  java.awt.Container.validate()V+60 java.desktop@21.0.10
j  java.awt.Window.dispatchEventImpl(Ljava/awt/AWTEvent;)V+14 java.desktop@21.0.10
J 7535 c2 java.awt.EventQueue$4.run()Ljava/lang/Void; java.desktop@21.0.10 (60 bytes) @ 0x0000024e244063f8 [0x0000024e24405fa0+0x0000000000000458]
J 9106 c2 java.awt.EventQueue$4.run()Ljava/lang/Object; java.desktop@21.0.10 (5 bytes) @ 0x0000024e2453a860 [0x0000024e2453a820+0x0000000000000040]
J 7559 c1 java.awt.EventQueue$5.run()Ljava/lang/Void; java.desktop@21.0.10 (19 bytes) @ 0x0000024e1d3082f4 [0x0000024e1d307f60+0x0000000000000394]
J 7534 c2 java.awt.EventQueue.dispatchEvent(Ljava/awt/AWTEvent;)V java.desktop@21.0.10 (80 bytes) @ 0x0000024e24404654 [0x0000024e24403f20+0x0000000000000734]
J 8917 c2 java.awt.EventDispatchThread.pumpOneEventForFilters(I)V java.desktop@21.0.10 (106 bytes) @ 0x0000024e2451519c [0x0000024e24514d40+0x000000000000045c]
j  java.awt.EventDispatchThread.pumpEventsForFilter(ILjava/awt/Conditional;Ljava/awt/EventFilter;)V+35 java.desktop@21.0.10
j  java.awt.EventDispatchThread.pumpEventsForHierarchy(ILjava/awt/Conditional;Ljava/awt/Component;)V+11 java.desktop@21.0.10
j  java.awt.EventDispatchThread.pumpEvents(ILjava/awt/Conditional;)V+4 java.desktop@21.0.10
j  java.awt.EventDispatchThread.pumpEvents(Ljava/awt/Conditional;)V+3 java.desktop@21.0.10
j  java.awt.EventDispatchThread.run()V+18 java.desktop@21.0.10
v  ~StubRoutines::call_stub 0x0000024e23a0100d

siginfo: EXCEPTION_ACCESS_VIOLATION (0xc0000005), reading address 0x0000000000000000


Registers:
RAX=0x000000d4221fe178, RBX=0x0000024e3a7e4968, RCX=0x0000000000000000, RDX=0x0000000000000000
RSP=0x000000d4221fe090, RBP=0x000000d4221fe3b8, RSI=0x0000024e425316d0, RDI=0x0000024e386ce7d0
R8 =0x0000000000000000, R9 =0x0000000000000039, R10=0x00000000000003c0, R11=0x0000002b80000000
R12=0x0000000000000000, R13=0x0000024e35e23810, R14=0x000000d4221fe3e0, R15=0x0000000000000000
RIP=0x00007ff9b56371c5, EFLAGS=0x0000000000010206

XMM[0]=0x0000000000000000 0x000000003f000000
XMM[1]=0x0000000000000000 0x000497ac00d75000
XMM[2]=0x000004d0fffffb30 0x000004f0fffffb30
XMM[3]=0x0000000000000009 0x0000000000000021
XMM[4]=0x000000d4221fc6b0 0x0000000100000010
XMM[5]=0x000000d4221fdb90 0x0000000000001fa3
XMM[6]=0x0000000000000000 0x0000000000000000
XMM[7]=0x0000000000000000 0x00000000c02f8f5c
XMM[8]=0x0000000000000000 0x0000000041916ccd
XMM[9]=0x0000000000000000 0x0000000040dc8000
XMM[10]=0x0000000000000000 0x0000000041130000
XMM[11]=0x0000000000000000 0x00000000c0844ccd
XMM[12]=0x0000000000000000 0x00000000420c0000
XMM[13]=0x0000000000000000 0x00000000420c0000
XMM[14]=0x0000000000000000 0x00000000420c0000
XMM[15]=0x0000000000000000 0x00000000428c0000
  MXCSR=0x00001fa3


Register to memory mapping:

RAX=0x000000d4221fe178 is pointing into the stack for thread: 0x0000024e386ce410
RBX=0x0000024e3a7e4968 points into unknown readable memory: 0x0000000000000000 | 00 00 00 00 00 00 00 00
RCX=0x0 is null
RDX=0x0 is null
RSP=0x000000d4221fe090 is pointing into the stack for thread: 0x0000024e386ce410
RBP=0x000000d4221fe3b8 is pointing into the stack for thread: 0x0000024e386ce410
RSI=0x0000024e425316d0 points into unknown readable memory: 0x00007ff9b619a4c0 | c0 a4 19 b6 f9 7f 00 00
RDI=0x0000024e386ce7d0 points into unknown readable memory: 0x00007ffa1316e590 | 90 e5 16 13 fa 7f 00 00
R8 =0x0 is null
R9 =0x0000000000000039 is an unknown value
R10=0x00000000000003c0 is an unknown value
R11=0x0000002b80000000 is an unknown value
R12=0x0 is null
R13={method} {0x0000024e35e23818} 'makeDirectXSurface' '(JJIILjava/lang/Object;I)J' in 'org/jetbrains/skiko/redrawer/Direct3DRedrawer'
R14=0x000000d4221fe3e0 is pointing into the stack for thread: 0x0000024e386ce410
R15=0x0 is null

Top of Stack: (sp=0x000000d4221fe090)
0x000000d4221fe090:   0000000000000000 0000000000000000
0x000000d4221fe0a0:   0000000000000000 0000000000000000
0x000000d4221fe0b0:   0000000000000000 0000000000000000
0x000000d4221fe0c0:   0000000000000000 0000000000000000
0x000000d4221fe0d0:   0000000000000000 0000000000000000
0x000000d4221fe0e0:   0000000000000000 0000000000000000
0x000000d4221fe0f0:   0000000000000000 0000000000000000
0x000000d4221fe100:   0000000000000000 0000000000000000
0x000000d4221fe110:   0000ab147abbf9f7 0000024e0000000f
0x000000d4221fe120:   0000000000000002 0000024e3d2f5de0
0x000000d4221fe130:   000000000000001c 00007ffa802f4831
0x000000d4221fe140:   000000d4221fe254 0000000000000780
0x000000d4221fe150:   00000000000003c1 00007ffa802d8dd4
0x000000d4221fe160:   0000000000000000 0000000000000000
0x000000d4221fe170:   0000ab147abbc7e7 0000024e441fa960
0x000000d4221fe180:   0000000000000000 0000000000000000
0x000000d4221fe190:   0000001c00000000 0000000100000001
0x000000d4221fe1a0:   0000000000000000 0000024e3d2f5de0
0x000000d4221fe1b0:   000000d4221fe260 00007ffa0000001c
0x000000d4221fe1c0:   0000000000000000 0000000000000000
0x000000d4221fe1d0:   0000000000000000 00007ff9b612ddbc
0x000000d4221fe1e0:   0000024e3a7e4920 00007ffa12c9934f
0x000000d4221fe1f0:   00007ffa858c0580 000000d4221fe340
0x000000d4221fe200:   0000024e386ce410 000000d4221fe3d8
0x000000d4221fe210:   00000007095d79f8 00007ffa12c99144
0x000000d4221fe220:   0000024e386ce410 0000000000000001
0x000000d4221fe230:   0000024e386dc7c0 00007ffa4b00df90
0x000000d4221fe240:   000000d4221fe2a0 0000024e386ce410
0x000000d4221fe250:   000000d4221fe280 0000000042130000
0x000000d4221fe260:   0000000000000000 0000001c00000000
0x000000d4221fe270:   0000000000000002 00007ffa12870cd2
0x000000d4221fe280:   00000007095d79f8 0000024e386ce410 

Instructions: (pc=0x00007ff9b56371c5)
0x00007ff9b56370c5:   48 83 c4 58 5f 5e c3 e8 2f 32 a3 00 cc cc cc cc
0x00007ff9b56370d5:   cc cc cc cc cc cc cc cc cc cc cc 41 57 41 56 56
0x00007ff9b56370e5:   57 53 48 81 ec 40 02 00 00 0f 29 b4 24 30 02 00
0x00007ff9b56370f5:   00 4c 89 ce 48 89 cf 48 63 94 24 a8 02 00 00 4c
0x00007ff9b5637105:   8b b4 24 a0 02 00 00 48 8b 05 6d 81 cf 00 48 31
0x00007ff9b5637115:   e0 48 89 84 24 28 02 00 00 0f 57 f6 0f 29 b4 24
0x00007ff9b5637125:   f0 00 00 00 c7 84 24 00 01 00 00 00 00 00 00 0f
0x00007ff9b5637135:   28 05 e5 92 b2 00 0f 11 84 24 04 01 00 00 c6 84
0x00007ff9b5637145:   24 14 01 00 00 00 49 8b 48 38 49 8d 5c d0 48 48
0x00007ff9b5637155:   8b 01 4c 8d 05 9a 94 b2 00 49 89 d9 ff 50 48 48
0x00007ff9b5637165:   8d 84 24 f0 00 00 00 48 39 d8 74 36 4c 8b 3b 4d
0x00007ff9b5637175:   85 ff 74 26 49 8b 07 4c 89 f9 ff 50 08 48 8b 8c
0x00007ff9b5637185:   24 f0 00 00 00 4c 89 bc 24 f0 00 00 00 48 85 c9
0x00007ff9b5637195:   74 10 48 8b 01 ff 50 10 eb 08 4c 89 bc 24 f0 00
0x00007ff9b56371a5:   00 00 48 8d 8c 24 e8 00 00 00 48 89 fa 4d 89 f0
0x00007ff9b56371b5:   e8 66 e8 00 00 0f 29 b4 24 d0 00 00 00 48 8b 0b
0x00007ff9b56371c5:   48 8b 01 48 8d 94 24 98 00 00 00 ff 50 50 8b bc
0x00007ff9b56371d5:   24 b0 00 00 00 48 8b 0b 48 8b 01 48 8d 54 24 60
0x00007ff9b56371e5:   ff 50 50 8b 54 24 70 48 8d 84 24 d0 00 00 00 48
0x00007ff9b56371f5:   89 44 24 20 48 8d 9c 24 20 01 00 00 4c 8d 8c 24
0x00007ff9b5637205:   f0 00 00 00 48 89 d9 41 89 f8 e8 fc 93 04 00 4c
0x00007ff9b5637215:   8b b4 24 e8 00 00 00 48 8d 7c 24 58 48 89 f9 e8
0x00007ff9b5637225:   07 45 09 00 0f 11 74 24 40 4c 89 74 24 38 48 89
0x00007ff9b5637235:   7c 24 30 c7 44 24 28 04 00 00 00 c7 44 24 20 00
0x00007ff9b5637245:   00 00 00 48 8d 8c 24 98 00 00 00 48 89 f2 49 89
0x00007ff9b5637255:   d8 45 31 c9 e8 42 7f 0b 00 48 8b b4 24 98 00 00
0x00007ff9b5637265:   00 48 89 d9 e8 72 96 04 00 48 8b 8c 24 e8 00 00
0x00007ff9b5637275:   00 48 85 c9 74 0a ba 10 00 00 00 e8 37 2e a3 00
0x00007ff9b5637285:   48 8b 8c 24 f8 00 00 00 48 85 c9 74 0c f0 ff 49
0x00007ff9b5637295:   08 75 06 48 8b 01 ff 50 08 48 8b 8c 24 f0 00 00
0x00007ff9b56372a5:   00 48 85 c9 74 06 48 8b 01 ff 50 10 48 8b 8c 24
0x00007ff9b56372b5:   28 02 00 00 48 31 e1 48 3b 0d bd 7f cf 00 75 1a 


Stack slot to memory mapping:

stack at sp + 0 slots: 0x0 is null
stack at sp + 1 slots: 0x0 is null
stack at sp + 2 slots: 0x0 is null
stack at sp + 3 slots: 0x0 is null
stack at sp + 4 slots: 0x0 is null
stack at sp + 5 slots: 0x0 is null
stack at sp + 6 slots: 0x0 is null
stack at sp + 7 slots: 0x0 is null


Compiled method (c1) 1269767 9409   !   3       org.jetbrains.skiko.context.Direct3DContextHandler::initCanvas (201 bytes)
 total in heap  [0x0000024e1d66ff10,0x0000024e1d675bd8] = 23752
 relocation     [0x0000024e1d670070,0x0000024e1d6705f8] = 1416
 main code      [0x0000024e1d670600,0x0000024e1d674130] = 15152
 stub code      [0x0000024e1d674130,0x0000024e1d674248] = 280
 oops           [0x0000024e1d674248,0x0000024e1d674268] = 32
 metadata       [0x0000024e1d674268,0x0000024e1d674360] = 248
 scopes data    [0x0000024e1d674360,0x0000024e1d674db8] = 2648
 scopes pcs     [0x0000024e1d674db8,0x0000024e1d675798] = 2528
 dependencies   [0x0000024e1d675798,0x0000024e1d6757d8] = 64
 handler table  [0x0000024e1d6757d8,0x0000024e1d675ac0] = 744
 nul chk table  [0x0000024e1d675ac0,0x0000024e1d675bd8] = 280

[Constant Pool (empty)]

[MachCode]
[Entry Point]
  # {method} {0x0000024e35e2b758} 'initCanvas' '(Lorg/jetbrains/skiko/LayerDrawScope;)V' in 'org/jetbrains/skiko/context/Direct3DContextHandler'
  # this:     rdx:rdx   = 'org/jetbrains/skiko/context/Direct3DContextHandler'
  # parm0:    r8:r8     = 'org/jetbrains/skiko/LayerDrawScope'
  #           [sp+0x1c0]  (sp of caller)
  0x0000024e1d670600: 448b 5208 | 49bb 0000 | 0000 0800 | 0000 4d03 | d34c 3bd0 

  0x0000024e1d670614: ;   {runtime_call ic_miss_stub}
  0x0000024e1d670614: 0f85 66e1 | 3d06 660f | 1f44 0000 
[Verified Entry Point]
  0x0000024e1d670620: 8984 2400 | 80ff ff55 | 4881 ecb0 | 0100 0090 | 4181 7f20 | 0a00 0000 

  0x0000024e1d670638: ;   {runtime_call StubRoutines (final stubs)}
  0x0000024e1d670638: 7405 e8a1 | ac3c 0648 | 8994 24e8 | 0000 004c | 8984 24f0 

  0x0000024e1d67064c: ;   {metadata(method data for {method} {0x0000024e35e2b758} 'initCanvas' '(Lorg/jetbrains/skiko/LayerDrawScope;)V' in 'org/jetbrains/skiko/context/Direct3DContextHandler')}
  0x0000024e1d67064c: 0000 0048 | be58 3cd7 | 374e 0200 | 008b becc | 0000 0083 | c702 89be | cc00 0000 | 81e7 fe07 
  0x0000024e1d67066c: 0000 85ff | 0f84 5f30 

  0x0000024e1d670674: ;   {metadata(method data for {method} {0x0000024e35e2b758} 'initCanvas' '(Lorg/jetbrains/skiko/LayerDrawScope;)V' in 'org/jetbrains/skiko/context/Direct3DContextHandler')}
  0x0000024e1d670674: 0000 48be | 583c d737 | 4e02 0000 | 4883 8610 | 0100 0001 

  0x0000024e1d670688: ;   {metadata(method data for {method} {0x0000024e34705e00} 'checkNotNullParameter' '(Ljava/lang/Object;Ljava/lang/String;)V' in 'kotlin/jvm/internal/Intrinsics')}
  0x0000024e1d670688: 48be a079 | 8f34 4e02 | 0000 8bbe | cc00 0000 | 83c7 0289 | becc 0000 | 0081 e7fe | ff1f 0085 
  0x0000024e1d6706a8: ff0f 8447 | 3000 004d 

  0x0000024e1d6706b0: ;   {metadata(method data for {method} {0x0000024e34705e00} 'checkNotNullParameter' '(Ljava/lang/Object;Ljava/lang/String;)V' in 'kotlin/jvm/internal/Intrinsics')}
  0x0000024e1d6706b0: 85c0 48be | a079 8f34 | 4e02 0000 | 48c7 c710 | 0100 0075 | 0748 c7c7 | 2001 0000 | 488b 043e 
  0x0000024e1d6706d0: 488d 4001 | 4889 043e | 0f85 1602 

  0x0000024e1d6706dc: ;   {metadata(method data for {method} {0x0000024e34705e00} 'checkNotNullParameter' '(Ljava/lang/Object;Ljava/lang/String;)V' in 'kotlin/jvm/internal/Intrinsics')}
  0x0000024e1d6706dc: 0000 48be | a079 8f34 | 4e02 0000 | 4883 8630 | 0100 0001 

  0x0000024e1d6706f0: ;   {metadata(method data for {method} {0x0000024e34706008} 'throwParameterIsNullNPE' '(Ljava/lang/String;)V' in 'kotlin/jvm/internal/Intrinsics')}
  0x0000024e1d6706f0: 48be 287b | 8f34 4e02 | 0000 8bbe | cc00 0000 | 83c7 0289 | becc 0000 | 0081 e7fe | ff1f 0085 
  0x0000024e1d670710: ff0f 8400 | 3000 0090 

  0x0000024e1d670718: ;   {no_reloc}
  0x0000024e1d670718: e92a 3000 | 0000 0000 | 0000 498b | 87b8 0100 | 0048 8d78 | 3049 3bbf | c801 0000 | 0f87 1730 
  0x0000024e1d670738: 0000 4989 | bfb8 0100 | 0048 c700 | 0100 0000 | 488b ca49 | ba00 0000 | 0008 0000 | 0049 2bca 
  0x0000024e1d670758: 8948 0848 | 33c9 8948 | 0c48 33c9 | 4889 4810 | 4889 4818 | 4889 4820 | 4889 4828 

  0x0000024e1d670774: ;   {metadata(method data for {method} {0x0000024e34706008} 'throwParameterIsNullNPE' '(Ljava/lang/String;)V' in 'kotlin/jvm/internal/Intrinsics')}
  0x0000024e1d670774: 48ba 287b | 8f34 4e02 | 0000 4883 | 8210 0100 

  0x0000024e1d670784: ;   {oop("<this>"{0x00000007031984b0})}
  0x0000024e1d670784: 0001 48ba | b084 1903 | 0700 0000 | 4889 8424 | e000 0000 | 0f1f 8000 

  0x0000024e1d67079c: ;   {static_call}
  0x0000024e1d67079c: 0000 00e8 

  0x0000024e1d6707a0: ; ImmutableOopMap {[224]=Oop [232]=Oop [240]=Oop }
                      ;*invokestatic createParameterIsNullExceptionMessage {reexecute=0 rethrow=0 return_oop=0}
                      ; - kotlin.jvm.internal.Intrinsics::throwParameterIsNullNPE@5 (line 140)
                      ; - kotlin.jvm.internal.Intrinsics::checkNotNullParameter@5 (line 131)
                      ; - org.jetbrains.skiko.context.Direct3DContextHandler::initCanvas@3
  0x0000024e1d6707a0: dce8 3d06 

  0x0000024e1d6707a4: ;   {other}
  0x0000024e1d6707a4: 0f1f 8400 | 9408 0000 | 4c8b 8424 | e000 0000 

  0x0000024e1d6707b4: ;   {metadata(method data for {method} {0x0000024e34706008} 'throwParameterIsNullNPE' '(Ljava/lang/String;)V' in 'kotlin/jvm/internal/Intrinsics')}
  0x0000024e1d6707b4: 48ba 287b | 8f34 4e02 | 0000 4883 | 8220 0100 | 0001 4c8b | c048 8b94 | 24e0 0000 | 0066 0f1f 
  0x0000024e1d6707d4: ;   {optimized virtual_call}
  0x0000024e1d6707d4: 4400 00e8 

  0x0000024e1d6707d8: ; ImmutableOopMap {[224]=Oop [232]=Oop [240]=Oop }
                      ;*invokespecial <init> {reexecute=0 rethrow=0 return_oop=0}
                      ; - kotlin.jvm.internal.Intrinsics::throwParameterIsNullNPE@8 (line 140)
                      ; - kotlin.jvm.internal.Intrinsics::checkNotNullParameter@5 (line 131)
                      ; - org.jetbrains.skiko.context.Direct3DContextHandler::initCanvas@3
  0x0000024e1d6707d8: a4e2 3d06 

  0x0000024e1d6707dc: ;   {other}
  0x0000024e1d6707dc: 0f1f 8400 | cc08 0001 

  0x0000024e1d6707e4: ;   {metadata(method data for {method} {0x0000024e34706008} 'throwParameterIsNullNPE' '(Ljava/lang/String;)V' in 'kotlin/jvm/internal/Intrinsics')}
  0x0000024e1d6707e4: 48ba 287b | 8f34 4e02 | 0000 4883 | 8230 0100 

  0x0000024e1d6707f4: ;   {metadata(method data for {method} {0x0000024e347070f0} 'sanitizeStackTrace' '(Ljava/lang/Throwable;)Ljava/lang/Throwable;' in 'kotlin/jvm/internal/Intrinsics')}
  0x0000024e1d6707f4: 0001 48ba | e07c 8f34 | 4e02 0000 | 8bb2 cc00 | 0000 83c6 | 0289 b2cc | 0000 0081 | e6fe ff1f 
  0x0000024e1d670814: 0085 f60f | 8441 2f00 

  0x0000024e1d67081c: ;   {oop(a 'java/lang/Class'{0x000000070315c4c0} = 'kotlin/jvm/internal/Intrinsics')}
  0x0000024e1d67081c: 0048 bac0 | c415 0307 | 0000 0048 

  0x0000024e1d670828: ;   {metadata(method data for {method} {0x0000024e347070f0} 'sanitizeStackTrace' '(Ljava/lang/Throwable;)Ljava/lang/Throwable;' in 'kotlin/jvm/internal/Intrinsics')}
  0x0000024e1d670828: 8bf2 48bf | e07c 8f34 | 4e02 0000 | 4883 8710 | 0100 0001 

  0x0000024e1d67083c: ;   {metadata(method data for {method} {0x0000024e34017e78} 'getName' '()Ljava/lang/String;' in 'java/lang/Class')}
  0x0000024e1d67083c: 48be c8d8 | 6334 4e02 | 0000 8bbe | cc00 0000 | 83c7 0289 | becc 0000 | 0081 e7fe | ff1f 0085 
  0x0000024e1d67085c: ff0f 841c | 2f00 008b | 522c 48c1 | e203 4885 

  0x0000024e1d67086c: ;   {metadata(method data for {method} {0x0000024e34017e78} 'getName' '()Ljava/lang/String;' in 'java/lang/Class')}
  0x0000024e1d67086c: d248 bec8 | d863 344e | 0200 0048 | c7c7 1001 | 0000 7407 | 48c7 c720 | 0100 0048 | 8b1c 3e48 
  0x0000024e1d67088c: 8d5b 0148 | 891c 3e0f | 8418 0000 

  0x0000024e1d670898: ;   {metadata(method data for {method} {0x0000024e34017e78} 'getName' '()Ljava/lang/String;' in 'java/lang/Class')}
  0x0000024e1d670898: 0048 bec8 | d863 344e | 0200 00ff | 8630 0100 | 0048 8bf2 | e936 0000 

  0x0000024e1d6708b0: ;   {oop(a 'java/lang/Class'{0x000000070315c4c0} = 'kotlin/jvm/internal/Intrinsics')}
  0x0000024e1d6708b0: 0048 bac0 | c415 0307 | 0000 0048 

  0x0000024e1d6708bc: ;   {metadata(method data for {method} {0x0000024e34017e78} 'getName' '()Ljava/lang/String;' in 'java/lang/Class')}
  0x0000024e1d6708bc: 8bf2 48bf | c8d8 6334 | 4e02 0000 | 4883 8748 | 0100 0001 | 0f1f 8000 

  0x0000024e1d6708d4: ;   {optimized virtual_call}
  0x0000024e1d6708d4: 0000 00e8 

  0x0000024e1d6708d8: ; ImmutableOopMap {[224]=Oop [232]=Oop [240]=Oop }
                      ;*invokevirtual initClassName {reexecute=0 rethrow=0 return_oop=0}
                      ; - java.lang.Class::getName@14
                      ; - kotlin.jvm.internal.Intrinsics::sanitizeStackTrace@3 (line 253)
                      ; - kotlin.jvm.internal.Intrinsics::throwParameterIsNullNPE@11 (line 140)
                      ; - kotlin.jvm.internal.Intrinsics::checkNotNullParameter@5 (line 131)
                      ; - org.jetbrains.skiko.context.Direct3DContextHandler::initCanvas@3
  0x0000024e1d6708d8: a4e1 3d06 

  0x0000024e1d6708dc: ;   {other}
  0x0000024e1d6708dc: 0f1f 8400 | cc09 0002 | 488b f048 | 8b84 24e0 | 0000 00e9 | 5f2c 0000 

  0x0000024e1d6708f4: ;   {metadata(method data for {method} {0x0000024e35e2b758} 'initCanvas' '(Lorg/jetbrains/skiko/LayerDrawScope;)V' in 'org/jetbrains/skiko/context/Direct3DContextHandler')}
  0x0000024e1d6708f4: 488b f248 | bf58 3cd7 | 374e 0200 | 0048 8387 | 2001 0000 | 018b 7214 | 48c1 e603 | 4889 b424 
  0x0000024e1d670914: f800 0000 

  0x0000024e1d670918: ;   {metadata(method data for {method} {0x0000024e35e2b758} 'initCanvas' '(Lorg/jetbrains/skiko/LayerDrawScope;)V' in 'org/jetbrains/skiko/context/Direct3DContextHandler')}
  0x0000024e1d670918: 4885 f648 | bf58 3cd7 | 374e 0200 | 0048 c7c3 | 6801 0000 | 7407 48c7 | c358 0100 | 0048 8b04 
  0x0000024e1d670938: 1f48 8d40 | 0148 8904 | 1f0f 84e1 | 2400 004c | 8b84 24f0 | 0000 0049 | 3b00 498b 

  0x0000024e1d670954: ;   {metadata(method data for {method} {0x0000024e35e2b758} 'initCanvas' '(Lorg/jetbrains/skiko/LayerDrawScope;)V' in 'org/jetbrains/skiko/context/Direct3DContextHandler')}
  0x0000024e1d670954: f848 bb58 | 3cd7 374e | 0200 0048 | 8383 7801 | 0000 0141 

  0x0000024e1d670968: ;   {metadata(method data for {method} {0x0000024e35e2b758} 'initCanvas' '(Lorg/jetbrains/skiko/LayerDrawScope;)V' in 'org/jetbrains/skiko/context/Direct3DContextHandler')}
  0x0000024e1d670968: 8b78 0c48 | bb58 3cd7 | 374e 0200 | 0048 8383 | b001 0000 

  0x0000024e1d67097c: ;   {metadata(method data for {method} {0x0000024e34a14828} 'coerceAtLeast' '(II)I' in 'kotlin/ranges/RangesKt___RangesKt')}
  0x0000024e1d67097c: 0148 bb00 | 804f 354e | 0200 008b | 83cc 0000 | 0083 c002 | 8983 cc00 | 0000 25fe | ff1f 0085 
  0x0000024e1d67099c: c00f 8407 | 2e00 0083 

  0x0000024e1d6709a4: ;   {metadata(method data for {method} {0x0000024e34a14828} 'coerceAtLeast' '(II)I' in 'kotlin/ranges/RangesKt___RangesKt')}
  0x0000024e1d6709a4: ff01 48bb | 0080 4f35 | 4e02 0000 | 48c7 c010 | 0100 007d | 0748 c7c0 | 2001 0000 | 488b 0c03 
  0x0000024e1d6709c4: 488d 4901 | 4889 0c03 | 0f8d 1500 

  0x0000024e1d6709d0: ;   {metadata(method data for {method} {0x0000024e34a14828} 'coerceAtLeast' '(II)I' in 'kotlin/ranges/RangesKt___RangesKt')}
  0x0000024e1d6709d0: 0000 48bf | 0080 4f35 | 4e02 0000 | ff87 3001 | 0000 bf01 | 0000 0049 

  0x0000024e1d6709e8: ;   {metadata(method data for {method} {0x0000024e35e2b758} 'initCanvas' '(Lorg/jetbrains/skiko/LayerDrawScope;)V' in 'org/jetbrains/skiko/context/Direct3DContextHandler')}
  0x0000024e1d6709e8: 8bd8 48b8 | 583c d737 | 4e02 0000 | 4883 80c0 | 0100 0001 | 418b 5810 

  0x0000024e1d670a00: ;   {metadata(method data for {method} {0x0000024e35e2b758} 'initCanvas' '(Lorg/jetbrains/skiko/LayerDrawScope;)V' in 'org/jetbrains/skiko/context/Direct3DContextHandler')}
  0x0000024e1d670a00: 48b8 583c | d737 4e02 | 0000 4883 | 80f8 0100 

  0x0000024e1d670a10: ;   {metadata(method data for {method} {0x0000024e34a14828} 'coerceAtLeast' '(II)I' in 'kotlin/ranges/RangesKt___RangesKt')}
  0x0000024e1d670a10: 0001 48b8 | 0080 4f35 | 4e02 0000 | 8b88 cc00 | 0000 83c1 | 0289 88cc | 0000 0081 | e1fe ff1f 
  0x0000024e1d670a30: 0085 c90f | 8492 2d00 | 0083 fb01 

  0x0000024e1d670a3c: ;   {metadata(method data for {method} {0x0000024e34a14828} 'coerceAtLeast' '(II)I' in 'kotlin/ranges/RangesKt___RangesKt')}
  0x0000024e1d670a3c: 48b8 0080 | 4f35 4e02 | 0000 48c7 | c110 0100 | 007d 0748 | c7c1 2001 | 0000 4c8b | 0c08 4d8d 
  0x0000024e1d670a5c: 4901 4c89 | 0c08 0f8d | 1500 0000 

  0x0000024e1d670a68: ;   {metadata(method data for {method} {0x0000024e34a14828} 'coerceAtLeast' '(II)I' in 'kotlin/ranges/RangesKt___RangesKt')}
  0x0000024e1d670a68: 48bb 0080 | 4f35 4e02 | 0000 ff83 | 3001 0000 | bb01 0000 | 0048 8bc2 

  0x0000024e1d670a80: ;   {metadata(method data for {method} {0x0000024e35e2b758} 'initCanvas' '(Lorg/jetbrains/skiko/LayerDrawScope;)V' in 'org/jetbrains/skiko/context/Direct3DContextHandler')}
  0x0000024e1d670a80: 48b9 583c | d737 4e02 | 0000 4883 | 8108 0200 

  0x0000024e1d670a90: ;   {metadata(method data for {method} {0x0000024e35e2b538} 'isSizeChanged' '(II)Z' in 'org/jetbrains/skiko/context/Direct3DContextHandler')}
  0x0000024e1d670a90: 0001 48b8 | e042 d737 | 4e02 0000 | 8b88 cc00 | 0000 83c1 | 0289 88cc | 0000 0081 | e1fe ff1f 
  0x0000024e1d670ab0: 0085 c90f | 8433 2d00 | 008b 422c 

  0x0000024e1d670abc: ;   {metadata(method data for {method} {0x0000024e35e2b538} 'isSizeChanged' '(II)Z' in 'org/jetbrains/skiko/context/Direct3DContextHandler')}
  0x0000024e1d670abc: 3bf8 48b8 | e042 d737 | 4e02 0000 | 48c7 c110 | 0100 0075 | 0748 c7c1 | 2001 0000 | 4c8b 0c08 
  0x0000024e1d670adc: 4d8d 4901 | 4c89 0c08 | 0f85 3100 | 0000 8b42 

  0x0000024e1d670aec: ;   {metadata(method data for {method} {0x0000024e35e2b538} 'isSizeChanged' '(II)Z' in 'org/jetbrains/skiko/context/Direct3DContextHandler')}
  0x0000024e1d670aec: 303b d848 | b8e0 42d7 | 374e 0200 | 0048 c7c1 | 3001 0000 | 7407 48c7 | c140 0100 | 004c 8b0c 
  0x0000024e1d670b0c: 084d 8d49 | 014c 890c | 080f 8410 | 0000 0089 | 7a2c 895a | 30b8 0100 | 0000 e905 | 0000 00b8 
  0x0000024e1d670b2c: 0000 0000 

  0x0000024e1d670b30: ;   {metadata(method data for {method} {0x0000024e35e2b758} 'initCanvas' '(Lorg/jetbrains/skiko/LayerDrawScope;)V' in 'org/jetbrains/skiko/context/Direct3DContextHandler')}
  0x0000024e1d670b30: 85c0 48b8 | 583c d737 | 4e02 0000 | 48c7 c118 | 0200 0075 | 0748 c7c1 | 2802 0000 | 4c8b 0c08 
  0x0000024e1d670b50: 4d8d 4901 | 4c89 0c08 | 899c 2404 | 0100 0089 | bc24 0001 | 0000 0f85 | 5e00 0000 

  0x0000024e1d670b6c: ;   {metadata(method data for {method} {0x0000024e35e2b758} 'initCanvas' '(Lorg/jetbrains/skiko/LayerDrawScope;)V' in 'org/jetbrains/skiko/context/Direct3DContextHandler')}
  0x0000024e1d670b6c: 488b c248 | b958 3cd7 | 374e 0200 | 0048 8381 | 3802 0000 | 0148 8bc2 

  0x0000024e1d670b84: ;   {optimized virtual_call}
  0x0000024e1d670b84: 488b d0e8 

  0x0000024e1d670b88: ; ImmutableOopMap {[232]=Oop [240]=Oop [248]=Oop }
                      ;*invokespecial isSurfacesNull {reexecute=0 rethrow=0 return_oop=0}
                      ; - org.jetbrains.skiko.context.Direct3DContextHandler::initCanvas@47 (line 42)
  0x0000024e1d670b88: d4b6 d5ff 

  0x0000024e1d670b8c: ;   {other}
  0x0000024e1d670b8c: 0f1f 8400 | 7c0c 0003 

  0x0000024e1d670b94: ;   {metadata(method data for {method} {0x0000024e35e2b758} 'initCanvas' '(Lorg/jetbrains/skiko/LayerDrawScope;)V' in 'org/jetbrains/skiko/context/Direct3DContextHandler')}
  0x0000024e1d670b94: 85c0 48ba | 583c d737 | 4e02 0000 | 48c7 c648 | 0200 0074 | 0748 c7c6 | 5802 0000 | 488b 3c32 
  0x0000024e1d670bb4: 488d 7f01 | 4889 3c32 | 0f84 6219 | 0000 488b | 9424 e800 | 0000 488b 

  0x0000024e1d670bcc: ;   {metadata(method data for {method} {0x0000024e35e2b758} 'initCanvas' '(Lorg/jetbrains/skiko/LayerDrawScope;)V' in 'org/jetbrains/skiko/context/Direct3DContextHandler')}
  0x0000024e1d670bcc: fa48 bb58 | 3cd7 374e | 0200 0048 | 8383 6802 | 0000 0148 | 8bfa 488b 

  0x0000024e1d670be4: ;   {optimized virtual_call}
  0x0000024e1d670be4: d766 90e8 

  0x0000024e1d670be8: ; ImmutableOopMap {[232]=Oop [240]=Oop [248]=Oop }
                      ;*invokevirtual disposeCanvas {reexecute=0 rethrow=0 return_oop=0}
                      ; - org.jetbrains.skiko.context.Direct3DContextHandler::initCanvas@54 (line 43)
  0x0000024e1d670be8: 8035 0000 

  0x0000024e1d670bec: ;   {other}
  0x0000024e1d670bec: 0f1f 8400 | dc0c 0004 | 488b b424 | f800 0000 

  0x0000024e1d670bfc: ; implicit exception: dispatches to 0x0000024e1d67380d
  0x0000024e1d670bfc: 483b 0648 

  0x0000024e1d670c00: ;   {metadata(method data for {method} {0x0000024e35e2b758} 'initCanvas' '(Lorg/jetbrains/skiko/LayerDrawScope;)V' in 'org/jetbrains/skiko/context/Direct3DContextHandler')}
  0x0000024e1d670c00: 8bd6 48bf | 583c d737 | 4e02 0000 | 4883 87a0 | 0200 0001 

  0x0000024e1d670c14: ;   {metadata(method data for {method} {0x0000024e367c3770} 'flush' '()Lorg/jetbrains/skia/DirectContext;' in 'org/jetbrains/skia/DirectContext')}
  0x0000024e1d670c14: 48ba b09f | da37 4e02 | 0000 8bba | cc00 0000 | 83c7 0289 | bacc 0000 | 0081 e7fe | ff1f 0085 
  0x0000024e1d670c34: ff0f 84d7 

  0x0000024e1d670c38: ;   {oop(a 'org/jetbrains/skia/impl/Stats'{0x0000000703b57de0})}
  0x0000024e1d670c38: 2b00 0048 | bae0 7db5 | 0307 0000 | 0048 8bfa 

  0x0000024e1d670c48: ;   {metadata(method data for {method} {0x0000024e367c3770} 'flush' '()Lorg/jetbrains/skia/DirectContext;' in 'org/jetbrains/skia/DirectContext')}
  0x0000024e1d670c48: 48bb b09f | da37 4e02 | 0000 4883 | 8310 0100 | 0001 0f1f 

  0x0000024e1d670c5c: ;   {optimized virtual_call}
  0x0000024e1d670c5c: 4400 00e8 

  0x0000024e1d670c60: ; ImmutableOopMap {[232]=Oop [240]=Oop [248]=Oop }
                      ;*invokevirtual onNativeCall {reexecute=0 rethrow=0 return_oop=0}
                      ; - org.jetbrains.skia.DirectContext::flush@3 (line 47)
                      ; - org.jetbrains.skiko.context.Direct3DContextHandler::initCanvas@58 (line 44)
  0x0000024e1d670c60: dca6 bf06 

  0x0000024e1d670c64: ;   {other}
  0x0000024e1d670c64: 0f1f 8400 | 540d 0005 | 488b b424 | f800 0000 

  0x0000024e1d670c74: ;   {metadata(method data for {method} {0x0000024e367c3770} 'flush' '()Lorg/jetbrains/skia/DirectContext;' in 'org/jetbrains/skia/DirectContext')}
  0x0000024e1d670c74: 48ba b09f | da37 4e02 | 0000 4883 | 8248 0100 | 0001 488b | b424 f800 | 0000 488b 

  0x0000024e1d670c90: ;   {metadata(method data for {method} {0x0000024e367c3770} 'flush' '()Lorg/jetbrains/skia/DirectContext;' in 'org/jetbrains/skia/DirectContext')}
  0x0000024e1d670c90: 5610 48bf | b09f da37 | 4e02 0000 | 4883 8780 | 0100 0001 

  0x0000024e1d670ca4: ;   {metadata(method data for {method} {0x0000024e367ca7a0} 'access$DirectContext_nFlushDefault' '(J)V' in 'org/jetbrains/skia/DirectContextKt')}
  0x0000024e1d670ca4: 48bf 80a1 | da37 4e02 | 0000 8b9f | cc00 0000 | 83c3 0289 | 9fcc 0000 | 0081 e3fe | ff1f 0085 
  0x0000024e1d670cc4: db0f 8468 

  0x0000024e1d670cc8: ;   {metadata(method data for {method} {0x0000024e367ca7a0} 'access$DirectContext_nFlushDefault' '(J)V' in 'org/jetbrains/skia/DirectContextKt')}
  0x0000024e1d670cc8: 2b00 0048 | bf80 a1da | 374e 0200 | 0048 8387 | 1001 0000 

  0x0000024e1d670cdc: ;   {static_call}
  0x0000024e1d670cdc: 0166 90e8 

  0x0000024e1d670ce0: ; ImmutableOopMap {[232]=Oop [240]=Oop [248]=Oop }
                      ;*invokestatic DirectContext_nFlushDefault {reexecute=0 rethrow=0 return_oop=0}
                      ; - org.jetbrains.skia.DirectContextKt::access$DirectContext_nFlushDefault@1 (line 1)
                      ; - org.jetbrains.skia.DirectContext::flush@10 (line 48)
                      ; - org.jetbrains.skiko.context.Direct3DContextHandler::initCanvas@58 (line 44)
  0x0000024e1d670ce0: a634 0000 

  0x0000024e1d670ce4: ;   {other}
  0x0000024e1d670ce4: 0f1f 8400 | d40d 0006 | 488b 9424 | e800 0000 

  0x0000024e1d670cf4: ;   {metadata(method data for {method} {0x0000024e35e2b758} 'initCanvas' '(Lorg/jetbrains/skiko/LayerDrawScope;)V' in 'org/jetbrains/skiko/context/Direct3DContextHandler')}
  0x0000024e1d670cf4: 48be 583c | d737 4e02 | 0000 4883 | 86d8 0200 

  0x0000024e1d670d04: ;   {metadata(method data for {method} {0x0000024e35e2b378} 'getDirectXRedrawer' '()Lorg/jetbrains/skiko/redrawer/Direct3DRedrawer;' in 'org/jetbrains/skiko/context/Direct3DContextHandler')}
  0x0000024e1d670d04: 0001 48ba | 4090 4237 | 4e02 0000 | 8bb2 cc00 | 0000 83c6 | 0289 b2cc | 0000 0081 | e6fe ff1f 
  0x0000024e1d670d24: 0085 f60f | 8427 2b00 | 0048 8b94 | 24e8 0000 

  0x0000024e1d670d34: ;   {metadata(method data for {method} {0x0000024e35e2b378} 'getDirectXRedrawer' '()Lorg/jetbrains/skiko/redrawer/Direct3DRedrawer;' in 'org/jetbrains/skiko/context/Direct3DContextHandler')}
  0x0000024e1d670d34: 0048 be40 | 9042 374e | 0200 0048 | 8386 1001 | 0000 0148 | 8b94 24e8 | 0000 008b | 720c 48c1 
  0x0000024e1d670d54: e603 483b | 0648 8bfe 

  0x0000024e1d670d5c: ;   {metadata(method data for {method} {0x0000024e35e2b378} 'getDirectXRedrawer' '()Lorg/jetbrains/skiko/redrawer/Direct3DRedrawer;' in 'org/jetbrains/skiko/context/Direct3DContextHandler')}
  0x0000024e1d670d5c: 48b8 4090 | 4237 4e02 | 0000 4883 | 8048 0100 

  0x0000024e1d670d6c: ;   {metadata(method data for {method} {0x0000024e35888798} 'getRedrawer$skiko' '()Lorg/jetbrains/skiko/redrawer/Redrawer;' in 'org/jetbrains/skiko/SkiaLayer')}
  0x0000024e1d670d6c: 0001 48bf | 386d f436 | 4e02 0000 | 8b87 cc00 | 0000 83c0 | 0289 87cc | 0000 0025 | feff 1f00 
  0x0000024e1d670d8c: 85c0 0f84 | e62a 0000 | 8bb6 9001 | 0000 48c1 | e603 483b | 0648 8bfe 

  0x0000024e1d670da4: ;   {metadata(method data for {method} {0x0000024e35888798} 'getRedrawer$skiko' '()Lorg/jetbrains/skiko/redrawer/Redrawer;' in 'org/jetbrains/skiko/SkiaLayer')}
  0x0000024e1d670da4: 48b8 386d | f436 4e02 | 0000 4883 | 8010 0100 | 0001 8b76 | 1848 c1e6 | 0348 85f6 

  0x0000024e1d670dc0: ;   {metadata(method data for {method} {0x0000024e35888798} 'getRedrawer$skiko' '()Lorg/jetbrains/skiko/redrawer/Redrawer;' in 'org/jetbrains/skiko/SkiaLayer')}
  0x0000024e1d670dc0: 7516 48bf | 386d f436 | 4e02 0000 | 808f 4101 | 0000 01e9 | e700 0000 

  0x0000024e1d670dd8: ;   {metadata('org/jetbrains/skiko/redrawer/Redrawer')}
  0x0000024e1d670dd8: 48b8 08e0 | 2b00 0800 | 0000 8b7e | 0849 ba00 | 0000 0008 | 0000 0049 | 03fa 483b | 4720 0f84 
  0x0000024e1d670df8: 1a00 0000 | 483b f80f | 8411 0000 

  0x0000024e1d670e04: ;   {runtime_call slow_subtype_check Runtime1 stub}
  0x0000024e1d670e04: 0057 50e8 | 74b6 4906 | 5f5f 85ff | 0f84 8d00 

  0x0000024e1d670e14: ;   {metadata(method data for {method} {0x0000024e35888798} 'getRedrawer$skiko' '()Lorg/jetbrains/skiko/redrawer/Redrawer;' in 'org/jetbrains/skiko/SkiaLayer')}
  0x0000024e1d670e14: 0000 48bf | 386d f436 | 4e02 0000 | 8b46 0849 | ba00 0000 | 0008 0000 | 0049 03c2 | 483b 8758 
  0x0000024e1d670e34: 0100 0075 | 0d48 8387 | 6001 0000 | 01e9 7900 | 0000 483b | 8768 0100 | 0075 0d48 | 8387 7001 
  0x0000024e1d670e54: 0000 01e9 | 6300 0000 | 4883 bf58 | 0100 0000 | 7517 4889 | 8758 0100 | 0048 c787 | 6001 0000 
  0x0000024e1d670e74: 0100 0000 | e942 0000 | 0048 83bf | 6801 0000 | 0075 1748 | 8987 6801 | 0000 48c7 | 8770 0100 
  0x0000024e1d670e94: 0001 0000 | 00e9 2100 | 0000 e91c 

  0x0000024e1d670ea0: ;   {metadata(method data for {method} {0x0000024e35888798} 'getRedrawer$skiko' '()Lorg/jetbrains/skiko/redrawer/Redrawer;' in 'org/jetbrains/skiko/SkiaLayer')}
  0x0000024e1d670ea0: 0000 0048 | bf38 6df4 | 364e 0200 | 0048 83af | 4801 0000 | 01e9 e629 | 0000 e900 | 0000 0048 
  0x0000024e1d670ec0: 8bde 4889 | 9c24 0801 

  0x0000024e1d670ec8: ;   {metadata(method data for {method} {0x0000024e35e2b378} 'getDirectXRedrawer' '()Lorg/jetbrains/skiko/redrawer/Direct3DRedrawer;' in 'org/jetbrains/skiko/context/Direct3DContextHandler')}
  0x0000024e1d670ec8: 0000 48be | 4090 4237 | 4e02 0000 | 4883 8680 | 0100 0001 

  0x0000024e1d670edc: ;   {metadata(method data for {method} {0x0000024e34704bc0} 'checkNotNull' '(Ljava/lang/Object;)V' in 'kotlin/jvm/internal/Intrinsics')}
  0x0000024e1d670edc: 48be 48cc | d234 4e02 | 0000 8bbe | cc00 0000 | 83c7 0289 | becc 0000 | 0081 e7fe | ff1f 0085 
  0x0000024e1d670efc: ff0f 84a6 | 2900 0048 

  0x0000024e1d670f04: ;   {metadata(method data for {method} {0x0000024e34704bc0} 'checkNotNull' '(Ljava/lang/Object;)V' in 'kotlin/jvm/internal/Intrinsics')}
  0x0000024e1d670f04: 85db 48be | 48cc d234 | 4e02 0000 | 48c7 c710 | 0100 0075 | 0748 c7c7 | 2001 0000 | 488b 043e 
  0x0000024e1d670f24: 488d 4001 | 4889 043e | 0f85 da01 

  0x0000024e1d670f30: ;   {metadata(method data for {method} {0x0000024e34704bc0} 'checkNotNull' '(Ljava/lang/Object;)V' in 'kotlin/jvm/internal/Intrinsics')}
  0x0000024e1d670f30: 0000 48be | 48cc d234 | 4e02 0000 | 4883 8630 | 0100 0001 

  0x0000024e1d670f44: ;   {metadata(method data for {method} {0x0000024e34704f08} 'throwJavaNpe' '()V' in 'kotlin/jvm/internal/Intrinsics')}
  0x0000024e1d670f44: 48be c8cd | d234 4e02 | 0000 8bbe | cc00 0000 | 83c7 0289 | becc 0000 | 0081 e7fe | ff1f 0085 
  0x0000024e1d670f64: ff0f 845f | 2900 000f | 1f44 0000 

  0x0000024e1d670f70: ;   {no_reloc}
  0x0000024e1d670f70: e985 2900 | 0000 0000 | 0000 498b | 87b8 0100 | 0048 8d78 | 3049 3bbf | c801 0000 | 0f87 7229 
  0x0000024e1d670f90: 0000 4989 | bfb8 0100 | 0048 c700 | 0100 0000 | 488b ca49 | ba00 0000 | 0008 0000 | 0049 2bca 
  0x0000024e1d670fb0: 8948 0848 | 33c9 8948 | 0c48 33c9 | 4889 4810 | 4889 4818 | 4889 4820 | 4889 4828 

  0x0000024e1d670fcc: ;   {metadata(method data for {method} {0x0000024e34704f08} 'throwJavaNpe' '()V' in 'kotlin/jvm/internal/Intrinsics')}
  0x0000024e1d670fcc: 488b d048 | bec8 cdd2 | 344e 0200 | 0048 8386 | 1001 0000 | 0148 8bd0 | 4889 8424 | 1001 0000 
  0x0000024e1d670fec: ;   {optimized virtual_call}
  0x0000024e1d670fec: 6666 90e8 

  0x0000024e1d670ff0: ; ImmutableOopMap {[232]=Oop [240]=Oop [248]=Oop [264]=Oop [272]=Oop }
                      ;*invokespecial <init> {reexecute=0 rethrow=0 return_oop=0}
                      ; - kotlin.jvm.internal.Intrinsics::throwJavaNpe@4 (line 45)
                      ; - kotlin.jvm.internal.Intrinsics::checkNotNull@4 (line 25)
                      ; - org.jetbrains.skiko.context.Direct3DContextHandler::getDirectXRedrawer@8 (line 18)
                      ; - org.jetbrains.skiko.context.Direct3DContextHandler::initCanvas@63 (line 46)
  0x0000024e1d670ff0: 8cda 3d06 

  0x0000024e1d670ff4: ;   {other}
  0x0000024e1d670ff4: 0f1f 8400 | e410 0007 

  0x0000024e1d670ffc: ;   {metadata(method data for {method} {0x0000024e34704f08} 'throwJavaNpe' '()V' in 'kotlin/jvm/internal/Intrinsics')}
  0x0000024e1d670ffc: 48ba c8cd | d234 4e02 | 0000 4883 | 8220 0100 

  0x0000024e1d67100c: ;   {metadata(method data for {method} {0x0000024e347070f0} 'sanitizeStackTrace' '(Ljava/lang/Throwable;)Ljava/lang/Throwable;' in 'kotlin/jvm/internal/Intrinsics')}
  0x0000024e1d67100c: 0001 48ba | e07c 8f34 | 4e02 0000 | 8bb2 cc00 | 0000 83c6 | 0289 b2cc | 0000 0081 | e6fe ff1f 
  0x0000024e1d67102c: 0085 f60f | 84dc 2800 

  0x0000024e1d671034: ;   {oop(a 'java/lang/Class'{0x000000070315c4c0} = 'kotlin/jvm/internal/Intrinsics')}
  0x0000024e1d671034: 0048 bac0 | c415 0307 | 0000 0048 

  0x0000024e1d671040: ;   {metadata(method data for {method} {0x0000024e347070f0} 'sanitizeStackTrace' '(Ljava/lang/Throwable;)Ljava/lang/Throwable;' in 'kotlin/jvm/internal/Intrinsics')}
  0x0000024e1d671040: 8bf2 48bf | e07c 8f34 | 4e02 0000 | 4883 8710 | 0100 0001 

  0x0000024e1d671054: ;   {metadata(method data for {method} {0x0000024e34017e78} 'getName' '()Ljava/lang/String;' in 'java/lang/Class')}
  0x0000024e1d671054: 48be c8d8 | 6334 4e02 | 0000 8bbe | cc00 0000 | 83c7 0289 | becc 0000 | 0081 e7fe | ff1f 0085 
  0x0000024e1d671074: ff0f 84b7 | 2800 008b | 522c 48c1 | e203 4885 

  0x0000024e1d671084: ;   {metadata(method data for {method} {0x0000024e34017e78} 'getName' '()Ljava/lang/String;' in 'java/lang/Class')}
  0x0000024e1d671084: d248 bec8 | d863 344e | 0200 0048 | c7c7 1001 | 0000 7407 | 48c7 c720 | 0100 0048 | 8b1c 3e48 
  0x0000024e1d6710a4: 8d5b 0148 | 891c 3e0f | 8418 0000 

  0x0000024e1d6710b0: ;   {metadata(method data for {method} {0x0000024e34017e78} 'getName' '()Ljava/lang/String;' in 'java/lang/Class')}
  0x0000024e1d6710b0: 0048 bec8 | d863 344e | 0200 00ff | 8630 0100 | 0048 8bf2 | e936 0000 

  0x0000024e1d6710c8: ;   {oop(a 'java/lang/Class'{0x000000070315c4c0} = 'kotlin/jvm/internal/Intrinsics')}
  0x0000024e1d6710c8: 0048 bac0 | c415 0307 | 0000 0048 

  0x0000024e1d6710d4: ;   {metadata(method data for {method} {0x0000024e34017e78} 'getName' '()Ljava/lang/String;' in 'java/lang/Class')}
  0x0000024e1d6710d4: 8bf2 48bf | c8d8 6334 | 4e02 0000 | 4883 8748 | 0100 0001 | 0f1f 8000 

  0x0000024e1d6710ec: ;   {optimized virtual_call}
  0x0000024e1d6710ec: 0000 00e8 

  0x0000024e1d6710f0: ; ImmutableOopMap {[232]=Oop [240]=Oop [248]=Oop [264]=Oop [272]=Oop }
                      ;*invokevirtual initClassName {reexecute=0 rethrow=0 return_oop=0}
                      ; - java.lang.Class::getName@14
                      ; - kotlin.jvm.internal.Intrinsics::sanitizeStackTrace@3 (line 253)
                      ; - kotlin.jvm.internal.Intrinsics::throwJavaNpe@7 (line 45)
                      ; - kotlin.jvm.internal.Intrinsics::checkNotNull@4 (line 25)
                      ; - org.jetbrains.skiko.context.Direct3DContextHandler::getDirectXRedrawer@8 (line 18)
                      ; - org.jetbrains.skiko.context.Direct3DContextHandler::initCanvas@63 (line 46)
  0x0000024e1d6710f0: 8cd9 3d06 

  0x0000024e1d6710f4: ;   {other}
  0x0000024e1d6710f4: 0f1f 8400 | e411 0008 | 488b f048 | 8b84 2410 | 0100 00e9 | 1223 0000 | 4885 db75 

  0x0000024e1d671110: ;   {metadata(method data for {method} {0x0000024e35e2b378} 'getDirectXRedrawer' '()Lorg/jetbrains/skiko/redrawer/Direct3DRedrawer;' in 'org/jetbrains/skiko/context/Direct3DContextHandler')}
  0x0000024e1d671110: 1749 b940 | 9042 374e | 0200 0041 | 8089 8901 | 0000 01e9 | cd00 0000 

  0x0000024e1d671128: ;   {metadata('org/jetbrains/skiko/redrawer/Direct3DRedrawer')}
  0x0000024e1d671128: 48be b00b | 3800 0800 | 0000 448b | 4308 49ba | 0000 0000 | 0800 0000 | 4d03 c249 | 3bf0 0f85 
  0x0000024e1d671148: 8d00 0000 

  0x0000024e1d67114c: ;   {metadata(method data for {method} {0x0000024e35e2b378} 'getDirectXRedrawer' '()Lorg/jetbrains/skiko/redrawer/Direct3DRedrawer;' in 'org/jetbrains/skiko/context/Direct3DContextHandler')}
  0x0000024e1d67114c: 49b9 4090 | 4237 4e02 | 0000 8b73 | 0849 ba00 | 0000 0008 | 0000 0049 | 03f2 493b | b1a0 0100 
  0x0000024e1d67116c: 0075 0d49 | 8381 a801 | 0000 01e9 | 7900 0000 | 493b b1b0 | 0100 0075 | 0d49 8381 | b801 0000 
  0x0000024e1d67118c: 01e9 6300 | 0000 4983 | b9a0 0100 | 0000 7517 | 4989 b1a0 | 0100 0049 | c781 a801 | 0000 0100 
  0x0000024e1d6711ac: 0000 e942 | 0000 0049 | 83b9 b001 | 0000 0075 | 1749 89b1 | b001 0000 | 49c7 81b8 | 0100 0001 
  0x0000024e1d6711cc: 0000 00e9 | 2100 0000 | e91c 0000 

  0x0000024e1d6711d8: ;   {metadata(method data for {method} {0x0000024e35e2b378} 'getDirectXRedrawer' '()Lorg/jetbrains/skiko/redrawer/Direct3DRedrawer;' in 'org/jetbrains/skiko/context/Direct3DContextHandler')}
  0x0000024e1d6711d8: 0049 b940 | 9042 374e | 0200 0049 | 83a9 9001 | 0000 01e9 | 6827 0000 | e900 0000 | 0048 8bd3 
  0x0000024e1d6711f8: ; implicit exception: dispatches to 0x0000024e1d673961
  0x0000024e1d6711f8: 483b 024c 

  0x0000024e1d6711fc: ;   {metadata(method data for {method} {0x0000024e35e2b758} 'initCanvas' '(Lorg/jetbrains/skiko/LayerDrawScope;)V' in 'org/jetbrains/skiko/context/Direct3DContextHandler')}
  0x0000024e1d6711fc: 8bc2 49b9 | 583c d737 | 4e02 0000 | 4983 81e8 | 0200 0001 | 448b 8424 | 0001 0000 | 448b 8c24 
  0x0000024e1d67121c: 0401 0000 | 0f1f 8000 

  0x0000024e1d671224: ;   {optimized virtual_call}
  0x0000024e1d671224: 0000 00e8 

  0x0000024e1d671228: ; ImmutableOopMap {[232]=Oop [240]=Oop [248]=Oop }
                      ;*invokevirtual changeSize {reexecute=0 rethrow=0 return_oop=0}
                      ; - org.jetbrains.skiko.context.Direct3DContextHandler::initCanvas@69 (line 46)
  0x0000024e1d671228: c72f 0000 

  0x0000024e1d67122c: ;   {other}
  0x0000024e1d67122c: 0f1f 8400 | 1c13 0009 | 8984 2430 | 0100 004c | 8b84 24f0 

  0x0000024e1d671240: ;   {metadata('org/jetbrains/skia/SurfaceProps')}
  0x0000024e1d671240: 0000 0048 | ba50 dc4d | 0008 0000 | 0049 8b87 | b801 0000 | 488d 7818 | 493b bfc8 | 0100 000f 
  0x0000024e1d671260: 8701 2700 | 0049 89bf | b801 0000 | 48c7 0001 | 0000 0048 | 8bca 49ba | 0000 0000 | 0800 0000 
  0x0000024e1d671280: 492b ca89 | 4808 4833 | c989 480c | 4833 c948 | 8948 1048 | 8984 2420 | 0100 0049 

  0x0000024e1d67129c: ;   {metadata(method data for {method} {0x0000024e35e2b758} 'initCanvas' '(Lorg/jetbrains/skiko/LayerDrawScope;)V' in 'org/jetbrains/skiko/context/Direct3DContextHandler')}
  0x0000024e1d67129c: 8bd0 48be | 583c d737 | 4e02 0000 | 4883 8620 | 0300 0001 | 458b 4014 | 49c1 e003 | 4c89 8424 
  0x0000024e1d6712bc: 2801 0000 

  0x0000024e1d6712c0: ;   {metadata(method data for {method} {0x0000024e35e2b758} 'initCanvas' '(Lorg/jetbrains/skiko/LayerDrawScope;)V' in 'org/jetbrains/skiko/context/Direct3DContextHandler')}
  0x0000024e1d6712c0: 488b d048 | be58 3cd7 | 374e 0200 | 0048 8386 | 5803 0000 

  0x0000024e1d6712d4: ;   {metadata(method data for {method} {0x0000024e367cb890} '<init>' '(ZLorg/jetbrains/skia/PixelGeometry;ILkotlin/jvm/internal/DefaultConstructorMarker;)V' in 'org/jetbrains/skia/SurfaceProps')}
  0x0000024e1d6712d4: 0148 baf8 | a4da 374e | 0200 008b | b2cc 0000 | 0083 c602 | 89b2 cc00 | 0000 81e6 | feff 1f00 
  0x0000024e1d6712f4: 85f6 0f84 | 7726 0000 

  0x0000024e1d6712fc: ;   {metadata(method data for {method} {0x0000024e367cb890} '<init>' '(ZLorg/jetbrains/skia/PixelGeometry;ILkotlin/jvm/internal/DefaultConstructorMarker;)V' in 'org/jetbrains/skia/SurfaceProps')}
  0x0000024e1d6712fc: 48ba f8a4 | da37 4e02 | 0000 ff82 | 2001 0000 

  0x0000024e1d67130c: ;   {metadata(method data for {method} {0x0000024e367cb890} '<init>' '(ZLorg/jetbrains/skia/PixelGeometry;ILkotlin/jvm/internal/DefaultConstructorMarker;)V' in 'org/jetbrains/skia/SurfaceProps')}
  0x0000024e1d67130c: 48ba f8a4 | da37 4e02 | 0000 ff82 | 3001 0000 

  0x0000024e1d67131c: ;   {metadata(method data for {method} {0x0000024e367cb890} '<init>' '(ZLorg/jetbrains/skia/PixelGeometry;ILkotlin/jvm/internal/DefaultConstructorMarker;)V' in 'org/jetbrains/skia/SurfaceProps')}
  0x0000024e1d67131c: 488b d048 | bef8 a4da | 374e 0200 | 0048 8386 | 5001 0000 

  0x0000024e1d671330: ;   {metadata(method data for {method} {0x0000024e367cb7c0} '<init>' '(ZLorg/jetbrains/skia/PixelGeometry;)V' in 'org/jetbrains/skia/SurfaceProps')}
  0x0000024e1d671330: 0148 baa0 | a6da 374e | 0200 008b | b2cc 0000 | 0083 c602 | 89b2 cc00 | 0000 81e6 | feff 1f00 
  0x0000024e1d671350: 85f6 0f84 | 3c26 0000 

  0x0000024e1d671358: ;   {metadata(method data for {method} {0x0000024e367cb7c0} '<init>' '(ZLorg/jetbrains/skia/PixelGeometry;)V' in 'org/jetbrains/skia/SurfaceProps')}
  0x0000024e1d671358: 48ba a0a6 | da37 4e02 | 0000 4883 | 8210 0100 

  0x0000024e1d671368: ;   {metadata(method data for {method} {0x0000024e34705e00} 'checkNotNullParameter' '(Ljava/lang/Object;Ljava/lang/String;)V' in 'kotlin/jvm/internal/Intrinsics')}
  0x0000024e1d671368: 0001 48ba | a079 8f34 | 4e02 0000 | 8bb2 cc00 | 0000 83c6 | 0289 b2cc | 0000 0081 | e6fe ff1f 
  0x0000024e1d671388: 0085 f60f | 8424 2600 | 004d 85c0 

  0x0000024e1d671394: ;   {metadata(method data for {method} {0x0000024e34705e00} 'checkNotNullParameter' '(Ljava/lang/Object;Ljava/lang/String;)V' in 'kotlin/jvm/internal/Intrinsics')}
  0x0000024e1d671394: 48ba a079 | 8f34 4e02 | 0000 48c7 | c610 0100 | 0075 0748 | c7c6 2001 | 0000 488b | 3c32 488d 
  0x0000024e1d6713b4: 7f01 4889 | 3c32 0f85 | 1c02 0000 

  0x0000024e1d6713c0: ;   {metadata(method data for {method} {0x0000024e34705e00} 'checkNotNullParameter' '(Ljava/lang/Object;Ljava/lang/String;)V' in 'kotlin/jvm/internal/Intrinsics')}
  0x0000024e1d6713c0: 48ba a079 | 8f34 4e02 | 0000 4883 | 8230 0100 

  0x0000024e1d6713d0: ;   {metadata(method data for {method} {0x0000024e34706008} 'throwParameterIsNullNPE' '(Ljava/lang/String;)V' in 'kotlin/jvm/internal/Intrinsics')}
  0x0000024e1d6713d0: 0001 48ba | 287b 8f34 | 4e02 0000 | 8bb2 cc00 | 0000 83c6 | 0289 b2cc | 0000 0081 | e6fe ff1f 
  0x0000024e1d6713f0: 0085 f60f | 84dd 2500 | 000f 1f80 | 0000 0000 

  0x0000024e1d671400: ;   {no_reloc}
  0x0000024e1d671400: e901 2600 | 0000 0000 | 0000 498b | 87b8 0100 | 0048 8d78 | 3049 3bbf | c801 0000 | 0f87 ee25 
  0x0000024e1d671420: 0000 4989 | bfb8 0100 | 0048 c700 | 0100 0000 | 488b ca49 | ba00 0000 | 0008 0000 | 0049 2bca 
  0x0000024e1d671440: 8948 0848 | 33c9 8948 | 0c48 33c9 | 4889 4810 | 4889 4818 | 4889 4820 | 4889 4828 

  0x0000024e1d67145c: ;   {metadata(method data for {method} {0x0000024e34706008} 'throwParameterIsNullNPE' '(Ljava/lang/String;)V' in 'kotlin/jvm/internal/Intrinsics')}
  0x0000024e1d67145c: 48ba 287b | 8f34 4e02 | 0000 4883 | 8210 0100 

  0x0000024e1d67146c: ;   {oop("pixelGeometry"{0x0000000703b785f8})}
  0x0000024e1d67146c: 0001 48ba | f885 b703 | 0700 0000 | 4889 8424 | 1801 0000 | 0f1f 8000 

  0x0000024e1d671484: ;   {static_call}
  0x0000024e1d671484: 0000 00e8 

  0x0000024e1d671488: ; ImmutableOopMap {[232]=Oop [248]=Oop [280]=Oop [288]=Oop [296]=Oop }
                      ;*invokestatic createParameterIsNullExceptionMessage {reexecute=0 rethrow=0 return_oop=0}
                      ; - kotlin.jvm.internal.Intrinsics::throwParameterIsNullNPE@5 (line 140)
                      ; - kotlin.jvm.internal.Intrinsics::checkNotNullParameter@5 (line 131)
                      ; - org.jetbrains.skia.SurfaceProps::<init>@3
                      ; - org.jetbrains.skia.SurfaceProps::<init>@21 (line 3)
                      ; - org.jetbrains.skiko.context.Direct3DContextHandler::initCanvas@86 (line 48)
  0x0000024e1d671488: f4db 3d06 

  0x0000024e1d67148c: ;   {other}
  0x0000024e1d67148c: 0f1f 8400 | 7c15 000a | 4c8b 8424 | 1801 0000 

  0x0000024e1d67149c: ;   {metadata(method data for {method} {0x0000024e34706008} 'throwParameterIsNullNPE' '(Ljava/lang/String;)V' in 'kotlin/jvm/internal/Intrinsics')}
  0x0000024e1d67149c: 48ba 287b | 8f34 4e02 | 0000 4883 | 8220 0100 | 0001 4c8b | c048 8b94 | 2418 0100 | 0066 0f1f 
  0x0000024e1d6714bc: ;   {optimized virtual_call}
  0x0000024e1d6714bc: 4400 00e8 

  0x0000024e1d6714c0: ; ImmutableOopMap {[232]=Oop [248]=Oop [280]=Oop [288]=Oop [296]=Oop }
                      ;*invokespecial <init> {reexecute=0 rethrow=0 return_oop=0}
                      ; - kotlin.jvm.internal.Intrinsics::throwParameterIsNullNPE@8 (line 140)
                      ; - kotlin.jvm.internal.Intrinsics::checkNotNullParameter@5 (line 131)
                      ; - org.jetbrains.skia.SurfaceProps::<init>@3
                      ; - org.jetbrains.skia.SurfaceProps::<init>@21 (line 3)
                      ; - org.jetbrains.skiko.context.Direct3DContextHandler::initCanvas@86 (line 48)
  0x0000024e1d6714c0: bcd5 3d06 

  0x0000024e1d6714c4: ;   {other}
  0x0000024e1d6714c4: 0f1f 8400 | b415 000b 

  0x0000024e1d6714cc: ;   {metadata(method data for {method} {0x0000024e34706008} 'throwParameterIsNullNPE' '(Ljava/lang/String;)V' in 'kotlin/jvm/internal/Intrinsics')}
  0x0000024e1d6714cc: 48ba 287b | 8f34 4e02 | 0000 4883 | 8230 0100 

  0x0000024e1d6714dc: ;   {metadata(method data for {method} {0x0000024e347070f0} 'sanitizeStackTrace' '(Ljava/lang/Throwable;)Ljava/lang/Throwable;' in 'kotlin/jvm/internal/Intrinsics')}
  0x0000024e1d6714dc: 0001 48ba | e07c 8f34 | 4e02 0000 | 8bb2 cc00 | 0000 83c6 | 0289 b2cc | 0000 0081 | e6fe ff1f 
  0x0000024e1d6714fc: 0085 f60f | 8418 2500 

  0x0000024e1d671504: ;   {oop(a 'java/lang/Class'{0x000000070315c4c0} = 'kotlin/jvm/internal/Intrinsics')}
  0x0000024e1d671504: 0048 bac0 | c415 0307 | 0000 0048 

  0x0000024e1d671510: ;   {metadata(method data for {method} {0x0000024e347070f0} 'sanitizeStackTrace' '(Ljava/lang/Throwable;)Ljava/lang/Throwable;' in 'kotlin/jvm/internal/Intrinsics')}
  0x0000024e1d671510: 8bf2 48bf | e07c 8f34 | 4e02 0000 | 4883 8710 | 0100 0001 

  0x0000024e1d671524: ;   {metadata(method data for {method} {0x0000024e34017e78} 'getName' '()Ljava/lang/String;' in 'java/lang/Class')}
  0x0000024e1d671524: 48be c8d8 | 6334 4e02 | 0000 8bbe | cc00 0000 | 83c7 0289 | becc 0000 | 0081 e7fe | ff1f 0085 
  0x0000024e1d671544: ff0f 84f3 | 2400 008b | 522c 48c1 | e203 4885 

  0x0000024e1d671554: ;   {metadata(method data for {method} {0x0000024e34017e78} 'getName' '()Ljava/lang/String;' in 'java/lang/Class')}
  0x0000024e1d671554: d248 bec8 | d863 344e | 0200 0048 | c7c7 1001 | 0000 7407 | 48c7 c720 | 0100 0048 | 8b1c 3e48 
  0x0000024e1d671574: 8d5b 0148 | 891c 3e0f | 8418 0000 

  0x0000024e1d671580: ;   {metadata(method data for {method} {0x0000024e34017e78} 'getName' '()Ljava/lang/String;' in 'java/lang/Class')}
  0x0000024e1d671580: 0048 bec8 | d863 344e | 0200 00ff | 8630 0100 | 0048 8bf2 | e936 0000 

  0x0000024e1d671598: ;   {oop(a 'java/lang/Class'{0x000000070315c4c0} = 'kotlin/jvm/internal/Intrinsics')}
  0x0000024e1d671598: 0048 bac0 | c415 0307 | 0000 0048 

  0x0000024e1d6715a4: ;   {metadata(method data for {method} {0x0000024e34017e78} 'getName' '()Ljava/lang/String;' in 'java/lang/Class')}
  0x0000024e1d6715a4: 8bf2 48bf | c8d8 6334 | 4e02 0000 | 4883 8748 | 0100 0001 | 0f1f 8000 

  0x0000024e1d6715bc: ;   {optimized virtual_call}
  0x0000024e1d6715bc: 0000 00e8 

  0x0000024e1d6715c0: ; ImmutableOopMap {[232]=Oop [248]=Oop [280]=Oop [288]=Oop [296]=Oop }
                      ;*invokevirtual initClassName {reexecute=0 rethrow=0 return_oop=0}
                      ; - java.lang.Class::getName@14
                      ; - kotlin.jvm.internal.Intrinsics::sanitizeStackTrace@3 (line 253)
                      ; - kotlin.jvm.internal.Intrinsics::throwParameterIsNullNPE@11 (line 140)
                      ; - kotlin.jvm.internal.Intrinsics::checkNotNullParameter@5 (line 131)
                      ; - org.jetbrains.skia.SurfaceProps::<init>@3
                      ; - org.jetbrains.skia.SurfaceProps::<init>@21 (line 3)
                      ; - org.jetbrains.skiko.context.Direct3DContextHandler::initCanvas@86 (line 48)
  0x0000024e1d6715c0: bcd4 3d06 

  0x0000024e1d6715c4: ;   {other}
  0x0000024e1d6715c4: 0f1f 8400 | b416 000c | 488b f048 | 8b84 2418 | 0100 00e9 | 0a1d 0000 

  0x0000024e1d6715dc: ;   {metadata(method data for {method} {0x0000024e367cb7c0} '<init>' '(ZLorg/jetbrains/skia/PixelGeometry;)V' in 'org/jetbrains/skia/SurfaceProps')}
  0x0000024e1d6715dc: 4c8b c848 | bfa0 a6da | 374e 0200 | 0048 8387 | 2001 0000 

  0x0000024e1d6715f0: ;   {metadata(method data for {method} {0x0000024e34000638} '<init>' '()V' in 'java/lang/Object')}
  0x0000024e1d6715f0: 0149 b9d0 | 6d29 344e | 0200 0041 | 8bb9 cc00 | 0000 83c7 | 0241 89b9 | cc00 0000 | 81e7 feff 
  0x0000024e1d671610: 1f00 85ff | 0f84 4a24 | 0000 c640 | 0c00 450f | be4f 4045 | 85c9 0f85 | 5924 0000 | 4d8b d049 
  0x0000024e1d671630: c1ea 0344 | 8950 104c | 8bc8 4d33 | c849 c1e9 | 1549 83f9 | 000f 855a | 2400 0048 | 8b94 24e8 
  0x0000024e1d671650: 0000 008b | 5a28 899c | 2448 0100 | 0041 bb00 | 0000 0044 | 8bac 2404 | 0100 008b | bc24 0001 
  0x0000024e1d671670: 0000 488b | b424 f800 | 0000 660f | 1f44 0000 

  0x0000024e1d671680: ;   {metadata(method data for {method} {0x0000024e35e2b758} 'initCanvas' '(Lorg/jetbrains/skiko/LayerDrawScope;)V' in 'org/jetbrains/skiko/context/Direct3DContextHandler')}
  0x0000024e1d671680: 443b db49 | b858 3cd7 | 374e 0200 | 0049 c7c1 | 6803 0000 | 7d07 49c7 | c178 0300 | 004b 8b0c 
  0x0000024e1d6716a0: 0848 8d49 | 014b 890c | 080f 8d55 | 0800 0044 | 899c 2434 | 0100 0044 | 8b72 3449 | c1e6 034c 
  0x0000024e1d6716c0: 89b4 2438 | 0100 004c 

  0x0000024e1d6716c8: ;   {metadata(method data for {method} {0x0000024e35e2b758} 'initCanvas' '(Lorg/jetbrains/skiko/LayerDrawScope;)V' in 'org/jetbrains/skiko/context/Direct3DContextHandler')}
  0x0000024e1d6716c8: 8bc2 49b9 | 583c d737 | 4e02 0000 | 4983 8188 | 0300 0001 

  0x0000024e1d6716dc: ;   {metadata(method data for {method} {0x0000024e35e2b378} 'getDirectXRedrawer' '()Lorg/jetbrains/skiko/redrawer/Direct3DRedrawer;' in 'org/jetbrains/skiko/context/Direct3DContextHandler')}
  0x0000024e1d6716dc: 49b8 4090 | 4237 4e02 | 0000 458b | 88cc 0000 | 0041 83c1 | 0245 8988 | cc00 0000 | 4181 e1fe 
  0x0000024e1d6716fc: ff1f 0045 | 85c9 0f84 | b523 0000 

  0x0000024e1d671708: ;   {metadata(method data for {method} {0x0000024e35e2b378} 'getDirectXRedrawer' '()Lorg/jetbrains/skiko/redrawer/Direct3DRedrawer;' in 'org/jetbrains/skiko/context/Direct3DContextHandler')}
  0x0000024e1d671708: 4c8b c249 | b940 9042 | 374e 0200 | 0049 8381 | 1001 0000 | 0144 8b42 | 0c49 c1e0 | 0349 3b00 
  0x0000024e1d671728: ;   {metadata(method data for {method} {0x0000024e35e2b378} 'getDirectXRedrawer' '()Lorg/jetbrains/skiko/redrawer/Direct3DRedrawer;' in 'org/jetbrains/skiko/context/Direct3DContextHandler')}
  0x0000024e1d671728: 4d8b c848 | b940 9042 | 374e 0200 | 0048 8381 | 4801 0000 

  0x0000024e1d67173c: ;   {metadata(method data for {method} {0x0000024e35888798} 'getRedrawer$skiko' '()Lorg/jetbrains/skiko/redrawer/Redrawer;' in 'org/jetbrains/skiko/SkiaLayer')}
  0x0000024e1d67173c: 0149 b938 | 6df4 364e | 0200 0041 | 8b89 cc00 | 0000 83c1 | 0241 8989 | cc00 0000 | 81e1 feff 
  0x0000024e1d67175c: 1f00 85c9 | 0f84 7d23 | 0000 458b | 8090 0100 | 0049 c1e0 | 0349 3b00 

  0x0000024e1d671774: ;   {metadata(method data for {method} {0x0000024e35888798} 'getRedrawer$skiko' '()Lorg/jetbrains/skiko/redrawer/Redrawer;' in 'org/jetbrains/skiko/SkiaLayer')}
  0x0000024e1d671774: 4d8b c848 | b938 6df4 | 364e 0200 | 0048 8381 | 1001 0000 | 0145 8b40 | 1849 c1e0 | 034d 85c0 
  0x0000024e1d671794: ;   {metadata(method data for {method} {0x0000024e35888798} 'getRedrawer$skiko' '()Lorg/jetbrains/skiko/redrawer/Redrawer;' in 'org/jetbrains/skiko/SkiaLayer')}
  0x0000024e1d671794: 7516 48b9 | 386d f436 | 4e02 0000 | 8089 4101 | 0000 01e9 | ea00 0000 

  0x0000024e1d6717ac: ;   {metadata('org/jetbrains/skiko/redrawer/Redrawer')}
  0x0000024e1d6717ac: 49bb 08e0 | 2b00 0800 | 0000 418b | 4808 49ba | 0000 0000 | 0800 0000 | 4903 ca4c | 3b59 200f 
  0x0000024e1d6717cc: 841b 0000 | 0049 3bcb | 0f84 1200 | 0000 5141 

  0x0000024e1d6717dc: ;   {runtime_call slow_subtype_check Runtime1 stub}
  0x0000024e1d6717dc: 53e8 9eac | 4906 5959 | 85c9 0f84 | 8e00 0000 

  0x0000024e1d6717ec: ;   {metadata(method data for {method} {0x0000024e35888798} 'getRedrawer$skiko' '()Lorg/jetbrains/skiko/redrawer/Redrawer;' in 'org/jetbrains/skiko/SkiaLayer')}
  0x0000024e1d6717ec: 48b9 386d | f436 4e02 | 0000 458b | 5808 49ba | 0000 0000 | 0800 0000 | 4d03 da4c | 3b99 5801 
  0x0000024e1d67180c: 0000 750d | 4883 8160 | 0100 0001 | e979 0000 | 004c 3b99 | 6801 0000 | 750d 4883 | 8170 0100 
  0x0000024e1d67182c: 0001 e963 | 0000 0048 | 83b9 5801 | 0000 0075 | 174c 8999 | 5801 0000 | 48c7 8160 | 0100 0001 
  0x0000024e1d67184c: 0000 00e9 | 4200 0000 | 4883 b968 | 0100 0000 | 7517 4c89 | 9968 0100 | 0048 c781 | 7001 0000 
  0x0000024e1d67186c: 0100 0000 | e921 0000 | 00e9 1c00 

  0x0000024e1d671878: ;   {metadata(method data for {method} {0x0000024e35888798} 'getRedrawer$skiko' '()Lorg/jetbrains/skiko/redrawer/Redrawer;' in 'org/jetbrains/skiko/SkiaLayer')}
  0x0000024e1d671878: 0000 48b9 | 386d f436 | 4e02 0000 | 4883 a948 | 0100 0001 | e978 2200 | 00e9 0000 

  0x0000024e1d671894: ;   {metadata(method data for {method} {0x0000024e35e2b378} 'getDirectXRedrawer' '()Lorg/jetbrains/skiko/redrawer/Direct3DRedrawer;' in 'org/jetbrains/skiko/context/Direct3DContextHandler')}
  0x0000024e1d671894: 0000 49b9 | 4090 4237 | 4e02 0000 | 4983 8180 | 0100 0001 

  0x0000024e1d6718a8: ;   {metadata(method data for {method} {0x0000024e34704bc0} 'checkNotNull' '(Ljava/lang/Object;)V' in 'kotlin/jvm/internal/Intrinsics')}
  0x0000024e1d6718a8: 49b9 48cc | d234 4e02 | 0000 418b | 89cc 0000 | 0083 c102 | 4189 89cc | 0000 0081 | e1fe ff1f 
  0x0000024e1d6718c8: 0085 c90f | 8441 2200 | 004d 85c0 

  0x0000024e1d6718d4: ;   {metadata(method data for {method} {0x0000024e34704bc0} 'checkNotNull' '(Ljava/lang/Object;)V' in 'kotlin/jvm/internal/Intrinsics')}
  0x0000024e1d6718d4: 49b9 48cc | d234 4e02 | 0000 48c7 | c120 0100 | 0074 0748 | c7c1 1001 | 0000 4d8b | 1c09 4d8d 
  0x0000024e1d6718f4: 5b01 4d89 | 1c09 0f84 | 1404 0000 | 4d85 c075 

  0x0000024e1d671904: ;   {metadata(method data for {method} {0x0000024e35e2b378} 'getDirectXRedrawer' '()Lorg/jetbrains/skiko/redrawer/Direct3DRedrawer;' in 'org/jetbrains/skiko/context/Direct3DContextHandler')}
  0x0000024e1d671904: 1749 b940 | 9042 374e | 0200 0041 | 8089 8901 | 0000 01e9 | ce00 0000 

  0x0000024e1d67191c: ;   {metadata('org/jetbrains/skiko/redrawer/Direct3DRedrawer')}
  0x0000024e1d67191c: 48b9 b00b | 3800 0800 | 0000 458b | 5808 49ba | 0000 0000 | 0800 0000 | 4d03 da49 | 3bcb 0f85 
  0x0000024e1d67193c: 8e00 0000 

  0x0000024e1d671940: ;   {metadata(method data for {method} {0x0000024e35e2b378} 'getDirectXRedrawer' '()Lorg/jetbrains/skiko/redrawer/Direct3DRedrawer;' in 'org/jetbrains/skiko/context/Direct3DContextHandler')}
  0x0000024e1d671940: 49b9 4090 | 4237 4e02 | 0000 418b | 4808 49ba | 0000 0000 | 0800 0000 | 4903 ca49 | 3b89 a001 
  0x0000024e1d671960: 0000 750d | 4983 81a8 | 0100 0001 | e979 0000 | 0049 3b89 | b001 0000 | 750d 4983 | 81b8 0100 
  0x0000024e1d671980: 0001 e963 | 0000 0049 | 83b9 a001 | 0000 0075 | 1749 8989 | a001 0000 | 49c7 81a8 | 0100 0001 
  0x0000024e1d6719a0: 0000 00e9 | 4200 0000 | 4983 b9b0 | 0100 0000 | 7517 4989 | 89b0 0100 | 0049 c781 | b801 0000 
  0x0000024e1d6719c0: 0100 0000 | e921 0000 | 00e9 1c00 

  0x0000024e1d6719cc: ;   {metadata(method data for {method} {0x0000024e35e2b378} 'getDirectXRedrawer' '()Lorg/jetbrains/skiko/redrawer/Direct3DRedrawer;' in 'org/jetbrains/skiko/context/Direct3DContextHandler')}
  0x0000024e1d6719cc: 0000 49b9 | 4090 4237 | 4e02 0000 | 4983 a990 | 0100 0001 | e94e 2100 | 00e9 0000 | 0000 4d8b 
  0x0000024e1d6719ec: ;   {metadata(method data for {method} {0x0000024e35e2b758} 'initCanvas' '(Lorg/jetbrains/skiko/LayerDrawScope;)V' in 'org/jetbrains/skiko/context/Direct3DContextHandler')}
  0x0000024e1d6719ec: d849 b858 | 3cd7 374e | 0200 0049 | 8380 d003 

  0x0000024e1d6719fc: ;   {metadata(method data for {method} {0x0000024e35bc3500} 'getPtr' '(Lorg/jetbrains/skia/impl/Native;)J' in 'org/jetbrains/skia/impl/NativeKt')}
  0x0000024e1d6719fc: 0000 0149 | b838 abe2 | 364e 0200 | 0045 8b88 | cc00 0000 | 4183 c102 | 4589 88cc | 0000 0041 
  0x0000024e1d671a1c: 81e1 feff | 1f00 4585 | c90f 8411 | 2100 0048 

  0x0000024e1d671a2c: ;   {metadata(method data for {method} {0x0000024e35bc3500} 'getPtr' '(Lorg/jetbrains/skia/impl/Native;)J' in 'org/jetbrains/skia/impl/NativeKt')}
  0x0000024e1d671a2c: 85f6 49b8 | 38ab e236 | 4e02 0000 | 49c7 c110 | 0100 0074 | 0749 c7c1 | 2001 0000 | 4b8b 0c08 
  0x0000024e1d671a4c: 488d 4901 | 4b89 0c08 | 0f84 2f00 | 0000 4c8b 

  0x0000024e1d671a5c: ;   {metadata(method data for {method} {0x0000024e35bc3500} 'getPtr' '(Lorg/jetbrains/skia/impl/Native;)J' in 'org/jetbrains/skia/impl/NativeKt')}
  0x0000024e1d671a5c: c649 b938 | abe2 364e | 0200 0049 | 8381 3001 | 0000 014c 

  0x0000024e1d671a70: ;   {metadata(method data for {method} {0x0000024e35bc3500} 'getPtr' '(Lorg/jetbrains/skia/impl/Native;)J' in 'org/jetbrains/skia/impl/NativeKt')}
  0x0000024e1d671a70: 8b46 1049 | b938 abe2 | 364e 0200 | 0041 ff81 | 6801 0000 | e94f 0000 

  0x0000024e1d671a88: ;   {oop(a 'org/jetbrains/skia/impl/Native$Companion'{0x0000000703b137b0})}
  0x0000024e1d671a88: 0049 b8b0 | 37b1 0307 

  0x0000024e1d671a90: ;   {metadata(method data for {method} {0x0000024e35bc3500} 'getPtr' '(Lorg/jetbrains/skia/impl/Native;)J' in 'org/jetbrains/skia/impl/NativeKt')}
  0x0000024e1d671a90: 0000 0049 | b938 abe2 | 364e 0200 | 0049 8381 | 8001 0000 

  0x0000024e1d671aa4: ;   {metadata(method data for {method} {0x0000024e358d5ee0} 'getNullPointer' '()J' in 'org/jetbrains/skia/impl/Native$Companion')}
  0x0000024e1d671aa4: 0149 b838 | f4e2 364e | 0200 0045 | 8b88 cc00 | 0000 4183 | c102 4589 | 88cc 0000 | 0041 81e1 
  0x0000024e1d671ac4: feff 1f00 | 4585 c90f | 848c 2000 | 0049 c7c0 | 0000 0000 | 8b9c 2434 | 0100 0049 | 3b03 4d8b 
  0x0000024e1d671ae4: cb4c 899c | 2440 0100 

  0x0000024e1d671aec: ;   {metadata(method data for {method} {0x0000024e35e2b758} 'initCanvas' '(Lorg/jetbrains/skiko/LayerDrawScope;)V' in 'org/jetbrains/skiko/context/Direct3DContextHandler')}
  0x0000024e1d671aec: 0049 be58 | 3cd7 374e | 0200 0049 | 8386 e003 | 0000 014c | 8bcf 89bc | 2400 0100 | 0049 8bfd 
  0x0000024e1d671b0c: 488b f048 | 8bcb 488b | 9424 4001 | 0000 4489 | ac24 0401 | 0000 899c | 2434 0100 | 0066 0f1f 
  0x0000024e1d671b2c: ;   {optimized virtual_call}
  0x0000024e1d671b2c: 4400 00e8 

  0x0000024e1d671b30: ; ImmutableOopMap {[232]=Oop [248]=Oop [288]=Oop [312]=Oop }
                      ;*invokevirtual makeSurface {reexecute=0 rethrow=0 return_oop=0}
                      ; - org.jetbrains.skiko.context.Direct3DContextHandler::initCanvas@131 (line 50)
  0x0000024e1d671b30: ce26 0000 

  0x0000024e1d671b34: ;   {other}
  0x0000024e1d671b34: 0f1f 8400 | 241c 000d | 4c8b b424 | 3801 0000 | 448b 9c24 | 3401 0000 

  0x0000024e1d671b4c: ; implicit exception: dispatches to 0x0000024e1d673b83
  0x0000024e1d671b4c: 453b 5e0c | 0f83 3720 | 0000 4885 

  0x0000024e1d671b58: ;   {metadata(method data for {method} {0x0000024e35e2b758} 'initCanvas' '(Lorg/jetbrains/skiko/LayerDrawScope;)V' in 'org/jetbrains/skiko/context/Direct3DContextHandler')}
  0x0000024e1d671b58: c075 1648 | be58 3cd7 | 374e 0200 | 0080 8e11 | 0400 0001 | e9f9 0000 | 0041 8b56 | 0849 ba00 
  0x0000024e1d671b78: 0000 0008 | 0000 0049 | 03d2 8b70 | 0849 ba00 | 0000 0008 | 0000 0049 | 03f2 488b | 9210 0100 
  0x0000024e1d671b98: 0048 3bf2 | 0f84 2700 | 0000 8b7a | 1448 3b14 | 3e0f 841a | 0000 0083 | ff20 0f85 | 9b00 0000 
  0x0000024e1d671bb8: ;   {runtime_call slow_subtype_check Runtime1 stub}
  0x0000024e1d671bb8: 5652 e8c1 | a849 065e | 5a85 d20f | 848a 0000 

  0x0000024e1d671bc8: ;   {metadata(method data for {method} {0x0000024e35e2b758} 'initCanvas' '(Lorg/jetbrains/skiko/LayerDrawScope;)V' in 'org/jetbrains/skiko/context/Direct3DContextHandler')}
  0x0000024e1d671bc8: 0048 be58 | 3cd7 374e | 0200 008b | 5008 49ba | 0000 0000 | 0800 0000 | 4903 d248 | 3b96 2804 
  0x0000024e1d671be8: 0000 750d | 4883 8630 | 0400 0001 | e971 0000 | 0048 3b96 | 3804 0000 | 750d 4883 | 8640 0400 
  0x0000024e1d671c08: 0001 e95b | 0000 0048 | 83be 2804 | 0000 0075 | 1748 8996 | 2804 0000 | 48c7 8630 | 0400 0001 
  0x0000024e1d671c28: 0000 00e9 | 3a00 0000 | 4883 be38 | 0400 0000 | 7517 4889 | 9638 0400 | 0048 c786 | 4004 0000 
  0x0000024e1d671c48: 0100 0000 | e919 0000 

  0x0000024e1d671c50: ;   {metadata(method data for {method} {0x0000024e35e2b758} 'initCanvas' '(Lorg/jetbrains/skiko/LayerDrawScope;)V' in 'org/jetbrains/skiko/context/Direct3DContextHandler')}
  0x0000024e1d671c50: 00eb 1748 | be58 3cd7 | 374e 0200 | 0048 83ae | 1804 0000 | 01e9 361f | 0000 4963 | d349 8d54 
  0x0000024e1d671c70: 9610 410f | be77 4085 | f60f 852a | 1f00 004c | 8bd0 49c1 | ea03 4489 | 1248 8bf2 | 4833 f048 
  0x0000024e1d671c90: c1ee 1548 | 83fe 000f | 852a 1f00 | 0041 ffc3 

  0x0000024e1d671ca0: ;   {metadata(method data for {method} {0x0000024e35e2b758} 'initCanvas' '(Lorg/jetbrains/skiko/LayerDrawScope;)V' in 'org/jetbrains/skiko/context/Direct3DContextHandler')}
  0x0000024e1d671ca0: 48ba 583c | d737 4e02 | 0000 8bb2 | d000 0000 | 83c6 0289 | b2d0 0000 | 0081 e6fe | 3f00 0085 
  0x0000024e1d671cc0: f60f 8418 | 1f00 004d | 8b97 5804 

  0x0000024e1d671ccc: ; ImmutableOopMap {[232]=Oop [248]=Oop [288]=Oop }
                      ;*goto {reexecute=1 rethrow=0 return_oop=0}
                      ; - (reexecute) org.jetbrains.skiko.context.Direct3DContextHandler::initCanvas@138 (line 49)
                      ;   {poll}
  0x0000024e1d671ccc: 0000 4185 

  0x0000024e1d671cd0: ;   {metadata(method data for {method} {0x0000024e35e2b758} 'initCanvas' '(Lorg/jetbrains/skiko/LayerDrawScope;)V' in 'org/jetbrains/skiko/context/Direct3DContextHandler')}
  0x0000024e1d671cd0: 0248 ba58 | 3cd7 374e | 0200 00ff | 8250 0400 | 008b 9c24 | 4801 0000 | 488b 8424 | 2001 0000 
  0x0000024e1d671cf0: 448b ac24 | 0401 0000 | 8bbc 2400 | 0100 0048 | 8bb4 24f8 | 0000 0048 | 8b94 24e8 | 0000 00e9 
  0x0000024e1d671d10: 6cf9 ffff | 4c89 8424 | 5801 0000 | 4489 ac24 | 0401 0000 | 89bc 2400 

  0x0000024e1d671d28: ;   {metadata(method data for {method} {0x0000024e34704bc0} 'checkNotNull' '(Ljava/lang/Object;)V' in 'kotlin/jvm/internal/Intrinsics')}
  0x0000024e1d671d28: 0100 0048 | ba48 ccd2 | 344e 0200 | 0048 8382 | 3001 0000 

  0x0000024e1d671d3c: ;   {metadata(method data for {method} {0x0000024e34704f08} 'throwJavaNpe' '()V' in 'kotlin/jvm/internal/Intrinsics')}
  0x0000024e1d671d3c: 0148 bac8 | cdd2 344e | 0200 008b | b2cc 0000 | 0083 c602 | 89b2 cc00 | 0000 81e6 | feff 1f00 
  0x0000024e1d671d5c: 85f6 0f84 | 9c1e 0000 | 0f1f 4000 

  0x0000024e1d671d68: ;   {no_reloc}
  0x0000024e1d671d68: e9c3 1e00 | 0000 0000 | 0000 498b | 87b8 0100 | 0048 8d78 | 3049 3bbf | c801 0000 | 0f87 b01e 
  0x0000024e1d671d88: 0000 4989 | bfb8 0100 | 0048 c700 | 0100 0000 | 488b ca49 | ba00 0000 | 0008 0000 | 0049 2bca 
  0x0000024e1d671da8: 8948 0848 | 33c9 8948 | 0c48 33c9 | 4889 4810 | 4889 4818 | 4889 4820 | 4889 4828 

  0x0000024e1d671dc4: ;   {metadata(method data for {method} {0x0000024e34704f08} 'throwJavaNpe' '()V' in 'kotlin/jvm/internal/Intrinsics')}
  0x0000024e1d671dc4: 488b d048 | bec8 cdd2 | 344e 0200 | 0048 8386 | 1001 0000 | 0148 8bd0 | 4889 8424 | 5001 0000 
  0x0000024e1d671de4: ;   {optimized virtual_call}
  0x0000024e1d671de4: 6666 90e8 

  0x0000024e1d671de8: ; ImmutableOopMap {[232]=Oop [248]=Oop [288]=Oop [312]=Oop [336]=Oop [344]=Oop }
                      ;*invokespecial <init> {reexecute=0 rethrow=0 return_oop=0}
                      ; - kotlin.jvm.internal.Intrinsics::throwJavaNpe@4 (line 45)
                      ; - kotlin.jvm.internal.Intrinsics::checkNotNull@4 (line 25)
                      ; - org.jetbrains.skiko.context.Direct3DContextHandler::getDirectXRedrawer@8 (line 18)
                      ; - org.jetbrains.skiko.context.Direct3DContextHandler::initCanvas@114 (line 50)
  0x0000024e1d671de8: 94cc 3d06 

  0x0000024e1d671dec: ;   {other}
  0x0000024e1d671dec: 0f1f 8400 | dc1e 000f 

  0x0000024e1d671df4: ;   {metadata(method data for {method} {0x0000024e34704f08} 'throwJavaNpe' '()V' in 'kotlin/jvm/internal/Intrinsics')}
  0x0000024e1d671df4: 48ba c8cd | d234 4e02 | 0000 4883 | 8220 0100 

  0x0000024e1d671e04: ;   {metadata(method data for {method} {0x0000024e347070f0} 'sanitizeStackTrace' '(Ljava/lang/Throwable;)Ljava/lang/Throwable;' in 'kotlin/jvm/internal/Intrinsics')}
  0x0000024e1d671e04: 0001 48ba | e07c 8f34 | 4e02 0000 | 8bb2 cc00 | 0000 83c6 | 0289 b2cc | 0000 0081 | e6fe ff1f 
  0x0000024e1d671e24: 0085 f60f | 841a 1e00 

  0x0000024e1d671e2c: ;   {oop(a 'java/lang/Class'{0x000000070315c4c0} = 'kotlin/jvm/internal/Intrinsics')}
  0x0000024e1d671e2c: 0048 bac0 | c415 0307 | 0000 0048 

  0x0000024e1d671e38: ;   {metadata(method data for {method} {0x0000024e347070f0} 'sanitizeStackTrace' '(Ljava/lang/Throwable;)Ljava/lang/Throwable;' in 'kotlin/jvm/internal/Intrinsics')}
  0x0000024e1d671e38: 8bf2 48bf | e07c 8f34 | 4e02 0000 | 4883 8710 | 0100 0001 

  0x0000024e1d671e4c: ;   {metadata(method data for {method} {0x0000024e34017e78} 'getName' '()Ljava/lang/String;' in 'java/lang/Class')}
  0x0000024e1d671e4c: 48be c8d8 | 6334 4e02 | 0000 8bbe | cc00 0000 | 83c7 0289 | becc 0000 | 0081 e7fe | ff1f 0085 
  0x0000024e1d671e6c: ff0f 84f5 | 1d00 008b | 522c 48c1 | e203 4885 

  0x0000024e1d671e7c: ;   {metadata(method data for {method} {0x0000024e34017e78} 'getName' '()Ljava/lang/String;' in 'java/lang/Class')}
  0x0000024e1d671e7c: d248 bec8 | d863 344e | 0200 0048 | c7c7 1001 | 0000 7407 | 48c7 c720 | 0100 0048 | 8b1c 3e48 
  0x0000024e1d671e9c: 8d5b 0148 | 891c 3e0f | 8418 0000 

  0x0000024e1d671ea8: ;   {metadata(method data for {method} {0x0000024e34017e78} 'getName' '()Ljava/lang/String;' in 'java/lang/Class')}
  0x0000024e1d671ea8: 0048 bec8 | d863 344e | 0200 00ff | 8630 0100 | 0048 8bf2 | e936 0000 

  0x0000024e1d671ec0: ;   {oop(a 'java/lang/Class'{0x000000070315c4c0} = 'kotlin/jvm/internal/Intrinsics')}
  0x0000024e1d671ec0: 0048 bac0 | c415 0307 | 0000 0048 

  0x0000024e1d671ecc: ;   {metadata(method data for {method} {0x0000024e34017e78} 'getName' '()Ljava/lang/String;' in 'java/lang/Class')}
  0x0000024e1d671ecc: 8bf2 48bf | c8d8 6334 | 4e02 0000 | 4883 8748 | 0100 0001 | 0f1f 8000 

  0x0000024e1d671ee4: ;   {optimized virtual_call}
  0x0000024e1d671ee4: 0000 00e8 

  0x0000024e1d671ee8: ; ImmutableOopMap {[232]=Oop [248]=Oop [288]=Oop [312]=Oop [336]=Oop [344]=Oop }
                      ;*invokevirtual initClassName {reexecute=0 rethrow=0 return_oop=0}
                      ; - java.lang.Class::getName@14
                      ; - kotlin.jvm.internal.Intrinsics::sanitizeStackTrace@3 (line 253)
                      ; - kotlin.jvm.internal.Intrinsics::throwJavaNpe@7 (line 45)
                      ; - kotlin.jvm.internal.Intrinsics::checkNotNull@4 (line 25)
                      ; - org.jetbrains.skiko.context.Direct3DContextHandler::getDirectXRedrawer@8 (line 18)
                      ; - org.jetbrains.skiko.context.Direct3DContextHandler::initCanvas@114 (line 50)
  0x0000024e1d671ee8: 94cb 3d06 

  0x0000024e1d671eec: ;   {other}
  0x0000024e1d671eec: 0f1f 8400 | dc1f 0010 | 488b f048 | 8b84 2450 | 0100 00e9 | a212 0000 

  0x0000024e1d671f04: ;   {metadata(method data for {method} {0x0000024e35e2b758} 'initCanvas' '(Lorg/jetbrains/skiko/LayerDrawScope;)V' in 'org/jetbrains/skiko/context/Direct3DContextHandler')}
  0x0000024e1d671f04: 48ba 583c | d737 4e02 | 0000 4883 | 8268 0400 

  0x0000024e1d671f14: ;   {metadata(method data for {method} {0x0000024e34043338} 'reachabilityFence' '(Ljava/lang/Object;)V' in 'java/lang/ref/Reference')}
  0x0000024e1d671f14: 0001 48ba | 1854 6134 | 4e02 0000 | 8bb2 cc00 | 0000 83c6 | 0289 b2cc | 0000 0081 | e6fe ff1f 
  0x0000024e1d671f34: 0085 f60f | 8451 1d00 

  0x0000024e1d671f3c: ;   {metadata(method data for {method} {0x0000024e35e2b758} 'initCanvas' '(Lorg/jetbrains/skiko/LayerDrawScope;)V' in 'org/jetbrains/skiko/context/Direct3DContextHandler')}
  0x0000024e1d671f3c: 0048 ba58 | 3cd7 374e | 0200 00ff | 8278 0400 | 008b 8424 | 3001 0000 

  0x0000024e1d671f54: ;   {metadata(method data for {method} {0x0000024e35e2b758} 'initCanvas' '(Lorg/jetbrains/skiko/LayerDrawScope;)V' in 'org/jetbrains/skiko/context/Direct3DContextHandler')}
  0x0000024e1d671f54: 85c0 48ba | 583c d737 | 4e02 0000 | 48c7 c6a0 | 0400 0074 | 0748 c7c6 | b004 0000 | 488b 3c32 
  0x0000024e1d671f74: 488d 7f01 | 4889 3c32 | 0f84 a205 | 0000 488b | 9424 e800 | 0000 488b 

  0x0000024e1d671f8c: ;   {metadata(method data for {method} {0x0000024e35e2b758} 'initCanvas' '(Lorg/jetbrains/skiko/LayerDrawScope;)V' in 'org/jetbrains/skiko/context/Direct3DContextHandler')}
  0x0000024e1d671f8c: f248 bf58 | 3cd7 374e | 0200 0048 | 8387 c004 

  0x0000024e1d671f9c: ;   {metadata(method data for {method} {0x0000024e35e2b378} 'getDirectXRedrawer' '()Lorg/jetbrains/skiko/redrawer/Direct3DRedrawer;' in 'org/jetbrains/skiko/context/Direct3DContextHandler')}
  0x0000024e1d671f9c: 0000 0148 | be40 9042 | 374e 0200 | 008b becc | 0000 0083 | c702 89be | cc00 0000 | 81e7 feff 
  0x0000024e1d671fbc: 1f00 85ff | 0f84 e91c | 0000 488b 

  0x0000024e1d671fc8: ;   {metadata(method data for {method} {0x0000024e35e2b378} 'getDirectXRedrawer' '()Lorg/jetbrains/skiko/redrawer/Direct3DRedrawer;' in 'org/jetbrains/skiko/context/Direct3DContextHandler')}
  0x0000024e1d671fc8: f248 bf40 | 9042 374e | 0200 0048 | 8387 1001 | 0000 018b | 720c 48c1 | e603 483b | 0648 8bfe 
  0x0000024e1d671fe8: ;   {metadata(method data for {method} {0x0000024e35e2b378} 'getDirectXRedrawer' '()Lorg/jetbrains/skiko/redrawer/Direct3DRedrawer;' in 'org/jetbrains/skiko/context/Direct3DContextHandler')}
  0x0000024e1d671fe8: 48b8 4090 | 4237 4e02 | 0000 4883 | 8048 0100 

  0x0000024e1d671ff8: ;   {metadata(method data for {method} {0x0000024e35888798} 'getRedrawer$skiko' '()Lorg/jetbrains/skiko/redrawer/Redrawer;' in 'org/jetbrains/skiko/SkiaLayer')}
  0x0000024e1d671ff8: 0001 48bf | 386d f436 | 4e02 0000 | 8b87 cc00 | 0000 83c0 | 0289 87cc | 0000 0025 | feff 1f00 
  0x0000024e1d672018: 85c0 0f84 | b51c 0000 | 8bb6 9001 | 0000 48c1 | e603 483b | 0648 8bfe 

  0x0000024e1d672030: ;   {metadata(method data for {method} {0x0000024e35888798} 'getRedrawer$skiko' '()Lorg/jetbrains/skiko/redrawer/Redrawer;' in 'org/jetbrains/skiko/SkiaLayer')}
  0x0000024e1d672030: 48b8 386d | f436 4e02 | 0000 4883 | 8010 0100 | 0001 8b76 | 1848 c1e6 | 0348 85f6 

  0x0000024e1d67204c: ;   {metadata(method data for {method} {0x0000024e35888798} 'getRedrawer$skiko' '()Lorg/jetbrains/skiko/redrawer/Redrawer;' in 'org/jetbrains/skiko/SkiaLayer')}
  0x0000024e1d67204c: 7516 48bf | 386d f436 | 4e02 0000 | 808f 4101 | 0000 01e9 | e700 0000 

  0x0000024e1d672064: ;   {metadata('org/jetbrains/skiko/redrawer/Redrawer')}
  0x0000024e1d672064: 48b8 08e0 | 2b00 0800 | 0000 8b7e | 0849 ba00 | 0000 0008 | 0000 0049 | 03fa 483b | 4720 0f84 
  0x0000024e1d672084: 1a00 0000 | 483b f80f | 8411 0000 

  0x0000024e1d672090: ;   {runtime_call slow_subtype_check Runtime1 stub}
  0x0000024e1d672090: 0057 50e8 | e8a3 4906 | 5f5f 85ff | 0f84 8d00 

  0x0000024e1d6720a0: ;   {metadata(method data for {method} {0x0000024e35888798} 'getRedrawer$skiko' '()Lorg/jetbrains/skiko/redrawer/Redrawer;' in 'org/jetbrains/skiko/SkiaLayer')}
  0x0000024e1d6720a0: 0000 48bf | 386d f436 | 4e02 0000 | 8b46 0849 | ba00 0000 | 0008 0000 | 0049 03c2 | 483b 8758 
  0x0000024e1d6720c0: 0100 0075 | 0d48 8387 | 6001 0000 | 01e9 7900 | 0000 483b | 8768 0100 | 0075 0d48 | 8387 7001 
  0x0000024e1d6720e0: 0000 01e9 | 6300 0000 | 4883 bf58 | 0100 0000 | 7517 4889 | 8758 0100 | 0048 c787 | 6001 0000 
  0x0000024e1d672100: 0100 0000 | e942 0000 | 0048 83bf | 6801 0000 | 0075 1748 | 8987 6801 | 0000 48c7 | 8770 0100 
  0x0000024e1d672120: 0001 0000 | 00e9 2100 | 0000 e91c 

  0x0000024e1d67212c: ;   {metadata(method data for {method} {0x0000024e35888798} 'getRedrawer$skiko' '()Lorg/jetbrains/skiko/redrawer/Redrawer;' in 'org/jetbrains/skiko/SkiaLayer')}
  0x0000024e1d67212c: 0000 0048 | bf38 6df4 | 364e 0200 | 0048 83af | 4801 0000 | 01e9 b51b | 0000 e900 | 0000 0048 
  0x0000024e1d67214c: 8bde 4889 | 9c24 6001 

  0x0000024e1d672154: ;   {metadata(method data for {method} {0x0000024e35e2b378} 'getDirectXRedrawer' '()Lorg/jetbrains/skiko/redrawer/Direct3DRedrawer;' in 'org/jetbrains/skiko/context/Direct3DContextHandler')}
  0x0000024e1d672154: 0000 48be | 4090 4237 | 4e02 0000 | 4883 8680 | 0100 0001 

  0x0000024e1d672168: ;   {metadata(method data for {method} {0x0000024e34704bc0} 'checkNotNull' '(Ljava/lang/Object;)V' in 'kotlin/jvm/internal/Intrinsics')}
  0x0000024e1d672168: 48be 48cc | d234 4e02 | 0000 8bbe | cc00 0000 | 83c7 0289 | becc 0000 | 0081 e7fe | ff1f 0085 
  0x0000024e1d672188: ff0f 8475 | 1b00 0048 

  0x0000024e1d672190: ;   {metadata(method data for {method} {0x0000024e34704bc0} 'checkNotNull' '(Ljava/lang/Object;)V' in 'kotlin/jvm/internal/Intrinsics')}
  0x0000024e1d672190: 85db 48be | 48cc d234 | 4e02 0000 | 48c7 c710 | 0100 0075 | 0748 c7c7 | 2001 0000 | 488b 043e 
  0x0000024e1d6721b0: 488d 4001 | 4889 043e | 0f85 d601 

  0x0000024e1d6721bc: ;   {metadata(method data for {method} {0x0000024e34704bc0} 'checkNotNull' '(Ljava/lang/Object;)V' in 'kotlin/jvm/internal/Intrinsics')}
  0x0000024e1d6721bc: 0000 48be | 48cc d234 | 4e02 0000 | 4883 8630 | 0100 0001 

  0x0000024e1d6721d0: ;   {metadata(method data for {method} {0x0000024e34704f08} 'throwJavaNpe' '()V' in 'kotlin/jvm/internal/Intrinsics')}
  0x0000024e1d6721d0: 48be c8cd | d234 4e02 | 0000 8bbe | cc00 0000 | 83c7 0289 | becc 0000 | 0081 e7fe | ff1f 0085 
  0x0000024e1d6721f0: ff0f 842e | 1b00 0090 

  0x0000024e1d6721f8: ;   {no_reloc}
  0x0000024e1d6721f8: e958 1b00 | 0000 0000 | 0000 498b | 87b8 0100 | 0048 8d78 | 3049 3bbf | c801 0000 | 0f87 451b 
  0x0000024e1d672218: 0000 4989 | bfb8 0100 | 0048 c700 | 0100 0000 | 488b ca49 | ba00 0000 | 0008 0000 | 0049 2bca 
  0x0000024e1d672238: 8948 0848 | 33c9 8948 | 0c48 33c9 | 4889 4810 | 4889 4818 | 4889 4820 | 4889 4828 

  0x0000024e1d672254: ;   {metadata(method data for {method} {0x0000024e34704f08} 'throwJavaNpe' '()V' in 'kotlin/jvm/internal/Intrinsics')}
  0x0000024e1d672254: 488b d048 | bec8 cdd2 | 344e 0200 | 0048 8386 | 1001 0000 | 0148 8bd0 | 4889 8424 | 6801 0000 
  0x0000024e1d672274: ;   {optimized virtual_call}
  0x0000024e1d672274: 6666 90e8 

  0x0000024e1d672278: ; ImmutableOopMap {[232]=Oop [352]=Oop [360]=Oop }
                      ;*invokespecial <init> {reexecute=0 rethrow=0 return_oop=0}
                      ; - kotlin.jvm.internal.Intrinsics::throwJavaNpe@4 (line 45)
                      ; - kotlin.jvm.internal.Intrinsics::checkNotNull@4 (line 25)
                      ; - org.jetbrains.skiko.context.Direct3DContextHandler::getDirectXRedrawer@8 (line 18)
                      ; - org.jetbrains.skiko.context.Direct3DContextHandler::initCanvas@163 (line 63)
  0x0000024e1d672278: 04c8 3d06 

  0x0000024e1d67227c: ;   {other}
  0x0000024e1d67227c: 0f1f 8400 | 6c23 0011 

  0x0000024e1d672284: ;   {metadata(method data for {method} {0x0000024e34704f08} 'throwJavaNpe' '()V' in 'kotlin/jvm/internal/Intrinsics')}
  0x0000024e1d672284: 48ba c8cd | d234 4e02 | 0000 4883 | 8220 0100 

  0x0000024e1d672294: ;   {metadata(method data for {method} {0x0000024e347070f0} 'sanitizeStackTrace' '(Ljava/lang/Throwable;)Ljava/lang/Throwable;' in 'kotlin/jvm/internal/Intrinsics')}
  0x0000024e1d672294: 0001 48ba | e07c 8f34 | 4e02 0000 | 8bb2 cc00 | 0000 83c6 | 0289 b2cc | 0000 0081 | e6fe ff1f 
  0x0000024e1d6722b4: 0085 f60f | 84af 1a00 

  0x0000024e1d6722bc: ;   {oop(a 'java/lang/Class'{0x000000070315c4c0} = 'kotlin/jvm/internal/Intrinsics')}
  0x0000024e1d6722bc: 0048 bac0 | c415 0307 | 0000 0048 

  0x0000024e1d6722c8: ;   {metadata(method data for {method} {0x0000024e347070f0} 'sanitizeStackTrace' '(Ljava/lang/Throwable;)Ljava/lang/Throwable;' in 'kotlin/jvm/internal/Intrinsics')}
  0x0000024e1d6722c8: 8bf2 48bf | e07c 8f34 | 4e02 0000 | 4883 8710 | 0100 0001 

  0x0000024e1d6722dc: ;   {metadata(method data for {method} {0x0000024e34017e78} 'getName' '()Ljava/lang/String;' in 'java/lang/Class')}
  0x0000024e1d6722dc: 48be c8d8 | 6334 4e02 | 0000 8bbe | cc00 0000 | 83c7 0289 | becc 0000 | 0081 e7fe | ff1f 0085 
  0x0000024e1d6722fc: ff0f 848a | 1a00 008b | 522c 48c1 | e203 4885 

  0x0000024e1d67230c: ;   {metadata(method data for {method} {0x0000024e34017e78} 'getName' '()Ljava/lang/String;' in 'java/lang/Class')}
  0x0000024e1d67230c: d248 bec8 | d863 344e | 0200 0048 | c7c7 1001 | 0000 7407 | 48c7 c720 | 0100 0048 | 8b1c 3e48 
  0x0000024e1d67232c: 8d5b 0148 | 891c 3e0f | 8418 0000 

  0x0000024e1d672338: ;   {metadata(method data for {method} {0x0000024e34017e78} 'getName' '()Ljava/lang/String;' in 'java/lang/Class')}
  0x0000024e1d672338: 0048 bec8 | d863 344e | 0200 00ff | 8630 0100 | 0048 8bf2 | e936 0000 

  0x0000024e1d672350: ;   {oop(a 'java/lang/Class'{0x000000070315c4c0} = 'kotlin/jvm/internal/Intrinsics')}
  0x0000024e1d672350: 0048 bac0 | c415 0307 | 0000 0048 

  0x0000024e1d67235c: ;   {metadata(method data for {method} {0x0000024e34017e78} 'getName' '()Ljava/lang/String;' in 'java/lang/Class')}
  0x0000024e1d67235c: 8bf2 48bf | c8d8 6334 | 4e02 0000 | 4883 8748 | 0100 0001 | 0f1f 8000 

  0x0000024e1d672374: ;   {optimized virtual_call}
  0x0000024e1d672374: 0000 00e8 

  0x0000024e1d672378: ; ImmutableOopMap {[232]=Oop [352]=Oop [360]=Oop }
                      ;*invokevirtual initClassName {reexecute=0 rethrow=0 return_oop=0}
                      ; - java.lang.Class::getName@14
                      ; - kotlin.jvm.internal.Intrinsics::sanitizeStackTrace@3 (line 253)
                      ; - kotlin.jvm.internal.Intrinsics::throwJavaNpe@7 (line 45)
                      ; - kotlin.jvm.internal.Intrinsics::checkNotNull@4 (line 25)
                      ; - org.jetbrains.skiko.context.Direct3DContextHandler::getDirectXRedrawer@8 (line 18)
                      ; - org.jetbrains.skiko.context.Direct3DContextHandler::initCanvas@163 (line 63)
  0x0000024e1d672378: 04c7 3d06 

  0x0000024e1d67237c: ;   {other}
  0x0000024e1d67237c: 0f1f 8400 | 6c24 0012 | 488b f048 | 8b84 2468 | 0100 00e9 | f00c 0000 | 4885 db75 

  0x0000024e1d672398: ;   {metadata(method data for {method} {0x0000024e35e2b378} 'getDirectXRedrawer' '()Lorg/jetbrains/skiko/redrawer/Direct3DRedrawer;' in 'org/jetbrains/skiko/context/Direct3DContextHandler')}
  0x0000024e1d672398: 1648 bf40 | 9042 374e | 0200 0080 | 8f89 0100 | 0001 e9cc 

  0x0000024e1d6723ac: ;   {metadata('org/jetbrains/skiko/redrawer/Direct3DRedrawer')}
  0x0000024e1d6723ac: 0000 0048 | beb0 0b38 | 0008 0000 | 008b 5308 | 49ba 0000 | 0000 0800 | 0000 4903 | d248 3bf2 
  0x0000024e1d6723cc: 0f85 8d00 

  0x0000024e1d6723d0: ;   {metadata(method data for {method} {0x0000024e35e2b378} 'getDirectXRedrawer' '()Lorg/jetbrains/skiko/redrawer/Direct3DRedrawer;' in 'org/jetbrains/skiko/context/Direct3DContextHandler')}
  0x0000024e1d6723d0: 0000 48bf | 4090 4237 | 4e02 0000 | 8b73 0849 | ba00 0000 | 0008 0000 | 0049 03f2 | 483b b7a0 
  0x0000024e1d6723f0: 0100 0075 | 0d48 8387 | a801 0000 | 01e9 7900 | 0000 483b | b7b0 0100 | 0075 0d48 | 8387 b801 
  0x0000024e1d672410: 0000 01e9 | 6300 0000 | 4883 bfa0 | 0100 0000 | 7517 4889 | b7a0 0100 | 0048 c787 | a801 0000 
  0x0000024e1d672430: 0100 0000 | e942 0000 | 0048 83bf | b001 0000 | 0075 1748 | 89b7 b001 | 0000 48c7 | 87b8 0100 
  0x0000024e1d672450: 0001 0000 | 00e9 2100 | 0000 e91c 

  0x0000024e1d67245c: ;   {metadata(method data for {method} {0x0000024e35e2b378} 'getDirectXRedrawer' '()Lorg/jetbrains/skiko/redrawer/Direct3DRedrawer;' in 'org/jetbrains/skiko/context/Direct3DContextHandler')}
  0x0000024e1d67245c: 0000 0048 | bf40 9042 | 374e 0200 | 0048 83af | 9001 0000 | 01e9 3d19 | 0000 e900 | 0000 0048 
  0x0000024e1d67247c: 8bf3 483b | 0648 8bd6 

  0x0000024e1d672484: ;   {metadata(method data for {method} {0x0000024e35e2b758} 'initCanvas' '(Lorg/jetbrains/skiko/LayerDrawScope;)V' in 'org/jetbrains/skiko/context/Direct3DContextHandler')}
  0x0000024e1d672484: 48bf 583c | d737 4e02 | 0000 4883 | 87d0 0400 

  0x0000024e1d672494: ;   {metadata(method data for {method} {0x0000024e35e23470} 'initFence' '()V' in 'org/jetbrains/skiko/redrawer/Direct3DRedrawer')}
  0x0000024e1d672494: 0001 48ba | 88aa da37 | 4e02 0000 | 8bba cc00 | 0000 83c7 | 0289 bacc | 0000 0081 | e7fe ff1f 
  0x0000024e1d6724b4: 0085 ff0f | 8404 1900 | 0048 8bd6 

  0x0000024e1d6724c0: ;   {metadata(method data for {method} {0x0000024e35e23470} 'initFence' '()V' in 'org/jetbrains/skiko/redrawer/Direct3DRedrawer')}
  0x0000024e1d6724c0: 48bf 88aa | da37 4e02 | 0000 4883 | 8710 0100 | 0001 488b | d648 89b4 | 2470 0100 

  0x0000024e1d6724dc: ;   {optimized virtual_call}
  0x0000024e1d6724dc: 0066 90e8 

  0x0000024e1d6724e0: ; ImmutableOopMap {[232]=Oop [368]=Oop }
                      ;*invokespecial getDevice {reexecute=0 rethrow=0 return_oop=0}
                      ; - org.jetbrains.skiko.redrawer.Direct3DRedrawer::initFence@2 (line 126)
                      ; - org.jetbrains.skiko.context.Direct3DContextHandler::initCanvas@166 (line 63)
  0x0000024e1d6724e0: 9cc5 3d06 

  0x0000024e1d6724e4: ;   {other}
  0x0000024e1d6724e4: 0f1f 8400 | d425 0013 | 488b b424 | 7001 0000 

  0x0000024e1d6724f4: ;   {metadata(method data for {method} {0x0000024e35e23470} 'initFence' '()V' in 'org/jetbrains/skiko/redrawer/Direct3DRedrawer')}
  0x0000024e1d6724f4: 49b8 88aa | da37 4e02 | 0000 4983 | 8020 0100 | 0001 4c8b | c048 8b94 | 2470 0100 | 0066 0f1f 
  0x0000024e1d672514: ;   {optimized virtual_call}
  0x0000024e1d672514: 4400 00e8 

  0x0000024e1d672518: ; ImmutableOopMap {[232]=Oop }
                      ;*invokespecial initFence {reexecute=0 rethrow=0 return_oop=0}
                      ; - org.jetbrains.skiko.redrawer.Direct3DRedrawer::initFence@5 (line 126)
                      ; - org.jetbrains.skiko.context.Direct3DContextHandler::initCanvas@166 (line 63)
  0x0000024e1d672518: 64c5 3d06 

  0x0000024e1d67251c: ;   {other}
  0x0000024e1d67251c: 0f1f 8400 | 0c26 0014 | 488b 9424 | e800 0000 | 8b5a 3448 | c1e3 0348 | 899c 2480 | 0100 0048 
  0x0000024e1d67253c: ;   {metadata(method data for {method} {0x0000024e35e2b758} 'initCanvas' '(Lorg/jetbrains/skiko/LayerDrawScope;)V' in 'org/jetbrains/skiko/context/Direct3DContextHandler')}
  0x0000024e1d67253c: 8bf2 48bf | 583c d737 | 4e02 0000 | 4883 8708 | 0500 0001 

  0x0000024e1d672550: ;   {metadata(method data for {method} {0x0000024e35e2b378} 'getDirectXRedrawer' '()Lorg/jetbrains/skiko/redrawer/Direct3DRedrawer;' in 'org/jetbrains/skiko/context/Direct3DContextHandler')}
  0x0000024e1d672550: 48be 4090 | 4237 4e02 | 0000 8bbe | cc00 0000 | 83c7 0289 | becc 0000 | 0081 e7fe | ff1f 0085 
  0x0000024e1d672570: ff0f 846b | 1800 0048 

  0x0000024e1d672578: ;   {metadata(method data for {method} {0x0000024e35e2b378} 'getDirectXRedrawer' '()Lorg/jetbrains/skiko/redrawer/Direct3DRedrawer;' in 'org/jetbrains/skiko/context/Direct3DContextHandler')}
  0x0000024e1d672578: 8bf2 48bf | 4090 4237 | 4e02 0000 | 4883 8710 | 0100 0001 | 8b72 0c48 | c1e6 0348 | 3b06 488b 
  0x0000024e1d672598: ;   {metadata(method data for {method} {0x0000024e35e2b378} 'getDirectXRedrawer' '()Lorg/jetbrains/skiko/redrawer/Direct3DRedrawer;' in 'org/jetbrains/skiko/context/Direct3DContextHandler')}
  0x0000024e1d672598: fe48 b840 | 9042 374e | 0200 0048 | 8380 4801 

  0x0000024e1d6725a8: ;   {metadata(method data for {method} {0x0000024e35888798} 'getRedrawer$skiko' '()Lorg/jetbrains/skiko/redrawer/Redrawer;' in 'org/jetbrains/skiko/SkiaLayer')}
  0x0000024e1d6725a8: 0000 0148 | bf38 6df4 | 364e 0200 | 008b 87cc | 0000 0083 | c002 8987 | cc00 0000 | 25fe ff1f 
  0x0000024e1d6725c8: 0085 c00f | 8437 1800 | 008b b690 | 0100 0048 | c1e6 0348 | 3b06 488b 

  0x0000024e1d6725e0: ;   {metadata(method data for {method} {0x0000024e35888798} 'getRedrawer$skiko' '()Lorg/jetbrains/skiko/redrawer/Redrawer;' in 'org/jetbrains/skiko/SkiaLayer')}
  0x0000024e1d6725e0: fe48 b838 | 6df4 364e | 0200 0048 | 8380 1001 | 0000 018b | 7618 48c1 | e603 4885 

  0x0000024e1d6725fc: ;   {metadata(method data for {method} {0x0000024e35888798} 'getRedrawer$skiko' '()Lorg/jetbrains/skiko/redrawer/Redrawer;' in 'org/jetbrains/skiko/SkiaLayer')}
  0x0000024e1d6725fc: f675 1648 | bf38 6df4 | 364e 0200 | 0080 8f41 | 0100 0001 | e9e7 0000 

  0x0000024e1d672614: ;   {metadata('org/jetbrains/skiko/redrawer/Redrawer')}
  0x0000024e1d672614: 0048 b808 | e02b 0008 | 0000 008b | 7e08 49ba | 0000 0000 | 0800 0000 | 4903 fa48 | 3b47 200f 
  0x0000024e1d672634: 841a 0000 | 0048 3bf8 | 0f84 1100 | 0000 5750 

  0x0000024e1d672644: ;   {runtime_call slow_subtype_check Runtime1 stub}
  0x0000024e1d672644: e837 9e49 | 065f 5f85 | ff0f 848d 

  0x0000024e1d672650: ;   {metadata(method data for {method} {0x0000024e35888798} 'getRedrawer$skiko' '()Lorg/jetbrains/skiko/redrawer/Redrawer;' in 'org/jetbrains/skiko/SkiaLayer')}
  0x0000024e1d672650: 0000 0048 | bf38 6df4 | 364e 0200 | 008b 4608 | 49ba 0000 | 0000 0800 | 0000 4903 | c248 3b87 
  0x0000024e1d672670: 5801 0000 | 750d 4883 | 8760 0100 | 0001 e979 | 0000 0048 | 3b87 6801 | 0000 750d | 4883 8770 
  0x0000024e1d672690: 0100 0001 | e963 0000 | 0048 83bf | 5801 0000 | 0075 1748 | 8987 5801 | 0000 48c7 | 8760 0100 
  0x0000024e1d6726b0: 0001 0000 | 00e9 4200 | 0000 4883 | bf68 0100 | 0000 7517 | 4889 8768 | 0100 0048 | c787 7001 
  0x0000024e1d6726d0: 0000 0100 | 0000 e921 | 0000 00e9 | 1c00 0000 

  0x0000024e1d6726e0: ;   {metadata(method data for {method} {0x0000024e35888798} 'getRedrawer$skiko' '()Lorg/jetbrains/skiko/redrawer/Redrawer;' in 'org/jetbrains/skiko/SkiaLayer')}
  0x0000024e1d6726e0: 48bf 386d | f436 4e02 | 0000 4883 | af48 0100 | 0001 e937 | 1700 00e9 | 0000 0000 | 4c8b c64c 
  0x0000024e1d672700: 8984 2478 

  0x0000024e1d672704: ;   {metadata(method data for {method} {0x0000024e35e2b378} 'getDirectXRedrawer' '()Lorg/jetbrains/skiko/redrawer/Direct3DRedrawer;' in 'org/jetbrains/skiko/context/Direct3DContextHandler')}
  0x0000024e1d672704: 0100 0048 | be40 9042 | 374e 0200 | 0048 8386 | 8001 0000 

  0x0000024e1d672718: ;   {metadata(method data for {method} {0x0000024e34704bc0} 'checkNotNull' '(Ljava/lang/Object;)V' in 'kotlin/jvm/internal/Intrinsics')}
  0x0000024e1d672718: 0148 be48 | ccd2 344e | 0200 008b | becc 0000 | 0083 c702 | 89be cc00 | 0000 81e7 | feff 1f00 
  0x0000024e1d672738: 85ff 0f84 | f716 0000 

  0x0000024e1d672740: ;   {metadata(method data for {method} {0x0000024e34704bc0} 'checkNotNull' '(Ljava/lang/Object;)V' in 'kotlin/jvm/internal/Intrinsics')}
  0x0000024e1d672740: 4d85 c048 | be48 ccd2 | 344e 0200 | 0048 c7c7 | 1001 0000 | 7507 48c7 | c720 0100 | 0048 8b04 
  0x0000024e1d672760: 3e48 8d40 | 0148 8904 | 3e0f 85d5 

  0x0000024e1d67276c: ;   {metadata(method data for {method} {0x0000024e34704bc0} 'checkNotNull' '(Ljava/lang/Object;)V' in 'kotlin/jvm/internal/Intrinsics')}
  0x0000024e1d67276c: 0100 0048 | be48 ccd2 | 344e 0200 | 0048 8386 | 3001 0000 

  0x0000024e1d672780: ;   {metadata(method data for {method} {0x0000024e34704f08} 'throwJavaNpe' '()V' in 'kotlin/jvm/internal/Intrinsics')}
  0x0000024e1d672780: 0148 bec8 | cdd2 344e | 0200 008b | becc 0000 | 0083 c702 | 89be cc00 | 0000 81e7 | feff 1f00 
  0x0000024e1d6727a0: 85ff 0f84 | b016 0000 

  0x0000024e1d6727a8: ;   {no_reloc}
  0x0000024e1d6727a8: e9db 1600 | 0000 0000 | 0000 498b | 87b8 0100 | 0048 8d78 | 3049 3bbf | c801 0000 | 0f87 c816 
  0x0000024e1d6727c8: 0000 4989 | bfb8 0100 | 0048 c700 | 0100 0000 | 488b ca49 | ba00 0000 | 0008 0000 | 0049 2bca 
  0x0000024e1d6727e8: 8948 0848 | 33c9 8948 | 0c48 33c9 | 4889 4810 | 4889 4818 | 4889 4820 | 4889 4828 

  0x0000024e1d672804: ;   {metadata(method data for {method} {0x0000024e34704f08} 'throwJavaNpe' '()V' in 'kotlin/jvm/internal/Intrinsics')}
  0x0000024e1d672804: 488b d048 | bec8 cdd2 | 344e 0200 | 0048 8386 | 1001 0000 | 0148 8bd0 | 4889 8424 | 8801 0000 
  0x0000024e1d672824: ;   {optimized virtual_call}
  0x0000024e1d672824: 6666 90e8 

  0x0000024e1d672828: ; ImmutableOopMap {[232]=Oop [376]=Oop [384]=Oop [392]=Oop }
                      ;*invokespecial <init> {reexecute=0 rethrow=0 return_oop=0}
                      ; - kotlin.jvm.internal.Intrinsics::throwJavaNpe@4 (line 45)
                      ; - kotlin.jvm.internal.Intrinsics::checkNotNull@4 (line 25)
                      ; - org.jetbrains.skiko.context.Direct3DContextHandler::getDirectXRedrawer@8 (line 18)
                      ; - org.jetbrains.skiko.context.Direct3DContextHandler::initCanvas@175 (line 66)
  0x0000024e1d672828: 54c2 3d06 

  0x0000024e1d67282c: ;   {other}
  0x0000024e1d67282c: 0f1f 8400 | 1c29 0015 

  0x0000024e1d672834: ;   {metadata(method data for {method} {0x0000024e34704f08} 'throwJavaNpe' '()V' in 'kotlin/jvm/internal/Intrinsics')}
  0x0000024e1d672834: 48ba c8cd | d234 4e02 | 0000 4883 | 8220 0100 

  0x0000024e1d672844: ;   {metadata(method data for {method} {0x0000024e347070f0} 'sanitizeStackTrace' '(Ljava/lang/Throwable;)Ljava/lang/Throwable;' in 'kotlin/jvm/internal/Intrinsics')}
  0x0000024e1d672844: 0001 48ba | e07c 8f34 | 4e02 0000 | 8bb2 cc00 | 0000 83c6 | 0289 b2cc | 0000 0081 | e6fe ff1f 
  0x0000024e1d672864: 0085 f60f | 8432 1600 

  0x0000024e1d67286c: ;   {oop(a 'java/lang/Class'{0x000000070315c4c0} = 'kotlin/jvm/internal/Intrinsics')}
  0x0000024e1d67286c: 0048 bac0 | c415 0307 | 0000 0048 

  0x0000024e1d672878: ;   {metadata(method data for {method} {0x0000024e347070f0} 'sanitizeStackTrace' '(Ljava/lang/Throwable;)Ljava/lang/Throwable;' in 'kotlin/jvm/internal/Intrinsics')}
  0x0000024e1d672878: 8bf2 48bf | e07c 8f34 | 4e02 0000 | 4883 8710 | 0100 0001 

  0x0000024e1d67288c: ;   {metadata(method data for {method} {0x0000024e34017e78} 'getName' '()Ljava/lang/String;' in 'java/lang/Class')}
  0x0000024e1d67288c: 48be c8d8 | 6334 4e02 | 0000 8bbe | cc00 0000 | 83c7 0289 | becc 0000 | 0081 e7fe | ff1f 0085 
  0x0000024e1d6728ac: ff0f 840d | 1600 008b | 522c 48c1 | e203 4885 

  0x0000024e1d6728bc: ;   {metadata(method data for {method} {0x0000024e34017e78} 'getName' '()Ljava/lang/String;' in 'java/lang/Class')}
  0x0000024e1d6728bc: d248 bec8 | d863 344e | 0200 0048 | c7c7 1001 | 0000 7407 | 48c7 c720 | 0100 0048 | 8b1c 3e48 
  0x0000024e1d6728dc: 8d5b 0148 | 891c 3e0f | 8418 0000 

  0x0000024e1d6728e8: ;   {metadata(method data for {method} {0x0000024e34017e78} 'getName' '()Ljava/lang/String;' in 'java/lang/Class')}
  0x0000024e1d6728e8: 0048 bec8 | d863 344e | 0200 00ff | 8630 0100 | 0048 8bf2 | e936 0000 

  0x0000024e1d672900: ;   {oop(a 'java/lang/Class'{0x000000070315c4c0} = 'kotlin/jvm/internal/Intrinsics')}
  0x0000024e1d672900: 0048 bac0 | c415 0307 | 0000 0048 

  0x0000024e1d67290c: ;   {metadata(method data for {method} {0x0000024e34017e78} 'getName' '()Ljava/lang/String;' in 'java/lang/Class')}
  0x0000024e1d67290c: 8bf2 48bf | c8d8 6334 | 4e02 0000 | 4883 8748 | 0100 0001 | 0f1f 8000 

  0x0000024e1d672924: ;   {optimized virtual_call}
  0x0000024e1d672924: 0000 00e8 

  0x0000024e1d672928: ; ImmutableOopMap {[232]=Oop [376]=Oop [384]=Oop [392]=Oop }
                      ;*invokevirtual initClassName {reexecute=0 rethrow=0 return_oop=0}
                      ; - java.lang.Class::getName@14
                      ; - kotlin.jvm.internal.Intrinsics::sanitizeStackTrace@3 (line 253)
                      ; - kotlin.jvm.internal.Intrinsics::throwJavaNpe@7 (line 45)
                      ; - kotlin.jvm.internal.Intrinsics::checkNotNull@4 (line 25)
                      ; - org.jetbrains.skiko.context.Direct3DContextHandler::getDirectXRedrawer@8 (line 18)
                      ; - org.jetbrains.skiko.context.Direct3DContextHandler::initCanvas@175 (line 66)
  0x0000024e1d672928: 54c1 3d06 

  0x0000024e1d67292c: ;   {other}
  0x0000024e1d67292c: 0f1f 8400 | 1c2a 0016 | 488b f048 | 8b84 2488 | 0100 00e9 | 1a06 0000 | 4d85 c075 

  0x0000024e1d672948: ;   {metadata(method data for {method} {0x0000024e35e2b378} 'getDirectXRedrawer' '()Lorg/jetbrains/skiko/redrawer/Direct3DRedrawer;' in 'org/jetbrains/skiko/context/Direct3DContextHandler')}
  0x0000024e1d672948: 1648 bf40 | 9042 374e | 0200 0080 | 8f89 0100 | 0001 e9ce 

  0x0000024e1d67295c: ;   {metadata('org/jetbrains/skiko/redrawer/Direct3DRedrawer')}
  0x0000024e1d67295c: 0000 0048 | bbb0 0b38 | 0008 0000 | 0041 8b50 | 0849 ba00 | 0000 0008 | 0000 0049 | 03d2 483b 
  0x0000024e1d67297c: da0f 858e 

  0x0000024e1d672980: ;   {metadata(method data for {method} {0x0000024e35e2b378} 'getDirectXRedrawer' '()Lorg/jetbrains/skiko/redrawer/Direct3DRedrawer;' in 'org/jetbrains/skiko/context/Direct3DContextHandler')}
  0x0000024e1d672980: 0000 0048 | bf40 9042 | 374e 0200 | 0041 8b58 | 0849 ba00 | 0000 0008 | 0000 0049 | 03da 483b 
  0x0000024e1d6729a0: 9fa0 0100 | 0075 0d48 | 8387 a801 | 0000 01e9 | 7900 0000 | 483b 9fb0 | 0100 0075 | 0d48 8387 
  0x0000024e1d6729c0: b801 0000 | 01e9 6300 | 0000 4883 | bfa0 0100 | 0000 7517 | 4889 9fa0 | 0100 0048 | c787 a801 
  0x0000024e1d6729e0: 0000 0100 | 0000 e942 | 0000 0048 | 83bf b001 | 0000 0075 | 1748 899f | b001 0000 | 48c7 87b8 
  0x0000024e1d672a00: 0100 0001 | 0000 00e9 | 2100 0000 | e91c 0000 

  0x0000024e1d672a10: ;   {metadata(method data for {method} {0x0000024e35e2b378} 'getDirectXRedrawer' '()Lorg/jetbrains/skiko/redrawer/Direct3DRedrawer;' in 'org/jetbrains/skiko/context/Direct3DContextHandler')}
  0x0000024e1d672a10: 0048 bf40 | 9042 374e | 0200 0048 | 83af 9001 | 0000 01e9 | be14 0000 | e900 0000 | 0049 8bf0 
  0x0000024e1d672a30: ; implicit exception: dispatches to 0x0000024e1d673eef
  0x0000024e1d672a30: 483b 0648 

  0x0000024e1d672a34: ;   {metadata(method data for {method} {0x0000024e35e2b758} 'initCanvas' '(Lorg/jetbrains/skiko/LayerDrawScope;)V' in 'org/jetbrains/skiko/context/Direct3DContextHandler')}
  0x0000024e1d672a34: 8bfe 48b8 | 583c d737 | 4e02 0000 | 4883 8018 | 0500 0001 

  0x0000024e1d672a48: ;   {metadata(method data for {method} {0x0000024e35e233a8} 'getBufferIndex' '()I' in 'org/jetbrains/skiko/redrawer/Direct3DRedrawer')}
  0x0000024e1d672a48: 48bf 7044 | d737 4e02 | 0000 8b87 | cc00 0000 | 83c0 0289 | 87cc 0000 | 0025 feff | 1f00 85c0 
  0x0000024e1d672a68: 0f84 8614 | 0000 488b 

  0x0000024e1d672a70: ;   {metadata(method data for {method} {0x0000024e35e233a8} 'getBufferIndex' '()I' in 'org/jetbrains/skiko/redrawer/Direct3DRedrawer')}
  0x0000024e1d672a70: fe48 b870 | 44d7 374e | 0200 0048 | 8380 1001 | 0000 0148 | 8bd6 4889 | b424 9001 

  0x0000024e1d672a8c: ;   {optimized virtual_call}
  0x0000024e1d672a8c: 0000 90e8 

  0x0000024e1d672a90: ; ImmutableOopMap {[232]=Oop [384]=Oop [400]=Oop }
                      ;*invokespecial getDevice {reexecute=0 rethrow=0 return_oop=0}
                      ; - org.jetbrains.skiko.redrawer.Direct3DRedrawer::getBufferIndex@2 (line 125)
                      ; - org.jetbrains.skiko.context.Direct3DContextHandler::initCanvas@178 (line 66)
  0x0000024e1d672a90: 2c6c a506 

  0x0000024e1d672a94: ;   {other}
  0x0000024e1d672a94: 0f1f 8400 | 842b 0017 | 488b b424 | 9001 0000 

  0x0000024e1d672aa4: ;   {metadata(method data for {method} {0x0000024e35e233a8} 'getBufferIndex' '()I' in 'org/jetbrains/skiko/redrawer/Direct3DRedrawer')}
  0x0000024e1d672aa4: 49b8 7044 | d737 4e02 | 0000 4983 | 8020 0100 | 0001 4c8b | c048 8b94 | 2490 0100 | 0066 0f1f 
  0x0000024e1d672ac4: ;   {optimized virtual_call}
  0x0000024e1d672ac4: 4400 00e8 

  0x0000024e1d672ac8: ; ImmutableOopMap {[232]=Oop [384]=Oop }
                      ;*invokespecial getBufferIndex {reexecute=0 rethrow=0 return_oop=0}
                      ; - org.jetbrains.skiko.redrawer.Direct3DRedrawer::getBufferIndex@5 (line 125)
                      ; - org.jetbrains.skiko.context.Direct3DContextHandler::initCanvas@178 (line 66)
  0x0000024e1d672ac8: 745f c206 

  0x0000024e1d672acc: ;   {other}
  0x0000024e1d672acc: 0f1f 8400 | bc2b 0018 | 488b 9c24 | 8001 0000 

  0x0000024e1d672adc: ; implicit exception: dispatches to 0x0000024e1d673f15
  0x0000024e1d672adc: 3b43 0c0f | 833a 1400 | 0048 63c0 | 8b5c 8310 | 48c1 e303 | 4889 9c24 | 9801 0000 | 488b 9424 
  0x0000024e1d672afc: e800 0000 

  0x0000024e1d672b00: ;   {metadata(method data for {method} {0x0000024e35e2b758} 'initCanvas' '(Lorg/jetbrains/skiko/LayerDrawScope;)V' in 'org/jetbrains/skiko/context/Direct3DContextHandler')}
  0x0000024e1d672b00: 48be 583c | d737 4e02 | 0000 4883 | 8650 0500 | 0001 410f | be57 4085 | d248 8b94 | 24e8 0000 
  0x0000024e1d672b20: 000f 8506 | 1400 004c | 8bd3 49c1 | ea03 4489 | 521c 488b | f248 33f3 | 48c1 ee15 | 4883 fe00 
  0x0000024e1d672b40: 0f85 0614 | 0000 488b 

  0x0000024e1d672b48: ;   {metadata(method data for {method} {0x0000024e35e2b758} 'initCanvas' '(Lorg/jetbrains/skiko/LayerDrawScope;)V' in 'org/jetbrains/skiko/context/Direct3DContextHandler')}
  0x0000024e1d672b48: f248 bf58 | 3cd7 374e | 0200 0048 | 8387 8805 

  0x0000024e1d672b58: ;   {metadata(method data for {method} {0x0000024e35e2b758} 'initCanvas' '(Lorg/jetbrains/skiko/LayerDrawScope;)V' in 'org/jetbrains/skiko/context/Direct3DContextHandler')}
  0x0000024e1d672b58: 0000 0148 | be58 3cd7 | 374e 0200 | 0048 8386 | c005 0000 

  0x0000024e1d672b6c: ;   {metadata(method data for {method} {0x0000024e34704bc0} 'checkNotNull' '(Ljava/lang/Object;)V' in 'kotlin/jvm/internal/Intrinsics')}
  0x0000024e1d672b6c: 0148 be48 | ccd2 344e | 0200 008b | becc 0000 | 0083 c702 | 89be cc00 | 0000 81e7 | feff 1f00 
  0x0000024e1d672b8c: 85ff 0f84 | d013 0000 

  0x0000024e1d672b94: ;   {metadata(method data for {method} {0x0000024e34704bc0} 'checkNotNull' '(Ljava/lang/Object;)V' in 'kotlin/jvm/internal/Intrinsics')}
  0x0000024e1d672b94: 4885 db48 | be48 ccd2 | 344e 0200 | 0048 c7c7 | 1001 0000 | 7507 48c7 | c720 0100 | 0048 8b04 
  0x0000024e1d672bb4: 3e48 8d40 | 0148 8904 | 3e0f 85d9 

  0x0000024e1d672bc0: ;   {metadata(method data for {method} {0x0000024e34704bc0} 'checkNotNull' '(Ljava/lang/Object;)V' in 'kotlin/jvm/internal/Intrinsics')}
  0x0000024e1d672bc0: 0100 0048 | be48 ccd2 | 344e 0200 | 0048 8386 | 3001 0000 

  0x0000024e1d672bd4: ;   {metadata(method data for {method} {0x0000024e34704f08} 'throwJavaNpe' '()V' in 'kotlin/jvm/internal/Intrinsics')}
  0x0000024e1d672bd4: 0148 bec8 | cdd2 344e | 0200 008b | becc 0000 | 0083 c702 | 89be cc00 | 0000 81e7 | feff 1f00 
  0x0000024e1d672bf4: 85ff 0f84 | 8913 0000 | 0f1f 4000 

  0x0000024e1d672c00: ;   {no_reloc}
  0x0000024e1d672c00: e9b0 1300 | 0000 0000 | 0000 498b | 87b8 0100 | 0048 8d78 | 3049 3bbf | c801 0000 | 0f87 9d13 
  0x0000024e1d672c20: 0000 4989 | bfb8 0100 | 0048 c700 | 0100 0000 | 488b ca49 | ba00 0000 | 0008 0000 | 0049 2bca 
  0x0000024e1d672c40: 8948 0848 | 33c9 8948 | 0c48 33c9 | 4889 4810 | 4889 4818 | 4889 4820 | 4889 4828 

  0x0000024e1d672c5c: ;   {metadata(method data for {method} {0x0000024e34704f08} 'throwJavaNpe' '()V' in 'kotlin/jvm/internal/Intrinsics')}
  0x0000024e1d672c5c: 488b d048 | bec8 cdd2 | 344e 0200 | 0048 8386 | 1001 0000 | 0148 8bd0 | 4889 8424 | a001 0000 
  0x0000024e1d672c7c: ;   {optimized virtual_call}
  0x0000024e1d672c7c: 6666 90e8 

  0x0000024e1d672c80: ; ImmutableOopMap {[232]=Oop [408]=Oop [416]=Oop }
                      ;*invokespecial <init> {reexecute=0 rethrow=0 return_oop=0}
                      ; - kotlin.jvm.internal.Intrinsics::throwJavaNpe@4 (line 45)
                      ; - kotlin.jvm.internal.Intrinsics::checkNotNull@4 (line 25)
                      ; - org.jetbrains.skiko.context.Direct3DContextHandler::initCanvas@191 (line 67)
  0x0000024e1d672c80: fcbd 3d06 

  0x0000024e1d672c84: ;   {other}
  0x0000024e1d672c84: 0f1f 8400 | 742d 0019 

  0x0000024e1d672c8c: ;   {metadata(method data for {method} {0x0000024e34704f08} 'throwJavaNpe' '()V' in 'kotlin/jvm/internal/Intrinsics')}
  0x0000024e1d672c8c: 48ba c8cd | d234 4e02 | 0000 4883 | 8220 0100 

  0x0000024e1d672c9c: ;   {metadata(method data for {method} {0x0000024e347070f0} 'sanitizeStackTrace' '(Ljava/lang/Throwable;)Ljava/lang/Throwable;' in 'kotlin/jvm/internal/Intrinsics')}
  0x0000024e1d672c9c: 0001 48ba | e07c 8f34 | 4e02 0000 | 8bb2 cc00 | 0000 83c6 | 0289 b2cc | 0000 0081 | e6fe ff1f 
  0x0000024e1d672cbc: 0085 f60f | 8407 1300 

  0x0000024e1d672cc4: ;   {oop(a 'java/lang/Class'{0x000000070315c4c0} = 'kotlin/jvm/internal/Intrinsics')}
  0x0000024e1d672cc4: 0048 bac0 | c415 0307 | 0000 0048 

  0x0000024e1d672cd0: ;   {metadata(method data for {method} {0x0000024e347070f0} 'sanitizeStackTrace' '(Ljava/lang/Throwable;)Ljava/lang/Throwable;' in 'kotlin/jvm/internal/Intrinsics')}
  0x0000024e1d672cd0: 8bf2 48bf | e07c 8f34 | 4e02 0000 | 4883 8710 | 0100 0001 

  0x0000024e1d672ce4: ;   {metadata(method data for {method} {0x0000024e34017e78} 'getName' '()Ljava/lang/String;' in 'java/lang/Class')}
  0x0000024e1d672ce4: 48be c8d8 | 6334 4e02 | 0000 8bbe | cc00 0000 | 83c7 0289 | becc 0000 | 0081 e7fe | ff1f 0085 
  0x0000024e1d672d04: ff0f 84e2 | 1200 008b | 522c 48c1 | e203 4885 

  0x0000024e1d672d14: ;   {metadata(method data for {method} {0x0000024e34017e78} 'getName' '()Ljava/lang/String;' in 'java/lang/Class')}
  0x0000024e1d672d14: d248 bec8 | d863 344e | 0200 0048 | c7c7 1001 | 0000 7407 | 48c7 c720 | 0100 0048 | 8b1c 3e48 
  0x0000024e1d672d34: 8d5b 0148 | 891c 3e0f | 8418 0000 

  0x0000024e1d672d40: ;   {metadata(method data for {method} {0x0000024e34017e78} 'getName' '()Ljava/lang/String;' in 'java/lang/Class')}
  0x0000024e1d672d40: 0048 bec8 | d863 344e | 0200 00ff | 8630 0100 | 0048 8bf2 | e936 0000 

  0x0000024e1d672d58: ;   {oop(a 'java/lang/Class'{0x000000070315c4c0} = 'kotlin/jvm/internal/Intrinsics')}
  0x0000024e1d672d58: 0048 bac0 | c415 0307 | 0000 0048 

  0x0000024e1d672d64: ;   {metadata(method data for {method} {0x0000024e34017e78} 'getName' '()Ljava/lang/String;' in 'java/lang/Class')}
  0x0000024e1d672d64: 8bf2 48bf | c8d8 6334 | 4e02 0000 | 4883 8748 | 0100 0001 | 0f1f 8000 

  0x0000024e1d672d7c: ;   {optimized virtual_call}
  0x0000024e1d672d7c: 0000 00e8 

  0x0000024e1d672d80: ; ImmutableOopMap {[232]=Oop [408]=Oop [416]=Oop }
                      ;*invokevirtual initClassName {reexecute=0 rethrow=0 return_oop=0}
                      ; - java.lang.Class::getName@14
                      ; - kotlin.jvm.internal.Intrinsics::sanitizeStackTrace@3 (line 253)
                      ; - kotlin.jvm.internal.Intrinsics::throwJavaNpe@7 (line 45)
                      ; - kotlin.jvm.internal.Intrinsics::checkNotNull@4 (line 25)
                      ; - org.jetbrains.skiko.context.Direct3DContextHandler::initCanvas@191 (line 67)
  0x0000024e1d672d80: fcbc 3d06 

  0x0000024e1d672d84: ;   {other}
  0x0000024e1d672d84: 0f1f 8400 | 742e 001a | 488b f048 | 8b84 24a0 | 0100 00e9 | a200 0000 

  0x0000024e1d672d9c: ; implicit exception: dispatches to 0x0000024e1d674013
  0x0000024e1d672d9c: 483b 0348 

  0x0000024e1d672da0: ;   {metadata(method data for {method} {0x0000024e35e2b758} 'initCanvas' '(Lorg/jetbrains/skiko/LayerDrawScope;)V' in 'org/jetbrains/skiko/context/Direct3DContextHandler')}
  0x0000024e1d672da0: 8bf3 48bf | 583c d737 | 4e02 0000 | 4883 87d0 | 0500 0001 

  0x0000024e1d672db4: ;   {optimized virtual_call}
  0x0000024e1d672db4: 488b d3e8 

  0x0000024e1d672db8: ; ImmutableOopMap {[232]=Oop }
                      ;*invokevirtual getCanvas {reexecute=0 rethrow=0 return_oop=0}
                      ; - org.jetbrains.skiko.context.Direct3DContextHandler::initCanvas@194 (line 67)
  0x0000024e1d672db8: 248e a306 

  0x0000024e1d672dbc: ;   {other}
  0x0000024e1d672dbc: 0f1f 8400 | ac2e 001b | 488b 9424 | e800 0000 

  0x0000024e1d672dcc: ;   {metadata(method data for {method} {0x0000024e35e2b758} 'initCanvas' '(Lorg/jetbrains/skiko/LayerDrawScope;)V' in 'org/jetbrains/skiko/context/Direct3DContextHandler')}
  0x0000024e1d672dcc: 49b8 583c | d737 4e02 | 0000 4983 | 8008 0600 | 0001 410f | be57 4085 | d248 8b94 | 24e8 0000 
  0x0000024e1d672dec: 000f 8525 | 1200 004c | 8bd0 49c1 | ea03 4489 | 5220 4c8b | c24c 33c0 | 49c1 e815 | 4983 f800 
  0x0000024e1d672e0c: 0f85 2612 | 0000 4881 | c4b0 0100 

  0x0000024e1d672e18: ;   {poll_return}
  0x0000024e1d672e18: 005d 493b | a750 0400 | 000f 8729 | 1200 00c3 | 4881 c4b0 | 0100 005d 

  0x0000024e1d672e30: ;   {poll_return}
  0x0000024e1d672e30: 493b a750 | 0400 000f | 8729 1200 

  0x0000024e1d672e3c: ;   {metadata(method data for {method} {0x0000024e347070f0} 'sanitizeStackTrace' '(Ljava/lang/Throwable;)Ljava/lang/Throwable;' in 'kotlin/jvm/internal/Intrinsics')}
  0x0000024e1d672e3c: 00c3 49b8 | e07c 8f34 | 4e02 0000 | 4983 8048 | 0100 0001 | 488b d04c 

  0x0000024e1d672e54: ;   {static_call}
  0x0000024e1d672e54: 8bc6 90e8 

  0x0000024e1d672e58: ; ImmutableOopMap {[232]=Oop [408]=Oop }
                      ;*invokestatic sanitizeStackTrace {reexecute=0 rethrow=0 return_oop=0}
                      ; - kotlin.jvm.internal.Intrinsics::sanitizeStackTrace@6 (line 253)
                      ; - kotlin.jvm.internal.Intrinsics::throwJavaNpe@7 (line 45)
                      ; - kotlin.jvm.internal.Intrinsics::checkNotNull@4 (line 25)
                      ; - org.jetbrains.skiko.context.Direct3DContextHandler::initCanvas@191 (line 67)
  0x0000024e1d672e58: 24c2 3d06 

  0x0000024e1d672e5c: ;   {other}
  0x0000024e1d672e5c: 0f1f 8400 | 4c2f 001c | 488b 9c24 | 9801 0000 | 4885 c075 

  0x0000024e1d672e70: ;   {metadata(method data for {method} {0x0000024e34704f08} 'throwJavaNpe' '()V' in 'kotlin/jvm/internal/Intrinsics')}
  0x0000024e1d672e70: 1749 b8c8 | cdd2 344e | 0200 0041 | 8088 2901 | 0000 01e9 | ce00 0000 

  0x0000024e1d672e88: ;   {metadata('java/lang/NullPointerException')}
  0x0000024e1d672e88: 48be b0e0 | 0500 0800 | 0000 448b | 4008 49ba | 0000 0000 | 0800 0000 | 4d03 c249 | 3b70 500f 
  0x0000024e1d672ea8: 858d 0000 

  0x0000024e1d672eac: ;   {metadata(method data for {method} {0x0000024e34704f08} 'throwJavaNpe' '()V' in 'kotlin/jvm/internal/Intrinsics')}
  0x0000024e1d672eac: 0049 b8c8 | cdd2 344e | 0200 008b | 7008 49ba | 0000 0000 | 0800 0000 | 4903 f249 | 3bb0 4001 
  0x0000024e1d672ecc: 0000 750d | 4983 8048 | 0100 0001 | e979 0000 | 0049 3bb0 | 5001 0000 | 750d 4983 | 8058 0100 
  0x0000024e1d672eec: 0001 e963 | 0000 0049 | 83b8 4001 | 0000 0075 | 1749 89b0 | 4001 0000 | 49c7 8048 | 0100 0001 
  0x0000024e1d672f0c: 0000 00e9 | 4200 0000 | 4983 b850 | 0100 0000 | 7517 4989 | b050 0100 | 0049 c780 | 5801 0000 
  0x0000024e1d672f2c: 0100 0000 | e921 0000 | 00e9 1c00 

  0x0000024e1d672f38: ;   {metadata(method data for {method} {0x0000024e34704f08} 'throwJavaNpe' '()V' in 'kotlin/jvm/internal/Intrinsics')}
  0x0000024e1d672f38: 0000 49b8 | c8cd d234 | 4e02 0000 | 4983 a830 | 0100 0001 | e92b 1100 | 00e9 0000 | 0000 483b 
  0x0000024e1d672f58: 00e9 be11 

  0x0000024e1d672f5c: ;   {metadata(method data for {method} {0x0000024e347070f0} 'sanitizeStackTrace' '(Ljava/lang/Throwable;)Ljava/lang/Throwable;' in 'kotlin/jvm/internal/Intrinsics')}
  0x0000024e1d672f5c: 0000 48ba | e07c 8f34 | 4e02 0000 | 4883 8248 | 0100 0001 | 488b d04c 

  0x0000024e1d672f74: ;   {static_call}
  0x0000024e1d672f74: 8bc6 90e8 

  0x0000024e1d672f78: ; ImmutableOopMap {[232]=Oop [376]=Oop [384]=Oop }
                      ;*invokestatic sanitizeStackTrace {reexecute=0 rethrow=0 return_oop=0}
                      ; - kotlin.jvm.internal.Intrinsics::sanitizeStackTrace@6 (line 253)
                      ; - kotlin.jvm.internal.Intrinsics::throwJavaNpe@7 (line 45)
                      ; - kotlin.jvm.internal.Intrinsics::checkNotNull@4 (line 25)
                      ; - org.jetbrains.skiko.context.Direct3DContextHandler::getDirectXRedrawer@8 (line 18)
                      ; - org.jetbrains.skiko.context.Direct3DContextHandler::initCanvas@175 (line 66)
  0x0000024e1d672f78: 04c1 3d06 

  0x0000024e1d672f7c: ;   {other}
  0x0000024e1d672f7c: 0f1f 8400 | 6c30 001d | 4c8b 8424 | 7801 0000 | 488b 9c24 | 8001 0000 | 4885 c075 

  0x0000024e1d672f98: ;   {metadata(method data for {method} {0x0000024e34704f08} 'throwJavaNpe' '()V' in 'kotlin/jvm/internal/Intrinsics')}
  0x0000024e1d672f98: 1648 bec8 | cdd2 344e | 0200 0080 | 8e29 0100 | 0001 e9cd 

  0x0000024e1d672fac: ;   {metadata('java/lang/NullPointerException')}
  0x0000024e1d672fac: 0000 0048 | bfb0 e005 | 0008 0000 | 008b 7008 | 49ba 0000 | 0000 0800 | 0000 4903 | f248 3b7e 
  0x0000024e1d672fcc: 500f 858d 

  0x0000024e1d672fd0: ;   {metadata(method data for {method} {0x0000024e34704f08} 'throwJavaNpe' '()V' in 'kotlin/jvm/internal/Intrinsics')}
  0x0000024e1d672fd0: 0000 0048 | bec8 cdd2 | 344e 0200 | 008b 7808 | 49ba 0000 | 0000 0800 | 0000 4903 | fa48 3bbe 
  0x0000024e1d672ff0: 4001 0000 | 750d 4883 | 8648 0100 | 0001 e979 | 0000 0048 | 3bbe 5001 | 0000 750d | 4883 8658 
  0x0000024e1d673010: 0100 0001 | e963 0000 | 0048 83be | 4001 0000 | 0075 1748 | 89be 4001 | 0000 48c7 | 8648 0100 
  0x0000024e1d673030: 0001 0000 | 00e9 4200 | 0000 4883 | be50 0100 | 0000 7517 | 4889 be50 | 0100 0048 | c786 5801 
  0x0000024e1d673050: 0000 0100 | 0000 e921 | 0000 00e9 | 1c00 0000 

  0x0000024e1d673060: ;   {metadata(method data for {method} {0x0000024e34704f08} 'throwJavaNpe' '()V' in 'kotlin/jvm/internal/Intrinsics')}
  0x0000024e1d673060: 48be c8cd | d234 4e02 | 0000 4883 | ae30 0100 | 0001 e913 | 1000 00e9 | 0000 0000 

  0x0000024e1d67307c: ; implicit exception: dispatches to 0x0000024e1d674093
  0x0000024e1d67307c: 483b 00e9 | 9810 0000 

  0x0000024e1d673084: ;   {metadata(method data for {method} {0x0000024e347070f0} 'sanitizeStackTrace' '(Ljava/lang/Throwable;)Ljava/lang/Throwable;' in 'kotlin/jvm/internal/Intrinsics')}
  0x0000024e1d673084: 48ba e07c | 8f34 4e02 | 0000 4883 | 8248 0100 | 0001 488b | d04c 8bc6 

  0x0000024e1d67309c: ;   {static_call}
  0x0000024e1d67309c: 6666 90e8 

  0x0000024e1d6730a0: ; ImmutableOopMap {[232]=Oop [352]=Oop }
                      ;*invokestatic sanitizeStackTrace {reexecute=0 rethrow=0 return_oop=0}
                      ; - kotlin.jvm.internal.Intrinsics::sanitizeStackTrace@6 (line 253)
                      ; - kotlin.jvm.internal.Intrinsics::throwJavaNpe@7 (line 45)
                      ; - kotlin.jvm.internal.Intrinsics::checkNotNull@4 (line 25)
                      ; - org.jetbrains.skiko.context.Direct3DContextHandler::getDirectXRedrawer@8 (line 18)
                      ; - org.jetbrains.skiko.context.Direct3DContextHandler::initCanvas@163 (line 63)
  0x0000024e1d6730a0: dcbf 3d06 

  0x0000024e1d6730a4: ;   {other}
  0x0000024e1d6730a4: 0f1f 8400 | 9431 001e | 488b 9c24 | 6001 0000 | 4885 c075 

  0x0000024e1d6730b8: ;   {metadata(method data for {method} {0x0000024e34704f08} 'throwJavaNpe' '()V' in 'kotlin/jvm/internal/Intrinsics')}
  0x0000024e1d6730b8: 1749 b8c8 | cdd2 344e | 0200 0041 | 8088 2901 | 0000 01e9 | ce00 0000 

  0x0000024e1d6730d0: ;   {metadata('java/lang/NullPointerException')}
  0x0000024e1d6730d0: 48be b0e0 | 0500 0800 | 0000 448b | 4008 49ba | 0000 0000 | 0800 0000 | 4d03 c249 | 3b70 500f 
  0x0000024e1d6730f0: 858d 0000 

  0x0000024e1d6730f4: ;   {metadata(method data for {method} {0x0000024e34704f08} 'throwJavaNpe' '()V' in 'kotlin/jvm/internal/Intrinsics')}
  0x0000024e1d6730f4: 0049 b8c8 | cdd2 344e | 0200 008b | 7008 49ba | 0000 0000 | 0800 0000 | 4903 f249 | 3bb0 4001 
  0x0000024e1d673114: 0000 750d | 4983 8048 | 0100 0001 | e979 0000 | 0049 3bb0 | 5001 0000 | 750d 4983 | 8058 0100 
  0x0000024e1d673134: 0001 e963 | 0000 0049 | 83b8 4001 | 0000 0075 | 1749 89b0 | 4001 0000 | 49c7 8048 | 0100 0001 
  0x0000024e1d673154: 0000 00e9 | 4200 0000 | 4983 b850 | 0100 0000 | 7517 4989 | b050 0100 | 0049 c780 | 5801 0000 
  0x0000024e1d673174: 0100 0000 | e921 0000 | 00e9 1c00 

  0x0000024e1d673180: ;   {metadata(method data for {method} {0x0000024e34704f08} 'throwJavaNpe' '()V' in 'kotlin/jvm/internal/Intrinsics')}
  0x0000024e1d673180: 0000 49b8 | c8cd d234 | 4e02 0000 | 4983 a830 | 0100 0001 | e9ff 0e00 | 00e9 0000 | 0000 483b 
  0x0000024e1d6731a0: 00e9 760f 

  0x0000024e1d6731a4: ;   {metadata(method data for {method} {0x0000024e347070f0} 'sanitizeStackTrace' '(Ljava/lang/Throwable;)Ljava/lang/Throwable;' in 'kotlin/jvm/internal/Intrinsics')}
  0x0000024e1d6731a4: 0000 48ba | e07c 8f34 | 4e02 0000 | 4883 8248 | 0100 0001 | 488b d04c 

  0x0000024e1d6731bc: ;   {static_call}
  0x0000024e1d6731bc: 8bc6 90e8 

  0x0000024e1d6731c0: ; ImmutableOopMap {[232]=Oop [248]=Oop [288]=Oop [312]=Oop [344]=Oop }
                      ;*invokestatic sanitizeStackTrace {reexecute=0 rethrow=0 return_oop=0}
                      ; - kotlin.jvm.internal.Intrinsics::sanitizeStackTrace@6 (line 253)
                      ; - kotlin.jvm.internal.Intrinsics::throwJavaNpe@7 (line 45)
                      ; - kotlin.jvm.internal.Intrinsics::checkNotNull@4 (line 25)
                      ; - org.jetbrains.skiko.context.Direct3DContextHandler::getDirectXRedrawer@8 (line 18)
                      ; - org.jetbrains.skiko.context.Direct3DContextHandler::initCanvas@114 (line 50)
  0x0000024e1d6731c0: bcbe 3d06 

  0x0000024e1d6731c4: ;   {other}
  0x0000024e1d6731c4: 0f1f 8400 | b432 001f | 4c8b 8424 | 5801 0000 | 4c8b b424 | 3801 0000 | 448b 9c24 | 3401 0000 
  0x0000024e1d6731e4: 8b9c 2448 | 0100 0048 | 85c0 7516 

  0x0000024e1d6731f0: ;   {metadata(method data for {method} {0x0000024e34704f08} 'throwJavaNpe' '()V' in 'kotlin/jvm/internal/Intrinsics')}
  0x0000024e1d6731f0: 48be c8cd | d234 4e02 | 0000 808e | 2901 0000 | 01e9 cd00 

  0x0000024e1d673204: ;   {metadata('java/lang/NullPointerException')}
  0x0000024e1d673204: 0000 48bf | b0e0 0500 | 0800 0000 | 8b70 0849 | ba00 0000 | 0008 0000 | 0049 03f2 | 483b 7e50 
  0x0000024e1d673224: 0f85 8d00 

  0x0000024e1d673228: ;   {metadata(method data for {method} {0x0000024e34704f08} 'throwJavaNpe' '()V' in 'kotlin/jvm/internal/Intrinsics')}
  0x0000024e1d673228: 0000 48be | c8cd d234 | 4e02 0000 | 8b78 0849 | ba00 0000 | 0008 0000 | 0049 03fa | 483b be40 
  0x0000024e1d673248: 0100 0075 | 0d48 8386 | 4801 0000 | 01e9 7900 | 0000 483b | be50 0100 | 0075 0d48 | 8386 5801 
  0x0000024e1d673268: 0000 01e9 | 6300 0000 | 4883 be40 | 0100 0000 | 7517 4889 | be40 0100 | 0048 c786 | 4801 0000 
  0x0000024e1d673288: 0100 0000 | e942 0000 | 0048 83be | 5001 0000 | 0075 1748 | 89be 5001 | 0000 48c7 | 8658 0100 
  0x0000024e1d6732a8: 0001 0000 | 00e9 2100 | 0000 e91c 

  0x0000024e1d6732b4: ;   {metadata(method data for {method} {0x0000024e34704f08} 'throwJavaNpe' '()V' in 'kotlin/jvm/internal/Intrinsics')}
  0x0000024e1d6732b4: 0000 0048 | bec8 cdd2 | 344e 0200 | 0048 83ae | 3001 0000 | 01e9 d80d | 0000 e900 | 0000 0048 
  0x0000024e1d6732d4: ; ImmutableOopMap {r8=Oop r14=Oop rax=Oop [232]=Oop [248]=Oop [288]=Oop [312]=Oop }
                      ;*athrow {reexecute=1 rethrow=0 return_oop=0}
                      ; - (reexecute) kotlin.jvm.internal.Intrinsics::throwJavaNpe@13 (line 45)
                      ; - kotlin.jvm.internal.Intrinsics::checkNotNull@4 (line 25)
                      ; - org.jetbrains.skiko.context.Direct3DContextHandler::getDirectXRedrawer@8 (line 18)
                      ; - org.jetbrains.skiko.context.Direct3DContextHandler::initCanvas@114 (line 50)
                      ;   {section_word}
  0x0000024e1d6732d4: 3b00 48ba | d632 671d | 4e02 0000 

  0x0000024e1d6732e0: ;   {runtime_call handle_exception_nofpu Runtime1 stub}
  0x0000024e1d6732e0: e89b 7c49 

  0x0000024e1d6732e4: ;   {metadata(method data for {method} {0x0000024e347070f0} 'sanitizeStackTrace' '(Ljava/lang/Throwable;)Ljava/lang/Throwable;' in 'kotlin/jvm/internal/Intrinsics')}
  0x0000024e1d6732e4: 0690 48ba | e07c 8f34 | 4e02 0000 | 4883 8248 | 0100 0001 | 488b d04c 

  0x0000024e1d6732fc: ;   {static_call}
  0x0000024e1d6732fc: 8bc6 90e8 

  0x0000024e1d673300: ; ImmutableOopMap {[232]=Oop [248]=Oop [288]=Oop [296]=Oop }
                      ;*invokestatic sanitizeStackTrace {reexecute=0 rethrow=0 return_oop=0}
                      ; - kotlin.jvm.internal.Intrinsics::sanitizeStackTrace@6 (line 253)
                      ; - kotlin.jvm.internal.Intrinsics::throwParameterIsNullNPE@11 (line 140)
                      ; - kotlin.jvm.internal.Intrinsics::checkNotNullParameter@5 (line 131)
                      ; - org.jetbrains.skia.SurfaceProps::<init>@3
                      ; - org.jetbrains.skia.SurfaceProps::<init>@21 (line 3)
                      ; - org.jetbrains.skiko.context.Direct3DContextHandler::initCanvas@86 (line 48)
  0x0000024e1d673300: 7cbd 3d06 

  0x0000024e1d673304: ;   {other}
  0x0000024e1d673304: 0f1f 8400 | f433 0021 | 4c8b 8424 | 2801 0000 | 488b bc24 | 2001 0000 | 8bb4 2430 | 0100 0048 
  0x0000024e1d673324: 85c0 7516 

  0x0000024e1d673328: ;   {metadata(method data for {method} {0x0000024e34706008} 'throwParameterIsNullNPE' '(Ljava/lang/String;)V' in 'kotlin/jvm/internal/Intrinsics')}
  0x0000024e1d673328: 48bb 287b | 8f34 4e02 | 0000 808b | 3901 0000 | 01e9 cd00 

  0x0000024e1d67333c: ;   {metadata('java/lang/NullPointerException')}
  0x0000024e1d67333c: 0000 48b9 | b0e0 0500 | 0800 0000 | 8b58 0849 | ba00 0000 | 0008 0000 | 0049 03da | 483b 4b50 
  0x0000024e1d67335c: 0f85 8d00 

  0x0000024e1d673360: ;   {metadata(method data for {method} {0x0000024e34706008} 'throwParameterIsNullNPE' '(Ljava/lang/String;)V' in 'kotlin/jvm/internal/Intrinsics')}
  0x0000024e1d673360: 0000 48bb | 287b 8f34 | 4e02 0000 | 8b48 0849 | ba00 0000 | 0008 0000 | 0049 03ca | 483b 8b50 
  0x0000024e1d673380: 0100 0075 | 0d48 8383 | 5801 0000 | 01e9 7900 | 0000 483b | 8b60 0100 | 0075 0d48 | 8383 6801 
  0x0000024e1d6733a0: 0000 01e9 | 6300 0000 | 4883 bb50 | 0100 0000 | 7517 4889 | 8b50 0100 | 0048 c783 | 5801 0000 
  0x0000024e1d6733c0: 0100 0000 | e942 0000 | 0048 83bb | 6001 0000 | 0075 1748 | 898b 6001 | 0000 48c7 | 8368 0100 
  0x0000024e1d6733e0: 0001 0000 | 00e9 2100 | 0000 e91c 

  0x0000024e1d6733ec: ;   {metadata(method data for {method} {0x0000024e34706008} 'throwParameterIsNullNPE' '(Ljava/lang/String;)V' in 'kotlin/jvm/internal/Intrinsics')}
  0x0000024e1d6733ec: 0000 0048 | bb28 7b8f | 344e 0200 | 0048 83ab | 4001 0000 | 01e9 ae0c | 0000 e900 | 0000 0048 
  0x0000024e1d67340c: ; ImmutableOopMap {r8=Oop rdi=Oop rax=Oop [232]=Oop [248]=Oop [288]=Oop [296]=Oop }
                      ;*athrow {reexecute=1 rethrow=0 return_oop=0}
                      ; - (reexecute) kotlin.jvm.internal.Intrinsics::throwParameterIsNullNPE@17 (line 140)
                      ; - kotlin.jvm.internal.Intrinsics::checkNotNullParameter@5 (line 131)
                      ; - org.jetbrains.skia.SurfaceProps::<init>@3
                      ; - org.jetbrains.skia.SurfaceProps::<init>@21 (line 3)
                      ; - org.jetbrains.skiko.context.Direct3DContextHandler::initCanvas@86 (line 48)
                      ;   {section_word}
  0x0000024e1d67340c: 3b00 48ba | 0e34 671d | 4e02 0000 

  0x0000024e1d673418: ;   {runtime_call handle_exception_nofpu Runtime1 stub}
  0x0000024e1d673418: e863 7b49 

  0x0000024e1d67341c: ;   {metadata(method data for {method} {0x0000024e347070f0} 'sanitizeStackTrace' '(Ljava/lang/Throwable;)Ljava/lang/Throwable;' in 'kotlin/jvm/internal/Intrinsics')}
  0x0000024e1d67341c: 0690 48ba | e07c 8f34 | 4e02 0000 | 4883 8248 | 0100 0001 | 488b d04c 

  0x0000024e1d673434: ;   {static_call}
  0x0000024e1d673434: 8bc6 90e8 

  0x0000024e1d673438: ; ImmutableOopMap {[232]=Oop [240]=Oop [248]=Oop [264]=Oop }
                      ;*invokestatic sanitizeStackTrace {reexecute=0 rethrow=0 return_oop=0}
                      ; - kotlin.jvm.internal.Intrinsics::sanitizeStackTrace@6 (line 253)
                      ; - kotlin.jvm.internal.Intrinsics::throwJavaNpe@7 (line 45)
                      ; - kotlin.jvm.internal.Intrinsics::checkNotNull@4 (line 25)
                      ; - org.jetbrains.skiko.context.Direct3DContextHandler::getDirectXRedrawer@8 (line 18)
                      ; - org.jetbrains.skiko.context.Direct3DContextHandler::initCanvas@63 (line 46)
  0x0000024e1d673438: 44bc 3d06 

  0x0000024e1d67343c: ;   {other}
  0x0000024e1d67343c: 0f1f 8400 | 2c35 0023 | 488b 9c24 | 0801 0000 | 8b94 2404 | 0100 008b | bc24 0001 | 0000 488b 
  0x0000024e1d67345c: b424 f800 | 0000 4885 

  0x0000024e1d673464: ;   {metadata(method data for {method} {0x0000024e34704f08} 'throwJavaNpe' '()V' in 'kotlin/jvm/internal/Intrinsics')}
  0x0000024e1d673464: c075 1648 | b9c8 cdd2 | 344e 0200 | 0080 8929 | 0100 0001 | e9ce 0000 

  0x0000024e1d67347c: ;   {metadata('java/lang/NullPointerException')}
  0x0000024e1d67347c: 0049 b9b0 | e005 0008 | 0000 008b | 4808 49ba | 0000 0000 | 0800 0000 | 4903 ca4c | 3b49 500f 
  0x0000024e1d67349c: 858e 0000 

  0x0000024e1d6734a0: ;   {metadata(method data for {method} {0x0000024e34704f08} 'throwJavaNpe' '()V' in 'kotlin/jvm/internal/Intrinsics')}
  0x0000024e1d6734a0: 0048 b9c8 | cdd2 344e | 0200 0044 | 8b48 0849 | ba00 0000 | 0008 0000 | 004d 03ca | 4c3b 8940 
  0x0000024e1d6734c0: 0100 0075 | 0d48 8381 | 4801 0000 | 01e9 7900 | 0000 4c3b | 8950 0100 | 0075 0d48 | 8381 5801 
  0x0000024e1d6734e0: 0000 01e9 | 6300 0000 | 4883 b940 | 0100 0000 | 7517 4c89 | 8940 0100 | 0048 c781 | 4801 0000 
  0x0000024e1d673500: 0100 0000 | e942 0000 | 0048 83b9 | 5001 0000 | 0075 174c | 8989 5001 | 0000 48c7 | 8158 0100 
  0x0000024e1d673520: 0001 0000 | 00e9 2100 | 0000 e91c 

  0x0000024e1d67352c: ;   {metadata(method data for {method} {0x0000024e34704f08} 'throwJavaNpe' '()V' in 'kotlin/jvm/internal/Intrinsics')}
  0x0000024e1d67352c: 0000 0048 | b9c8 cdd2 | 344e 0200 | 0048 83a9 | 3001 0000 | 01e9 7c0b | 0000 e900 | 0000 0048 
  0x0000024e1d67354c: 3b00 e9c9 

  0x0000024e1d673550: ;   {metadata(method data for {method} {0x0000024e347070f0} 'sanitizeStackTrace' '(Ljava/lang/Throwable;)Ljava/lang/Throwable;' in 'kotlin/jvm/internal/Intrinsics')}
  0x0000024e1d673550: 0b00 0048 | bae0 7c8f | 344e 0200 | 0048 8382 | 4801 0000 | 0148 8bd0 | 4c8b c60f 

  0x0000024e1d67356c: ;   {static_call}
  0x0000024e1d67356c: 1f40 00e8 

  0x0000024e1d673570: ; ImmutableOopMap {[232]=Oop [240]=Oop }
                      ;*invokestatic sanitizeStackTrace {reexecute=0 rethrow=0 return_oop=0}
                      ; - kotlin.jvm.internal.Intrinsics::sanitizeStackTrace@6 (line 253)
                      ; - kotlin.jvm.internal.Intrinsics::throwParameterIsNullNPE@11 (line 140)
                      ; - kotlin.jvm.internal.Intrinsics::checkNotNullParameter@5 (line 131)
                      ; - org.jetbrains.skiko.context.Direct3DContextHandler::initCanvas@3
  0x0000024e1d673570: 0cbb 3d06 

  0x0000024e1d673574: ;   {other}
  0x0000024e1d673574: 0f1f 8400 | 6436 0024 | 4c8b 8424 | f000 0000 | 488b 9424 | e800 0000 | 4885 c075 

  0x0000024e1d673590: ;   {metadata(method data for {method} {0x0000024e34706008} 'throwParameterIsNullNPE' '(Ljava/lang/String;)V' in 'kotlin/jvm/internal/Intrinsics')}
  0x0000024e1d673590: 1648 bf28 | 7b8f 344e | 0200 0080 | 8f39 0100 | 0001 e9cd 

  0x0000024e1d6735a4: ;   {metadata('java/lang/NullPointerException')}
  0x0000024e1d6735a4: 0000 0048 | bbb0 e005 | 0008 0000 | 008b 7808 | 49ba 0000 | 0000 0800 | 0000 4903 | fa48 3b5f 
  0x0000024e1d6735c4: 500f 858d 

  0x0000024e1d6735c8: ;   {metadata(method data for {method} {0x0000024e34706008} 'throwParameterIsNullNPE' '(Ljava/lang/String;)V' in 'kotlin/jvm/internal/Intrinsics')}
  0x0000024e1d6735c8: 0000 0048 | bf28 7b8f | 344e 0200 | 008b 5808 | 49ba 0000 | 0000 0800 | 0000 4903 | da48 3b9f 
  0x0000024e1d6735e8: 5001 0000 | 750d 4883 | 8758 0100 | 0001 e979 | 0000 0048 | 3b9f 6001 | 0000 750d | 4883 8768 
  0x0000024e1d673608: 0100 0001 | e963 0000 | 0048 83bf | 5001 0000 | 0075 1748 | 899f 5001 | 0000 48c7 | 8758 0100 
  0x0000024e1d673628: 0001 0000 | 00e9 4200 | 0000 4883 | bf60 0100 | 0000 7517 | 4889 9f60 | 0100 0048 | c787 6801 
  0x0000024e1d673648: 0000 0100 | 0000 e921 | 0000 00e9 | 1c00 0000 

  0x0000024e1d673658: ;   {metadata(method data for {method} {0x0000024e34706008} 'throwParameterIsNullNPE' '(Ljava/lang/String;)V' in 'kotlin/jvm/internal/Intrinsics')}
  0x0000024e1d673658: 48bf 287b | 8f34 4e02 | 0000 4883 | af40 0100 | 0001 e961 | 0a00 00e9 | 0000 0000 

  0x0000024e1d673674: ; implicit exception: dispatches to 0x0000024e1d6740d9
  0x0000024e1d673674: 483b 00e9 | a00a 0000 | 498b 8700 | 0500 004d | 33d2 4d89 | 9700 0500 | 004d 33d2 | 4d89 9708 
  0x0000024e1d673694: ;   {metadata(method data for {method} {0x0000024e35e2b758} 'initCanvas' '(Lorg/jetbrains/skiko/LayerDrawScope;)V' in 'org/jetbrains/skiko/context/Direct3DContextHandler')}
  0x0000024e1d673694: 0500 0048 | be58 3cd7 | 374e 0200 | 0048 8386 | 9004 0000 

  0x0000024e1d6736a8: ;   {metadata(method data for {method} {0x0000024e34043338} 'reachabilityFence' '(Ljava/lang/Object;)V' in 'java/lang/ref/Reference')}
  0x0000024e1d6736a8: 0148 be18 | 5461 344e | 0200 008b | becc 0000 | 0083 c702 | 89be cc00 | 0000 81e7 | feff 1f00 
  0x0000024e1d6736c8: 85ff 0f84 | 0e0a 0000 | e947 0a00 

  0x0000024e1d6736d4: ;   {metadata({method} {0x0000024e35e2b758} 'initCanvas' '(Lorg/jetbrains/skiko/LayerDrawScope;)V' in 'org/jetbrains/skiko/context/Direct3DContextHandler')}
  0x0000024e1d6736d4: 0049 ba50 | b7e2 354e | 0200 004c | 8954 2408 | 48c7 0424 | ffff ffff 

  0x0000024e1d6736ec: ;   {runtime_call counter_overflow Runtime1 stub}
  0x0000024e1d6736ec: e88f 5a49 

  0x0000024e1d6736f0: ; ImmutableOopMap {rdx=Oop r8=Oop [232]=Oop [240]=Oop }
                      ;*synchronization entry
                      ; - org.jetbrains.skiko.context.Direct3DContextHandler::initCanvas@-1
  0x0000024e1d6736f0: 06e9 80cf 

  0x0000024e1d6736f4: ;   {metadata({method} {0x0000024e34705e00} 'checkNotNullParameter' '(Ljava/lang/Object;Ljava/lang/String;)V' in 'kotlin/jvm/internal/Intrinsics')}
  0x0000024e1d6736f4: ffff 49ba | f85d 7034 | 4e02 0000 | 4c89 5424 | 0848 c704 | 24ff ffff 

  0x0000024e1d67370c: ;   {runtime_call counter_overflow Runtime1 stub}
  0x0000024e1d67370c: ffe8 6e5a 

  0x0000024e1d673710: ; ImmutableOopMap {rdx=Oop r8=Oop [232]=Oop [240]=Oop }
                      ;*synchronization entry
                      ; - kotlin.jvm.internal.Intrinsics::checkNotNullParameter@-1 (line 130)
                      ; - org.jetbrains.skiko.context.Direct3DContextHandler::initCanvas@3
  0x0000024e1d673710: 4906 e998 

  0x0000024e1d673714: ;   {metadata({method} {0x0000024e34706008} 'throwParameterIsNullNPE' '(Ljava/lang/String;)V' in 'kotlin/jvm/internal/Intrinsics')}
  0x0000024e1d673714: cfff ff49 | ba00 6070 | 344e 0200 | 004c 8954 | 2408 48c7 | 0424 ffff 

  0x0000024e1d67372c: ;   {runtime_call counter_overflow Runtime1 stub}
  0x0000024e1d67372c: ffff e84d 

  0x0000024e1d673730: ; ImmutableOopMap {[232]=Oop [240]=Oop }
                      ;*synchronization entry
                      ; - kotlin.jvm.internal.Intrinsics::throwParameterIsNullNPE@-1 (line 140)
                      ; - kotlin.jvm.internal.Intrinsics::checkNotNullParameter@5 (line 131)
                      ; - org.jetbrains.skiko.context.Direct3DContextHandler::initCanvas@3
  0x0000024e1d673730: 5a49 06e9 | dfcf ffff 

  0x0000024e1d673738: ;   {metadata(nullptr)}
  0x0000024e1d673738: 48ba 0000 | 0000 0000 | 0000 b800 

  0x0000024e1d673744: ;   {runtime_call load_klass_patching Runtime1 stub}
  0x0000024e1d673744: 0f05 0ae8 

  0x0000024e1d673748: ; ImmutableOopMap {[232]=Oop [240]=Oop }
                      ;*new {reexecute=1 rethrow=0 return_oop=0}
                      ; - (reexecute) kotlin.jvm.internal.Intrinsics::throwParameterIsNullNPE@0 (line 140)
                      ; - kotlin.jvm.internal.Intrinsics::checkNotNullParameter@5 (line 131)
                      ; - org.jetbrains.skiko.context.Direct3DContextHandler::initCanvas@3
  0x0000024e1d673748: b453 4006 | e9c7 cfff | ff48 8bd2 

  0x0000024e1d673754: ;   {runtime_call fast_new_instance Runtime1 stub}
  0x0000024e1d673754: e827 6949 

  0x0000024e1d673758: ; ImmutableOopMap {[232]=Oop [240]=Oop }
                      ;*new {reexecute=0 rethrow=0 return_oop=0}
                      ; - kotlin.jvm.internal.Intrinsics::throwParameterIsNullNPE@0 (line 140)
                      ; - kotlin.jvm.internal.Intrinsics::checkNotNullParameter@5 (line 131)
                      ; - org.jetbrains.skiko.context.Direct3DContextHandler::initCanvas@3
  0x0000024e1d673758: 06e9 16d0 

  0x0000024e1d67375c: ;   {metadata({method} {0x0000024e347070f0} 'sanitizeStackTrace' '(Ljava/lang/Throwable;)Ljava/lang/Throwable;' in 'kotlin/jvm/internal/Intrinsics')}
  0x0000024e1d67375c: ffff 49ba | e870 7034 | 4e02 0000 | 4c89 5424 | 0848 c704 | 24ff ffff 

  0x0000024e1d673774: ;   {runtime_call counter_overflow Runtime1 stub}
  0x0000024e1d673774: ffe8 065a 

  0x0000024e1d673778: ; ImmutableOopMap {[224]=Oop [232]=Oop [240]=Oop }
                      ;*synchronization entry
                      ; - kotlin.jvm.internal.Intrinsics::sanitizeStackTrace@-1 (line 253)
                      ; - kotlin.jvm.internal.Intrinsics::throwParameterIsNullNPE@11 (line 140)
                      ; - kotlin.jvm.internal.Intrinsics::checkNotNullParameter@5 (line 131)
                      ; - org.jetbrains.skiko.context.Direct3DContextHandler::initCanvas@3
  0x0000024e1d673778: 4906 e99e 

  0x0000024e1d67377c: ;   {metadata({method} {0x0000024e34017e78} 'getName' '()Ljava/lang/String;' in 'java/lang/Class')}
  0x0000024e1d67377c: d0ff ff49 | ba70 7e01 | 344e 0200 | 004c 8954 | 2408 48c7 | 0424 ffff 

  0x0000024e1d673794: ;   {runtime_call counter_overflow Runtime1 stub}
  0x0000024e1d673794: ffff e8e5 

  0x0000024e1d673798: ; ImmutableOopMap {rdx=Oop [224]=Oop [232]=Oop [240]=Oop }
                      ;*synchronization entry
                      ; - java.lang.Class::getName@-1
                      ; - kotlin.jvm.internal.Intrinsics::sanitizeStackTrace@3 (line 253)
                      ; - kotlin.jvm.internal.Intrinsics::throwParameterIsNullNPE@11 (line 140)
                      ; - kotlin.jvm.internal.Intrinsics::checkNotNullParameter@5 (line 131)
                      ; - org.jetbrains.skiko.context.Direct3DContextHandler::initCanvas@3
  0x0000024e1d673798: 5949 06e9 | c3d0 ffff 

  0x0000024e1d6737a0: ;   {runtime_call throw_null_pointer_exception Runtime1 stub}
  0x0000024e1d6737a0: e85b 4d40 

  0x0000024e1d6737a4: ; ImmutableOopMap {[224]=Oop [232]=Oop [240]=Oop }
                      ;*getfield name {reexecute=1 rethrow=0 return_oop=0}
                      ; - (reexecute) java.lang.Class::getName@1
                      ; - kotlin.jvm.internal.Intrinsics::sanitizeStackTrace@3 (line 253)
                      ; - kotlin.jvm.internal.Intrinsics::throwParameterIsNullNPE@11 (line 140)
                      ; - kotlin.jvm.internal.Intrinsics::checkNotNullParameter@5 (line 131)
                      ; - org.jetbrains.skiko.context.Direct3DContextHandler::initCanvas@3
                      ;   {runtime_call throw_null_pointer_exception Runtime1 stub}
  0x0000024e1d6737a4: 06e8 564d 

  0x0000024e1d6737a8: ; ImmutableOopMap {rdx=Oop rsi=Oop r8=Oop [232]=Oop [240]=Oop [248]=Oop }
                      ;*invokevirtual getScaledLayerWidth {reexecute=0 rethrow=0 return_oop=0}
                      ; - org.jetbrains.skiko.context.Direct3DContextHandler::initCanvas@18 (line 39)
                      ;   {metadata({method} {0x0000024e34a14828} 'coerceAtLeast' '(II)I' in 'kotlin/ranges/RangesKt___RangesKt')}
  0x0000024e1d6737a8: 4006 49ba | 2048 a134 | 4e02 0000 | 4c89 5424 | 0848 c704 | 24ff ffff 

  0x0000024e1d6737c0: ;   {runtime_call counter_overflow Runtime1 stub}
  0x0000024e1d6737c0: ffe8 ba59 

  0x0000024e1d6737c4: ; ImmutableOopMap {rdx=Oop rsi=Oop r8=Oop [232]=Oop [240]=Oop [248]=Oop }
                      ;*synchronization entry
                      ; - kotlin.ranges.RangesKt___RangesKt::coerceAtLeast@-1 (line 1280)
                      ; - org.jetbrains.skiko.context.Direct3DContextHandler::initCanvas@22 (line 39)
  0x0000024e1d6737c4: 4906 e9d8 

  0x0000024e1d6737c8: ;   {metadata({method} {0x0000024e34a14828} 'coerceAtLeast' '(II)I' in 'kotlin/ranges/RangesKt___RangesKt')}
  0x0000024e1d6737c8: d1ff ff49 | ba20 48a1 | 344e 0200 | 004c 8954 | 2408 48c7 | 0424 ffff 

  0x0000024e1d6737e0: ;   {runtime_call counter_overflow Runtime1 stub}
  0x0000024e1d6737e0: ffff e899 

  0x0000024e1d6737e4: ; ImmutableOopMap {rdx=Oop rsi=Oop r8=Oop [232]=Oop [240]=Oop [248]=Oop }
                      ;*synchronization entry
                      ; - kotlin.ranges.RangesKt___RangesKt::coerceAtLeast@-1 (line 1280)
                      ; - org.jetbrains.skiko.context.Direct3DContextHandler::initCanvas@31 (line 40)
  0x0000024e1d6737e4: 5949 06e9 | 4dd2 ffff 

  0x0000024e1d6737ec: ;   {metadata({method} {0x0000024e35e2b538} 'isSizeChanged' '(II)Z' in 'org/jetbrains/skiko/context/Direct3DContextHandler')}
  0x0000024e1d6737ec: 49ba 30b5 | e235 4e02 | 0000 4c89 | 5424 0848 | c704 24ff 

  0x0000024e1d673800: ;   {runtime_call counter_overflow Runtime1 stub}
  0x0000024e1d673800: ffff ffe8 

  0x0000024e1d673804: ; ImmutableOopMap {rdx=Oop rsi=Oop r8=Oop [232]=Oop [240]=Oop [248]=Oop }
                      ;*synchronization entry
                      ; - org.jetbrains.skiko.context.Direct3DContextHandler::isSizeChanged@-1 (line 25)
                      ; - org.jetbrains.skiko.context.Direct3DContextHandler::initCanvas@40 (line 42)
  0x0000024e1d673804: 7859 4906 | e9ac d2ff 

  0x0000024e1d67380c: ;   {runtime_call throw_null_pointer_exception Runtime1 stub}
  0x0000024e1d67380c: ffe8 ee4c 

  0x0000024e1d673810: ; ImmutableOopMap {rsi=Oop [232]=Oop [240]=Oop [248]=Oop }
                      ;*invokevirtual flush {reexecute=0 rethrow=0 return_oop=0}
                      ; - org.jetbrains.skiko.context.Direct3DContextHandler::initCanvas@58 (line 44)
                      ;   {metadata({method} {0x0000024e367c3770} 'flush' '()Lorg/jetbrains/skia/DirectContext;' in 'org/jetbrains/skia/DirectContext')}
  0x0000024e1d673810: 4006 49ba | 6837 7c36 | 4e02 0000 | 4c89 5424 | 0848 c704 | 24ff ffff 

  0x0000024e1d673828: ;   {runtime_call counter_overflow Runtime1 stub}
  0x0000024e1d673828: ffe8 5259 

  0x0000024e1d67382c: ; ImmutableOopMap {rsi=Oop [232]=Oop [240]=Oop [248]=Oop }
                      ;*synchronization entry
                      ; - org.jetbrains.skia.DirectContext::flush@-1 (line 47)
                      ; - org.jetbrains.skiko.context.Direct3DContextHandler::initCanvas@58 (line 44)
  0x0000024e1d67382c: 4906 e908 

  0x0000024e1d673830: ;   {metadata({method} {0x0000024e367ca7a0} 'access$DirectContext_nFlushDefault' '(J)V' in 'org/jetbrains/skia/DirectContextKt')}
  0x0000024e1d673830: d4ff ff49 | ba98 a77c | 364e 0200 | 004c 8954 | 2408 48c7 | 0424 ffff 

  0x0000024e1d673848: ;   {runtime_call counter_overflow Runtime1 stub}
  0x0000024e1d673848: ffff e831 

  0x0000024e1d67384c: ; ImmutableOopMap {rsi=Oop [232]=Oop [240]=Oop [248]=Oop }
                      ;*synchronization entry
                      ; - org.jetbrains.skia.DirectContextKt::access$DirectContext_nFlushDefault@-1
                      ; - org.jetbrains.skia.DirectContext::flush@10 (line 48)
                      ; - org.jetbrains.skiko.context.Direct3DContextHandler::initCanvas@58 (line 44)
  0x0000024e1d67384c: 5949 06e9 | 77d4 ffff 

  0x0000024e1d673854: ;   {metadata({method} {0x0000024e35e2b378} 'getDirectXRedrawer' '()Lorg/jetbrains/skiko/redrawer/Direct3DRedrawer;' in 'org/jetbrains/skiko/context/Direct3DContextHandler')}
  0x0000024e1d673854: 49ba 70b3 | e235 4e02 | 0000 4c89 | 5424 0848 | c704 24ff 

  0x0000024e1d673868: ;   {runtime_call counter_overflow Runtime1 stub}
  0x0000024e1d673868: ffff ffe8 

  0x0000024e1d67386c: ; ImmutableOopMap {[232]=Oop [240]=Oop [248]=Oop }
                      ;*synchronization entry
                      ; - org.jetbrains.skiko.context.Direct3DContextHandler::getDirectXRedrawer@-1 (line 18)
                      ; - org.jetbrains.skiko.context.Direct3DContextHandler::initCanvas@63 (line 46)
  0x0000024e1d67386c: 1059 4906 | e9b8 d4ff 

  0x0000024e1d673874: ;   {runtime_call throw_null_pointer_exception Runtime1 stub}
  0x0000024e1d673874: ffe8 864c 

  0x0000024e1d673878: ; ImmutableOopMap {rdx=Oop rsi=Oop [232]=Oop [240]=Oop [248]=Oop }
                      ;*invokevirtual getRedrawer$skiko {reexecute=0 rethrow=0 return_oop=0}
                      ; - org.jetbrains.skiko.context.Direct3DContextHandler::getDirectXRedrawer@4 (line 18)
                      ; - org.jetbrains.skiko.context.Direct3DContextHandler::initCanvas@63 (line 46)
                      ;   {metadata({method} {0x0000024e35888798} 'getRedrawer$skiko' '()Lorg/jetbrains/skiko/redrawer/Redrawer;' in 'org/jetbrains/skiko/SkiaLayer')}
  0x0000024e1d673878: 4006 49ba | 9087 8835 | 4e02 0000 | 4c89 5424 | 0848 c704 | 24ff ffff 

  0x0000024e1d673890: ;   {runtime_call counter_overflow Runtime1 stub}
  0x0000024e1d673890: ffe8 ea58 

  0x0000024e1d673894: ; ImmutableOopMap {rdx=Oop rsi=Oop [232]=Oop [240]=Oop [248]=Oop }
                      ;*synchronization entry
                      ; - org.jetbrains.skiko.SkiaLayer::getRedrawer$skiko@-1 (line 356)
                      ; - org.jetbrains.skiko.context.Direct3DContextHandler::getDirectXRedrawer@4 (line 18)
                      ; - org.jetbrains.skiko.context.Direct3DContextHandler::initCanvas@63 (line 46)
  0x0000024e1d673894: 4906 e9f9 

  0x0000024e1d673898: ;   {runtime_call throw_null_pointer_exception Runtime1 stub}
  0x0000024e1d673898: d4ff ffe8 

  0x0000024e1d67389c: ; ImmutableOopMap {rdx=Oop rsi=Oop [232]=Oop [240]=Oop [248]=Oop }
                      ;*invokevirtual getRedrawer {reexecute=0 rethrow=0 return_oop=0}
                      ; - org.jetbrains.skiko.SkiaLayer::getRedrawer$skiko@4 (line 356)
                      ; - org.jetbrains.skiko.context.Direct3DContextHandler::getDirectXRedrawer@4 (line 18)
                      ; - org.jetbrains.skiko.context.Direct3DContextHandler::initCanvas@63 (line 46)
  0x0000024e1d67389c: 604c 4006 | 4889 3424 

  0x0000024e1d6738a4: ;   {runtime_call throw_class_cast_exception Runtime1 stub}
  0x0000024e1d6738a4: e8d7 8249 

  0x0000024e1d6738a8: ; ImmutableOopMap {rdx=Oop [232]=Oop [240]=Oop [248]=Oop }
                      ;*checkcast {reexecute=0 rethrow=0 return_oop=0}
                      ; - org.jetbrains.skiko.SkiaLayer::getRedrawer$skiko@7 (line 356)
                      ; - org.jetbrains.skiko.context.Direct3DContextHandler::getDirectXRedrawer@4 (line 18)
                      ; - org.jetbrains.skiko.context.Direct3DContextHandler::initCanvas@63 (line 46)
                      ;   {metadata({method} {0x0000024e34704bc0} 'checkNotNull' '(Ljava/lang/Object;)V' in 'kotlin/jvm/internal/Intrinsics')}
  0x0000024e1d6738a8: 0649 bab8 | 4b70 344e | 0200 004c | 8954 2408 | 48c7 0424 | ffff ffff 

  0x0000024e1d6738c0: ;   {runtime_call counter_overflow Runtime1 stub}
  0x0000024e1d6738c0: e8bb 5849 

  0x0000024e1d6738c4: ; ImmutableOopMap {rdx=Oop rbx=Oop [232]=Oop [240]=Oop [248]=Oop [264]=Oop }
                      ;*synchronization entry
                      ; - kotlin.jvm.internal.Intrinsics::checkNotNull@-1 (line 24)
                      ; - org.jetbrains.skiko.context.Direct3DContextHandler::getDirectXRedrawer@8 (line 18)
                      ; - org.jetbrains.skiko.context.Direct3DContextHandler::initCanvas@63 (line 46)
  0x0000024e1d6738c4: 06e9 39d6 

  0x0000024e1d6738c8: ;   {metadata({method} {0x0000024e34704f08} 'throwJavaNpe' '()V' in 'kotlin/jvm/internal/Intrinsics')}
  0x0000024e1d6738c8: ffff 49ba | 004f 7034 | 4e02 0000 | 4c89 5424 | 0848 c704 | 24ff ffff 

  0x0000024e1d6738e0: ;   {runtime_call counter_overflow Runtime1 stub}
  0x0000024e1d6738e0: ffe8 9a58 

  0x0000024e1d6738e4: ; ImmutableOopMap {[232]=Oop [240]=Oop [248]=Oop [264]=Oop }
                      ;*synchronization entry
                      ; - kotlin.jvm.internal.Intrinsics::throwJavaNpe@-1 (line 45)
                      ; - kotlin.jvm.internal.Intrinsics::checkNotNull@4 (line 25)
                      ; - org.jetbrains.skiko.context.Direct3DContextHandler::getDirectXRedrawer@8 (line 18)
                      ; - org.jetbrains.skiko.context.Direct3DContextHandler::initCanvas@63 (line 46)
  0x0000024e1d6738e4: 4906 e980 

  0x0000024e1d6738e8: ;   {metadata(nullptr)}
  0x0000024e1d6738e8: d6ff ff48 | ba00 0000 | 0000 0000 | 00b8 000f 

  0x0000024e1d6738f8: ;   {runtime_call load_klass_patching Runtime1 stub}
  0x0000024e1d6738f8: 050a e801 

  0x0000024e1d6738fc: ; ImmutableOopMap {[232]=Oop [240]=Oop [248]=Oop [264]=Oop }
                      ;*new {reexecute=1 rethrow=0 return_oop=0}
                      ; - (reexecute) kotlin.jvm.internal.Intrinsics::throwJavaNpe@0 (line 45)
                      ; - kotlin.jvm.internal.Intrinsics::checkNotNull@4 (line 25)
                      ; - org.jetbrains.skiko.context.Direct3DContextHandler::getDirectXRedrawer@8 (line 18)
                      ; - org.jetbrains.skiko.context.Direct3DContextHandler::initCanvas@63 (line 46)
  0x0000024e1d6738fc: 5240 06e9 | 6cd6 ffff 

  0x0000024e1d673904: ;   {runtime_call fast_new_instance Runtime1 stub}
  0x0000024e1d673904: 488b d2e8 

  0x0000024e1d673908: ; ImmutableOopMap {[232]=Oop [240]=Oop [248]=Oop [264]=Oop }
                      ;*new {reexecute=0 rethrow=0 return_oop=0}
                      ; - kotlin.jvm.internal.Intrinsics::throwJavaNpe@0 (line 45)
                      ; - kotlin.jvm.internal.Intrinsics::checkNotNull@4 (line 25)
                      ; - org.jetbrains.skiko.context.Direct3DContextHandler::getDirectXRedrawer@8 (line 18)
                      ; - org.jetbrains.skiko.context.Direct3DContextHandler::initCanvas@63 (line 46)
  0x0000024e1d673908: 7467 4906 | e9bb d6ff 

  0x0000024e1d673910: ;   {metadata({method} {0x0000024e347070f0} 'sanitizeStackTrace' '(Ljava/lang/Throwable;)Ljava/lang/Throwable;' in 'kotlin/jvm/internal/Intrinsics')}
  0x0000024e1d673910: ff49 bae8 | 7070 344e | 0200 004c | 8954 2408 | 48c7 0424 | ffff ffff 

  0x0000024e1d673928: ;   {runtime_call counter_overflow Runtime1 stub}
  0x0000024e1d673928: e853 5849 

  0x0000024e1d67392c: ; ImmutableOopMap {[232]=Oop [240]=Oop [248]=Oop [264]=Oop [272]=Oop }
                      ;*synchronization entry
                      ; - kotlin.jvm.internal.Intrinsics::sanitizeStackTrace@-1 (line 253)
                      ; - kotlin.jvm.internal.Intrinsics::throwJavaNpe@7 (line 45)
                      ; - kotlin.jvm.internal.Intrinsics::checkNotNull@4 (line 25)
                      ; - org.jetbrains.skiko.context.Direct3DContextHandler::getDirectXRedrawer@8 (line 18)
                      ; - org.jetbrains.skiko.context.Direct3DContextHandler::initCanvas@63 (line 46)
  0x0000024e1d67392c: 06e9 03d7 

  0x0000024e1d673930: ;   {metadata({method} {0x0000024e34017e78} 'getName' '()Ljava/lang/String;' in 'java/lang/Class')}
  0x0000024e1d673930: ffff 49ba | 707e 0134 | 4e02 0000 | 4c89 5424 | 0848 c704 | 24ff ffff 

  0x0000024e1d673948: ;   {runtime_call counter_overflow Runtime1 stub}
  0x0000024e1d673948: ffe8 3258 

  0x0000024e1d67394c: ; ImmutableOopMap {rdx=Oop [232]=Oop [240]=Oop [248]=Oop [264]=Oop [272]=Oop }
                      ;*synchronization entry
                      ; - java.lang.Class::getName@-1
                      ; - kotlin.jvm.internal.Intrinsics::sanitizeStackTrace@3 (line 253)
                      ; - kotlin.jvm.internal.Intrinsics::throwJavaNpe@7 (line 45)
                      ; - kotlin.jvm.internal.Intrinsics::checkNotNull@4 (line 25)
                      ; - org.jetbrains.skiko.context.Direct3DContextHandler::getDirectXRedrawer@8 (line 18)
                      ; - org.jetbrains.skiko.context.Direct3DContextHandler::initCanvas@63 (line 46)
  0x0000024e1d67394c: 4906 e928 

  0x0000024e1d673950: ;   {runtime_call throw_null_pointer_exception Runtime1 stub}
  0x0000024e1d673950: d7ff ffe8 

  0x0000024e1d673954: ; ImmutableOopMap {[232]=Oop [240]=Oop [248]=Oop [264]=Oop [272]=Oop }
                      ;*getfield name {reexecute=1 rethrow=0 return_oop=0}
                      ; - (reexecute) java.lang.Class::getName@1
                      ; - kotlin.jvm.internal.Intrinsics::sanitizeStackTrace@3 (line 253)
                      ; - kotlin.jvm.internal.Intrinsics::throwJavaNpe@7 (line 45)
                      ; - kotlin.jvm.internal.Intrinsics::checkNotNull@4 (line 25)
                      ; - org.jetbrains.skiko.context.Direct3DContextHandler::getDirectXRedrawer@8 (line 18)
                      ; - org.jetbrains.skiko.context.Direct3DContextHandler::initCanvas@63 (line 46)
  0x0000024e1d673954: a84b 4006 | 4889 1c24 

  0x0000024e1d67395c: ;   {runtime_call throw_class_cast_exception Runtime1 stub}
  0x0000024e1d67395c: e81f 8249 

  0x0000024e1d673960: ; ImmutableOopMap {[232]=Oop [240]=Oop [248]=Oop }
                      ;*checkcast {reexecute=0 rethrow=0 return_oop=0}
                      ; - org.jetbrains.skiko.context.Direct3DContextHandler::getDirectXRedrawer@11 (line 18)
                      ; - org.jetbrains.skiko.context.Direct3DContextHandler::initCanvas@63 (line 46)
                      ;   {runtime_call throw_null_pointer_exception Runtime1 stub}
  0x0000024e1d673960: 06e8 9a4b 

  0x0000024e1d673964: ; ImmutableOopMap {rdx=Oop [232]=Oop [240]=Oop [248]=Oop }
                      ;*invokevirtual changeSize {reexecute=0 rethrow=0 return_oop=0}
                      ; - org.jetbrains.skiko.context.Direct3DContextHandler::initCanvas@69 (line 46)
  0x0000024e1d673964: 4006 488b 

  0x0000024e1d673968: ;   {runtime_call fast_new_instance Runtime1 stub}
  0x0000024e1d673968: d2e8 1267 

  0x0000024e1d67396c: ; ImmutableOopMap {r8=Oop [232]=Oop [240]=Oop [248]=Oop }
                      ;*new {reexecute=0 rethrow=0 return_oop=0}
                      ; - org.jetbrains.skiko.context.Direct3DContextHandler::initCanvas@75 (line 48)
  0x0000024e1d67396c: 4906 e920 

  0x0000024e1d673970: ;   {metadata({method} {0x0000024e367cb890} '<init>' '(ZLorg/jetbrains/skia/PixelGeometry;ILkotlin/jvm/internal/DefaultConstructorMarker;)V' in 'org/jetbrains/skia/SurfaceProps')}
  0x0000024e1d673970: d9ff ff49 | ba88 b87c | 364e 0200 | 004c 8954 | 2408 48c7 | 0424 ffff 

  0x0000024e1d673988: ;   {runtime_call counter_overflow Runtime1 stub}
  0x0000024e1d673988: ffff e8f1 

  0x0000024e1d67398c: ; ImmutableOopMap {rax=Oop r8=Oop [232]=Oop [248]=Oop [288]=Oop [296]=Oop }
                      ;*synchronization entry
                      ; - org.jetbrains.skia.SurfaceProps::<init>@-1 (line 3)
                      ; - org.jetbrains.skiko.context.Direct3DContextHandler::initCanvas@86 (line 48)
  0x0000024e1d67398c: 5749 06e9 | 68d9 ffff 

  0x0000024e1d673994: ;   {metadata({method} {0x0000024e367cb7c0} '<init>' '(ZLorg/jetbrains/skia/PixelGeometry;)V' in 'org/jetbrains/skia/SurfaceProps')}
  0x0000024e1d673994: 49ba b8b7 | 7c36 4e02 | 0000 4c89 | 5424 0848 | c704 24ff 

  0x0000024e1d6739a8: ;   {runtime_call counter_overflow Runtime1 stub}
  0x0000024e1d6739a8: ffff ffe8 

  0x0000024e1d6739ac: ; ImmutableOopMap {rax=Oop r8=Oop [232]=Oop [248]=Oop [288]=Oop [296]=Oop }
                      ;*synchronization entry
                      ; - org.jetbrains.skia.SurfaceProps::<init>@-1
                      ; - org.jetbrains.skia.SurfaceProps::<init>@21 (line 3)
                      ; - org.jetbrains.skiko.context.Direct3DContextHandler::initCanvas@86 (line 48)
  0x0000024e1d6739ac: d057 4906 | e9a3 d9ff 

  0x0000024e1d6739b4: ;   {metadata({method} {0x0000024e34705e00} 'checkNotNullParameter' '(Ljava/lang/Object;Ljava/lang/String;)V' in 'kotlin/jvm/internal/Intrinsics')}
  0x0000024e1d6739b4: ff49 baf8 | 5d70 344e | 0200 004c | 8954 2408 | 48c7 0424 | ffff ffff 

  0x0000024e1d6739cc: ;   {runtime_call counter_overflow Runtime1 stub}
  0x0000024e1d6739cc: e8af 5749 

  0x0000024e1d6739d0: ; ImmutableOopMap {rax=Oop r8=Oop [232]=Oop [248]=Oop [288]=Oop [296]=Oop }
                      ;*synchronization entry
                      ; - kotlin.jvm.internal.Intrinsics::checkNotNullParameter@-1 (line 130)
                      ; - org.jetbrains.skia.SurfaceProps::<init>@3
                      ; - org.jetbrains.skia.SurfaceProps::<init>@21 (line 3)
                      ; - org.jetbrains.skiko.context.Direct3DContextHandler::initCanvas@86 (line 48)
  0x0000024e1d6739d0: 06e9 bbd9 

  0x0000024e1d6739d4: ;   {metadata({method} {0x0000024e34706008} 'throwParameterIsNullNPE' '(Ljava/lang/String;)V' in 'kotlin/jvm/internal/Intrinsics')}
  0x0000024e1d6739d4: ffff 49ba | 0060 7034 | 4e02 0000 | 4c89 5424 | 0848 c704 | 24ff ffff 

  0x0000024e1d6739ec: ;   {runtime_call counter_overflow Runtime1 stub}
  0x0000024e1d6739ec: ffe8 8e57 

  0x0000024e1d6739f0: ; ImmutableOopMap {[232]=Oop [248]=Oop [288]=Oop [296]=Oop }
                      ;*synchronization entry
                      ; - kotlin.jvm.internal.Intrinsics::throwParameterIsNullNPE@-1 (line 140)
                      ; - kotlin.jvm.internal.Intrinsics::checkNotNullParameter@5 (line 131)
                      ; - org.jetbrains.skia.SurfaceProps::<init>@3
                      ; - org.jetbrains.skia.SurfaceProps::<init>@21 (line 3)
                      ; - org.jetbrains.skiko.context.Direct3DContextHandler::initCanvas@86 (line 48)
  0x0000024e1d6739f0: 4906 e902 

  0x0000024e1d6739f4: ;   {metadata(nullptr)}
  0x0000024e1d6739f4: daff ff48 | ba00 0000 | 0000 0000 | 00b8 000f 

  0x0000024e1d673a04: ;   {runtime_call load_klass_patching Runtime1 stub}
  0x0000024e1d673a04: 050a e8f5 

  0x0000024e1d673a08: ; ImmutableOopMap {[232]=Oop [248]=Oop [288]=Oop [296]=Oop }
                      ;*new {reexecute=1 rethrow=0 return_oop=0}
                      ; - (reexecute) kotlin.jvm.internal.Intrinsics::throwParameterIsNullNPE@0 (line 140)
                      ; - kotlin.jvm.internal.Intrinsics::checkNotNullParameter@5 (line 131)
                      ; - org.jetbrains.skia.SurfaceProps::<init>@3
                      ; - org.jetbrains.skia.SurfaceProps::<init>@21 (line 3)
                      ; - org.jetbrains.skiko.context.Direct3DContextHandler::initCanvas@86 (line 48)
  0x0000024e1d673a08: 5040 06e9 | f0d9 ffff 

  0x0000024e1d673a10: ;   {runtime_call fast_new_instance Runtime1 stub}
  0x0000024e1d673a10: 488b d2e8 

  0x0000024e1d673a14: ; ImmutableOopMap {[232]=Oop [248]=Oop [288]=Oop [296]=Oop }
                      ;*new {reexecute=0 rethrow=0 return_oop=0}
                      ; - kotlin.jvm.internal.Intrinsics::throwParameterIsNullNPE@0 (line 140)
                      ; - kotlin.jvm.internal.Intrinsics::checkNotNullParameter@5 (line 131)
                      ; - org.jetbrains.skia.SurfaceProps::<init>@3
                      ; - org.jetbrains.skia.SurfaceProps::<init>@21 (line 3)
                      ; - org.jetbrains.skiko.context.Direct3DContextHandler::initCanvas@86 (line 48)
  0x0000024e1d673a14: 6866 4906 | e93f daff 

  0x0000024e1d673a1c: ;   {metadata({method} {0x0000024e347070f0} 'sanitizeStackTrace' '(Ljava/lang/Throwable;)Ljava/lang/Throwable;' in 'kotlin/jvm/internal/Intrinsics')}
  0x0000024e1d673a1c: ff49 bae8 | 7070 344e | 0200 004c | 8954 2408 | 48c7 0424 | ffff ffff 

  0x0000024e1d673a34: ;   {runtime_call counter_overflow Runtime1 stub}
  0x0000024e1d673a34: e847 5749 

  0x0000024e1d673a38: ; ImmutableOopMap {[232]=Oop [248]=Oop [280]=Oop [288]=Oop [296]=Oop }
                      ;*synchronization entry
                      ; - kotlin.jvm.internal.Intrinsics::sanitizeStackTrace@-1 (line 253)
                      ; - kotlin.jvm.internal.Intrinsics::throwParameterIsNullNPE@11 (line 140)
                      ; - kotlin.jvm.internal.Intrinsics::checkNotNullParameter@5 (line 131)
                      ; - org.jetbrains.skia.SurfaceProps::<init>@3
                      ; - org.jetbrains.skia.SurfaceProps::<init>@21 (line 3)
                      ; - org.jetbrains.skiko.context.Direct3DContextHandler::initCanvas@86 (line 48)
  0x0000024e1d673a38: 06e9 c7da 

  0x0000024e1d673a3c: ;   {metadata({method} {0x0000024e34017e78} 'getName' '()Ljava/lang/String;' in 'java/lang/Class')}
  0x0000024e1d673a3c: ffff 49ba | 707e 0134 | 4e02 0000 | 4c89 5424 | 0848 c704 | 24ff ffff 

  0x0000024e1d673a54: ;   {runtime_call counter_overflow Runtime1 stub}
  0x0000024e1d673a54: ffe8 2657 

  0x0000024e1d673a58: ; ImmutableOopMap {rdx=Oop [232]=Oop [248]=Oop [280]=Oop [288]=Oop [296]=Oop }
                      ;*synchronization entry
                      ; - java.lang.Class::getName@-1
                      ; - kotlin.jvm.internal.Intrinsics::sanitizeStackTrace@3 (line 253)
                      ; - kotlin.jvm.internal.Intrinsics::throwParameterIsNullNPE@11 (line 140)
                      ; - kotlin.jvm.internal.Intrinsics::checkNotNullParameter@5 (line 131)
                      ; - org.jetbrains.skia.SurfaceProps::<init>@3
                      ; - org.jetbrains.skia.SurfaceProps::<init>@21 (line 3)
                      ; - org.jetbrains.skiko.context.Direct3DContextHandler::initCanvas@86 (line 48)
  0x0000024e1d673a58: 4906 e9ec 

  0x0000024e1d673a5c: ;   {runtime_call throw_null_pointer_exception Runtime1 stub}
  0x0000024e1d673a5c: daff ffe8 

  0x0000024e1d673a60: ; ImmutableOopMap {[232]=Oop [248]=Oop [280]=Oop [288]=Oop [296]=Oop }
                      ;*getfield name {reexecute=1 rethrow=0 return_oop=0}
                      ; - (reexecute) java.lang.Class::getName@1
                      ; - kotlin.jvm.internal.Intrinsics::sanitizeStackTrace@3 (line 253)
                      ; - kotlin.jvm.internal.Intrinsics::throwParameterIsNullNPE@11 (line 140)
                      ; - kotlin.jvm.internal.Intrinsics::checkNotNullParameter@5 (line 131)
                      ; - org.jetbrains.skia.SurfaceProps::<init>@3
                      ; - org.jetbrains.skia.SurfaceProps::<init>@21 (line 3)
                      ; - org.jetbrains.skiko.context.Direct3DContextHandler::initCanvas@86 (line 48)
  0x0000024e1d673a60: 9c4a 4006 

  0x0000024e1d673a64: ;   {metadata({method} {0x0000024e34000638} '<init>' '()V' in 'java/lang/Object')}
  0x0000024e1d673a64: 49ba 3006 | 0034 4e02 | 0000 4c89 | 5424 0848 | c704 24ff 

  0x0000024e1d673a78: ;   {runtime_call counter_overflow Runtime1 stub}
  0x0000024e1d673a78: ffff ffe8 

  0x0000024e1d673a7c: ; ImmutableOopMap {rax=Oop r8=Oop [232]=Oop [248]=Oop [288]=Oop [296]=Oop }
                      ;*synchronization entry
                      ; - java.lang.Object::<init>@-1
                      ; - org.jetbrains.skia.SurfaceProps::<init>@7 (line 3)
                      ; - org.jetbrains.skia.SurfaceProps::<init>@21 (line 3)
                      ; - org.jetbrains.skiko.context.Direct3DContextHandler::initCanvas@86 (line 48)
  0x0000024e1d673a7c: 0057 4906 | e995 dbff | ff44 8b48 | 1049 c1e1 | 0349 83f9 | 000f 8495 | dbff ff4c 

  0x0000024e1d673a98: ;   {runtime_call g1_pre_barrier_slow}
  0x0000024e1d673a98: 890c 24e8 | e050 4906 | e987 dbff | ff49 83f8 | 000f 849c | dbff ff48 

  0x0000024e1d673ab0: ;   {runtime_call g1_post_barrier_slow}
  0x0000024e1d673ab0: 8904 24e8 | c84d 4906 | e98e dbff 

  0x0000024e1d673abc: ;   {metadata({method} {0x0000024e35e2b378} 'getDirectXRedrawer' '()Lorg/jetbrains/skiko/redrawer/Direct3DRedrawer;' in 'org/jetbrains/skiko/context/Direct3DContextHandler')}
  0x0000024e1d673abc: ff49 ba70 | b3e2 354e | 0200 004c | 8954 2408 | 48c7 0424 | ffff ffff 

  0x0000024e1d673ad4: ;   {runtime_call counter_overflow Runtime1 stub}
  0x0000024e1d673ad4: e8a7 5649 

  0x0000024e1d673ad8: ; ImmutableOopMap {rax=Oop rdx=Oop rsi=Oop r14=Oop [232]=Oop [248]=Oop [288]=Oop [312]=Oop }
                      ;*synchronization entry
                      ; - org.jetbrains.skiko.context.Direct3DContextHandler::getDirectXRedrawer@-1 (line 18)
                      ; - org.jetbrains.skiko.context.Direct3DContextHandler::initCanvas@114 (line 50)
  0x0000024e1d673ad8: 06e9 2adc 

  0x0000024e1d673adc: ;   {runtime_call throw_null_pointer_exception Runtime1 stub}
  0x0000024e1d673adc: ffff e81d 

  0x0000024e1d673ae0: ; ImmutableOopMap {rax=Oop rdx=Oop rsi=Oop r14=Oop r8=Oop [232]=Oop [248]=Oop [288]=Oop [312]=Oop }
                      ;*invokevirtual getRedrawer$skiko {reexecute=0 rethrow=0 return_oop=0}
                      ; - org.jetbrains.skiko.context.Direct3DContextHandler::getDirectXRedrawer@4 (line 18)
                      ; - org.jetbrains.skiko.context.Direct3DContextHandler::initCanvas@114 (line 50)
                      ;   {metadata({method} {0x0000024e35888798} 'getRedrawer$skiko' '()Lorg/jetbrains/skiko/redrawer/Redrawer;' in 'org/jetbrains/skiko/SkiaLayer')}
  0x0000024e1d673ae0: 4a40 0649 | ba90 8788 | 354e 0200 | 004c 8954 | 2408 48c7 | 0424 ffff 

  0x0000024e1d673af8: ;   {runtime_call counter_overflow Runtime1 stub}
  0x0000024e1d673af8: ffff e881 

  0x0000024e1d673afc: ; ImmutableOopMap {rax=Oop rdx=Oop rsi=Oop r14=Oop r8=Oop [232]=Oop [248]=Oop [288]=Oop [312]=Oop }
                      ;*synchronization entry
                      ; - org.jetbrains.skiko.SkiaLayer::getRedrawer$skiko@-1 (line 356)
                      ; - org.jetbrains.skiko.context.Direct3DContextHandler::getDirectXRedrawer@4 (line 18)
                      ; - org.jetbrains.skiko.context.Direct3DContextHandler::initCanvas@114 (line 50)
  0x0000024e1d673afc: 5649 06e9 | 62dc ffff 

  0x0000024e1d673b04: ;   {runtime_call throw_null_pointer_exception Runtime1 stub}
  0x0000024e1d673b04: e8f7 4940 

  0x0000024e1d673b08: ; ImmutableOopMap {rax=Oop rdx=Oop rsi=Oop r14=Oop r8=Oop [232]=Oop [248]=Oop [288]=Oop [312]=Oop }
                      ;*invokevirtual getRedrawer {reexecute=0 rethrow=0 return_oop=0}
                      ; - org.jetbrains.skiko.SkiaLayer::getRedrawer$skiko@4 (line 356)
                      ; - org.jetbrains.skiko.context.Direct3DContextHandler::getDirectXRedrawer@4 (line 18)
                      ; - org.jetbrains.skiko.context.Direct3DContextHandler::initCanvas@114 (line 50)
  0x0000024e1d673b08: 064c 8904 

  0x0000024e1d673b0c: ;   {runtime_call throw_class_cast_exception Runtime1 stub}
  0x0000024e1d673b0c: 24e8 6e80 

  0x0000024e1d673b10: ; ImmutableOopMap {rax=Oop rdx=Oop rsi=Oop r14=Oop [232]=Oop [248]=Oop [288]=Oop [312]=Oop }
                      ;*checkcast {reexecute=0 rethrow=0 return_oop=0}
                      ; - org.jetbrains.skiko.SkiaLayer::getRedrawer$skiko@7 (line 356)
                      ; - org.jetbrains.skiko.context.Direct3DContextHandler::getDirectXRedrawer@4 (line 18)
                      ; - org.jetbrains.skiko.context.Direct3DContextHandler::initCanvas@114 (line 50)
                      ;   {metadata({method} {0x0000024e34704bc0} 'checkNotNull' '(Ljava/lang/Object;)V' in 'kotlin/jvm/internal/Intrinsics')}
  0x0000024e1d673b10: 4906 49ba | b84b 7034 | 4e02 0000 | 4c89 5424 | 0848 c704 | 24ff ffff 

  0x0000024e1d673b28: ;   {runtime_call counter_overflow Runtime1 stub}
  0x0000024e1d673b28: ffe8 5256 

  0x0000024e1d673b2c: ; ImmutableOopMap {rax=Oop rdx=Oop rsi=Oop r14=Oop r8=Oop [232]=Oop [248]=Oop [288]=Oop [312]=Oop }
                      ;*synchronization entry
                      ; - kotlin.jvm.internal.Intrinsics::checkNotNull@-1 (line 24)
                      ; - org.jetbrains.skiko.context.Direct3DContextHandler::getDirectXRedrawer@8 (line 18)
                      ; - org.jetbrains.skiko.context.Direct3DContextHandler::initCanvas@114 (line 50)
  0x0000024e1d673b2c: 4906 e99e | ddff ff4c 

  0x0000024e1d673b34: ;   {runtime_call throw_class_cast_exception Runtime1 stub}
  0x0000024e1d673b34: 8904 24e8 

  0x0000024e1d673b38: ; ImmutableOopMap {rax=Oop rdx=Oop rsi=Oop r14=Oop [232]=Oop [248]=Oop [288]=Oop [312]=Oop }
                      ;*checkcast {reexecute=0 rethrow=0 return_oop=0}
                      ; - org.jetbrains.skiko.context.Direct3DContextHandler::getDirectXRedrawer@11 (line 18)
                      ; - org.jetbrains.skiko.context.Direct3DContextHandler::initCanvas@114 (line 50)
  0x0000024e1d673b38: 4480 4906 

  0x0000024e1d673b3c: ;   {metadata({method} {0x0000024e35bc3500} 'getPtr' '(Lorg/jetbrains/skia/impl/Native;)J' in 'org/jetbrains/skia/impl/NativeKt')}
  0x0000024e1d673b3c: 49ba f834 | bc35 4e02 | 0000 4c89 | 5424 0848 | c704 24ff 

  0x0000024e1d673b50: ;   {runtime_call counter_overflow Runtime1 stub}
  0x0000024e1d673b50: ffff ffe8 

  0x0000024e1d673b54: ; ImmutableOopMap {rax=Oop rdx=Oop rsi=Oop r14=Oop r11=Oop [232]=Oop [248]=Oop [288]=Oop [312]=Oop }
                      ;*synchronization entry
                      ; - org.jetbrains.skia.impl.NativeKt::getPtr@-1 (line 22)
                      ; - org.jetbrains.skiko.context.Direct3DContextHandler::initCanvas@121 (line 51)
  0x0000024e1d673b54: 2856 4906 | e9ce deff 

  0x0000024e1d673b5c: ;   {metadata({method} {0x0000024e358d5ee0} 'getNullPointer' '()J' in 'org/jetbrains/skia/impl/Native$Companion')}
  0x0000024e1d673b5c: ff49 bad8 | 5e8d 354e | 0200 004c | 8954 2408 | 48c7 0424 | ffff ffff 

  0x0000024e1d673b74: ;   {runtime_call counter_overflow Runtime1 stub}
  0x0000024e1d673b74: e807 5649 

  0x0000024e1d673b78: ; ImmutableOopMap {rax=Oop rdx=Oop rsi=Oop r14=Oop r11=Oop [232]=Oop [248]=Oop [288]=Oop [312]=Oop }
                      ;*synchronization entry
                      ; - org.jetbrains.skia.impl.Native$Companion::getNullPointer@-1 (line 10)
                      ; - org.jetbrains.skia.impl.NativeKt::getPtr@15 (line 22)
                      ; - org.jetbrains.skiko.context.Direct3DContextHandler::initCanvas@121 (line 51)
  0x0000024e1d673b78: 06e9 53df 

  0x0000024e1d673b7c: ;   {runtime_call throw_null_pointer_exception Runtime1 stub}
  0x0000024e1d673b7c: ffff e87d 

  0x0000024e1d673b80: ; ImmutableOopMap {rax=Oop r11=Oop [232]=Oop [248]=Oop [288]=Oop [312]=Oop }
                      ;*invokevirtual makeSurface {reexecute=0 rethrow=0 return_oop=0}
                      ; - org.jetbrains.skiko.context.Direct3DContextHandler::initCanvas@131 (line 50)
                      ;   {runtime_call throw_null_pointer_exception Runtime1 stub}
  0x0000024e1d673b80: 4940 06e8 

  0x0000024e1d673b84: ; ImmutableOopMap {rax=Oop r14=Oop [232]=Oop [248]=Oop [288]=Oop [312]=Oop }
                      ;*aastore {reexecute=1 rethrow=0 return_oop=0}
                      ; - (reexecute) org.jetbrains.skiko.context.Direct3DContextHandler::initCanvas@134 (line 50)
  0x0000024e1d673b84: 7849 4006 

  0x0000024e1d673b88: ;   {runtime_call throw_null_pointer_exception Runtime1 stub}
  0x0000024e1d673b88: e873 4940 

  0x0000024e1d673b8c: ; ImmutableOopMap {rax=Oop r14=Oop [232]=Oop [248]=Oop [288]=Oop [312]=Oop }
                      ;*aastore {reexecute=1 rethrow=0 return_oop=0}
                      ; - (reexecute) org.jetbrains.skiko.context.Direct3DContextHandler::initCanvas@134 (line 50)
  0x0000024e1d673b8c: 064c 891c | 244c 8974 

  0x0000024e1d673b94: ;   {runtime_call throw_range_check_failed Runtime1 stub}
  0x0000024e1d673b94: 2408 e8e5 

  0x0000024e1d673b98: ; ImmutableOopMap {rax=Oop r14=Oop [232]=Oop [248]=Oop [288]=Oop [312]=Oop }
                      ;*aastore {reexecute=1 rethrow=0 return_oop=0}
                      ; - (reexecute) org.jetbrains.skiko.context.Direct3DContextHandler::initCanvas@134 (line 50)
                      ;   {runtime_call throw_null_pointer_exception Runtime1 stub}
  0x0000024e1d673b98: 6c40 06e8 

  0x0000024e1d673b9c: ; ImmutableOopMap {rax=Oop r14=Oop [232]=Oop [248]=Oop [288]=Oop [312]=Oop }
                      ;*aastore {reexecute=1 rethrow=0 return_oop=0}
                      ; - (reexecute) org.jetbrains.skiko.context.Direct3DContextHandler::initCanvas@134 (line 50)
  0x0000024e1d673b9c: 6049 4006 | 4889 0424 

  0x0000024e1d673ba4: ;   {runtime_call throw_array_store_exception Runtime1 stub}
  0x0000024e1d673ba4: e8d7 7c49 

  0x0000024e1d673ba8: ; ImmutableOopMap {rax=Oop r14=Oop [232]=Oop [248]=Oop [288]=Oop [312]=Oop }
                      ;*aastore {reexecute=1 rethrow=0 return_oop=0}
                      ; - (reexecute) org.jetbrains.skiko.context.Direct3DContextHandler::initCanvas@134 (line 50)
  0x0000024e1d673ba8: 068b 3248 | c1e6 0348 | 83fe 000f | 84c6 e0ff | ff48 8934 

  0x0000024e1d673bbc: ;   {runtime_call g1_pre_barrier_slow}
  0x0000024e1d673bbc: 24e8 be4f | 4906 e9b8 | e0ff ff48 | 83f8 000f | 84cc e0ff | ff48 8914 

  0x0000024e1d673bd4: ;   {runtime_call g1_post_barrier_slow}
  0x0000024e1d673bd4: 24e8 a64c | 4906 e9be 

  0x0000024e1d673bdc: ;   {metadata({method} {0x0000024e35e2b758} 'initCanvas' '(Lorg/jetbrains/skiko/LayerDrawScope;)V' in 'org/jetbrains/skiko/context/Direct3DContextHandler')}
  0x0000024e1d673bdc: e0ff ff49 | ba50 b7e2 | 354e 0200 | 004c 8954 | 2408 48c7 | 0424 8a00 

  0x0000024e1d673bf4: ;   {runtime_call counter_overflow Runtime1 stub}
  0x0000024e1d673bf4: 0000 e885 

  0x0000024e1d673bf8: ; ImmutableOopMap {[232]=Oop [248]=Oop [288]=Oop }
                      ;*goto {reexecute=1 rethrow=0 return_oop=0}
                      ; - (reexecute) org.jetbrains.skiko.context.Direct3DContextHandler::initCanvas@138 (line 49)
  0x0000024e1d673bf8: 5549 06e9 | c7e0 ffff 

  0x0000024e1d673c00: ;   {metadata({method} {0x0000024e34704f08} 'throwJavaNpe' '()V' in 'kotlin/jvm/internal/Intrinsics')}
  0x0000024e1d673c00: 49ba 004f | 7034 4e02 | 0000 4c89 | 5424 0848 | c704 24ff 

  0x0000024e1d673c14: ;   {runtime_call counter_overflow Runtime1 stub}
  0x0000024e1d673c14: ffff ffe8 

  0x0000024e1d673c18: ; ImmutableOopMap {[232]=Oop [248]=Oop [288]=Oop [312]=Oop [344]=Oop }
                      ;*synchronization entry
                      ; - kotlin.jvm.internal.Intrinsics::throwJavaNpe@-1 (line 45)
                      ; - kotlin.jvm.internal.Intrinsics::checkNotNull@4 (line 25)
                      ; - org.jetbrains.skiko.context.Direct3DContextHandler::getDirectXRedrawer@8 (line 18)
                      ; - org.jetbrains.skiko.context.Direct3DContextHandler::initCanvas@114 (line 50)
  0x0000024e1d673c18: 6455 4906 | e943 e1ff 

  0x0000024e1d673c20: ;   {metadata(nullptr)}
  0x0000024e1d673c20: ff48 ba00 | 0000 0000 | 0000 00b8 | 000f 050a 

  0x0000024e1d673c30: ;   {runtime_call load_klass_patching Runtime1 stub}
  0x0000024e1d673c30: e8cb 4e40 

  0x0000024e1d673c34: ; ImmutableOopMap {[232]=Oop [248]=Oop [288]=Oop [312]=Oop [344]=Oop }
                      ;*new {reexecute=1 rethrow=0 return_oop=0}
                      ; - (reexecute) kotlin.jvm.internal.Intrinsics::throwJavaNpe@0 (line 45)
                      ; - kotlin.jvm.internal.Intrinsics::checkNotNull@4 (line 25)
                      ; - org.jetbrains.skiko.context.Direct3DContextHandler::getDirectXRedrawer@8 (line 18)
                      ; - org.jetbrains.skiko.context.Direct3DContextHandler::initCanvas@114 (line 50)
  0x0000024e1d673c34: 06e9 2ee1 | ffff 488b 

  0x0000024e1d673c3c: ;   {runtime_call fast_new_instance Runtime1 stub}
  0x0000024e1d673c3c: d2e8 3e64 

  0x0000024e1d673c40: ; ImmutableOopMap {[232]=Oop [248]=Oop [288]=Oop [312]=Oop [344]=Oop }
                      ;*new {reexecute=0 rethrow=0 return_oop=0}
                      ; - kotlin.jvm.internal.Intrinsics::throwJavaNpe@0 (line 45)
                      ; - kotlin.jvm.internal.Intrinsics::checkNotNull@4 (line 25)
                      ; - org.jetbrains.skiko.context.Direct3DContextHandler::getDirectXRedrawer@8 (line 18)
                      ; - org.jetbrains.skiko.context.Direct3DContextHandler::initCanvas@114 (line 50)
  0x0000024e1d673c40: 4906 e97d 

  0x0000024e1d673c44: ;   {metadata({method} {0x0000024e347070f0} 'sanitizeStackTrace' '(Ljava/lang/Throwable;)Ljava/lang/Throwable;' in 'kotlin/jvm/internal/Intrinsics')}
  0x0000024e1d673c44: e1ff ff49 | bae8 7070 | 344e 0200 | 004c 8954 | 2408 48c7 | 0424 ffff 

  0x0000024e1d673c5c: ;   {runtime_call counter_overflow Runtime1 stub}
  0x0000024e1d673c5c: ffff e81d 

  0x0000024e1d673c60: ; ImmutableOopMap {[232]=Oop [248]=Oop [288]=Oop [312]=Oop [336]=Oop [344]=Oop }
                      ;*synchronization entry
                      ; - kotlin.jvm.internal.Intrinsics::sanitizeStackTrace@-1 (line 253)
                      ; - kotlin.jvm.internal.Intrinsics::throwJavaNpe@7 (line 45)
                      ; - kotlin.jvm.internal.Intrinsics::checkNotNull@4 (line 25)
                      ; - org.jetbrains.skiko.context.Direct3DContextHandler::getDirectXRedrawer@8 (line 18)
                      ; - org.jetbrains.skiko.context.Direct3DContextHandler::initCanvas@114 (line 50)
  0x0000024e1d673c60: 5549 06e9 | c5e1 ffff 

  0x0000024e1d673c68: ;   {metadata({method} {0x0000024e34017e78} 'getName' '()Ljava/lang/String;' in 'java/lang/Class')}
  0x0000024e1d673c68: 49ba 707e | 0134 4e02 | 0000 4c89 | 5424 0848 | c704 24ff 

  0x0000024e1d673c7c: ;   {runtime_call counter_overflow Runtime1 stub}
  0x0000024e1d673c7c: ffff ffe8 

  0x0000024e1d673c80: ; ImmutableOopMap {rdx=Oop [232]=Oop [248]=Oop [288]=Oop [312]=Oop [336]=Oop [344]=Oop }
                      ;*synchronization entry
                      ; - java.lang.Class::getName@-1
                      ; - kotlin.jvm.internal.Intrinsics::sanitizeStackTrace@3 (line 253)
                      ; - kotlin.jvm.internal.Intrinsics::throwJavaNpe@7 (line 45)
                      ; - kotlin.jvm.internal.Intrinsics::checkNotNull@4 (line 25)
                      ; - org.jetbrains.skiko.context.Direct3DContextHandler::getDirectXRedrawer@8 (line 18)
                      ; - org.jetbrains.skiko.context.Direct3DContextHandler::initCanvas@114 (line 50)
  0x0000024e1d673c80: fc54 4906 | e9ea e1ff 

  0x0000024e1d673c88: ;   {runtime_call throw_null_pointer_exception Runtime1 stub}
  0x0000024e1d673c88: ffe8 7248 

  0x0000024e1d673c8c: ; ImmutableOopMap {[232]=Oop [248]=Oop [288]=Oop [312]=Oop [336]=Oop [344]=Oop }
                      ;*getfield name {reexecute=1 rethrow=0 return_oop=0}
                      ; - (reexecute) java.lang.Class::getName@1
                      ; - kotlin.jvm.internal.Intrinsics::sanitizeStackTrace@3 (line 253)
                      ; - kotlin.jvm.internal.Intrinsics::throwJavaNpe@7 (line 45)
                      ; - kotlin.jvm.internal.Intrinsics::checkNotNull@4 (line 25)
                      ; - org.jetbrains.skiko.context.Direct3DContextHandler::getDirectXRedrawer@8 (line 18)
                      ; - org.jetbrains.skiko.context.Direct3DContextHandler::initCanvas@114 (line 50)
                      ;   {metadata({method} {0x0000024e34043338} 'reachabilityFence' '(Ljava/lang/Object;)V' in 'java/lang/ref/Reference')}
  0x0000024e1d673c8c: 4006 49ba | 3033 0434 | 4e02 0000 | 4c89 5424 | 0848 c704 | 24ff ffff 

  0x0000024e1d673ca4: ;   {runtime_call counter_overflow Runtime1 stub}
  0x0000024e1d673ca4: ffe8 d654 

  0x0000024e1d673ca8: ; ImmutableOopMap {[232]=Oop }
                      ;*synchronization entry
                      ; - java.lang.ref.Reference::reachabilityFence@-1
                      ; - org.jetbrains.skiko.context.Direct3DContextHandler::initCanvas@142 (line 59)
  0x0000024e1d673ca8: 4906 e98e 

  0x0000024e1d673cac: ;   {metadata({method} {0x0000024e35e2b378} 'getDirectXRedrawer' '()Lorg/jetbrains/skiko/redrawer/Direct3DRedrawer;' in 'org/jetbrains/skiko/context/Direct3DContextHandler')}
  0x0000024e1d673cac: e2ff ff49 | ba70 b3e2 | 354e 0200 | 004c 8954 | 2408 48c7 | 0424 ffff 

  0x0000024e1d673cc4: ;   {runtime_call counter_overflow Runtime1 stub}
  0x0000024e1d673cc4: ffff e8b5 

  0x0000024e1d673cc8: ; ImmutableOopMap {rdx=Oop [232]=Oop }
                      ;*synchronization entry
                      ; - org.jetbrains.skiko.context.Direct3DContextHandler::getDirectXRedrawer@-1 (line 18)
                      ; - org.jetbrains.skiko.context.Direct3DContextHandler::initCanvas@163 (line 63)
  0x0000024e1d673cc8: 5449 06e9 | f6e2 ffff 

  0x0000024e1d673cd0: ;   {runtime_call throw_null_pointer_exception Runtime1 stub}
  0x0000024e1d673cd0: e82b 4840 

  0x0000024e1d673cd4: ; ImmutableOopMap {rdx=Oop rsi=Oop [232]=Oop }
                      ;*invokevirtual getRedrawer$skiko {reexecute=0 rethrow=0 return_oop=0}
                      ; - org.jetbrains.skiko.context.Direct3DContextHandler::getDirectXRedrawer@4 (line 18)
                      ; - org.jetbrains.skiko.context.Direct3DContextHandler::initCanvas@163 (line 63)
                      ;   {metadata({method} {0x0000024e35888798} 'getRedrawer$skiko' '()Lorg/jetbrains/skiko/redrawer/Redrawer;' in 'org/jetbrains/skiko/SkiaLayer')}
  0x0000024e1d673cd4: 0649 ba90 | 8788 354e | 0200 004c | 8954 2408 | 48c7 0424 | ffff ffff 

  0x0000024e1d673cec: ;   {runtime_call counter_overflow Runtime1 stub}
  0x0000024e1d673cec: e88f 5449 

  0x0000024e1d673cf0: ; ImmutableOopMap {rdx=Oop rsi=Oop [232]=Oop }
                      ;*synchronization entry
                      ; - org.jetbrains.skiko.SkiaLayer::getRedrawer$skiko@-1 (line 356)
                      ; - org.jetbrains.skiko.context.Direct3DContextHandler::getDirectXRedrawer@4 (line 18)
                      ; - org.jetbrains.skiko.context.Direct3DContextHandler::initCanvas@163 (line 63)
  0x0000024e1d673cf0: 06e9 2ae3 

  0x0000024e1d673cf4: ;   {runtime_call throw_null_pointer_exception Runtime1 stub}
  0x0000024e1d673cf4: ffff e805 

  0x0000024e1d673cf8: ; ImmutableOopMap {rdx=Oop rsi=Oop [232]=Oop }
                      ;*invokevirtual getRedrawer {reexecute=0 rethrow=0 return_oop=0}
                      ; - org.jetbrains.skiko.SkiaLayer::getRedrawer$skiko@4 (line 356)
                      ; - org.jetbrains.skiko.context.Direct3DContextHandler::getDirectXRedrawer@4 (line 18)
                      ; - org.jetbrains.skiko.context.Direct3DContextHandler::initCanvas@163 (line 63)
  0x0000024e1d673cf8: 4840 0648 

  0x0000024e1d673cfc: ;   {runtime_call throw_class_cast_exception Runtime1 stub}
  0x0000024e1d673cfc: 8934 24e8 

  0x0000024e1d673d00: ; ImmutableOopMap {rdx=Oop [232]=Oop }
                      ;*checkcast {reexecute=0 rethrow=0 return_oop=0}
                      ; - org.jetbrains.skiko.SkiaLayer::getRedrawer$skiko@7 (line 356)
                      ; - org.jetbrains.skiko.context.Direct3DContextHandler::getDirectXRedrawer@4 (line 18)
                      ; - org.jetbrains.skiko.context.Direct3DContextHandler::initCanvas@163 (line 63)
  0x0000024e1d673d00: 7c7e 4906 

  0x0000024e1d673d04: ;   {metadata({method} {0x0000024e34704bc0} 'checkNotNull' '(Ljava/lang/Object;)V' in 'kotlin/jvm/internal/Intrinsics')}
  0x0000024e1d673d04: 49ba b84b | 7034 4e02 | 0000 4c89 | 5424 0848 | c704 24ff 

  0x0000024e1d673d18: ;   {runtime_call counter_overflow Runtime1 stub}
  0x0000024e1d673d18: ffff ffe8 

  0x0000024e1d673d1c: ; ImmutableOopMap {rdx=Oop rbx=Oop [232]=Oop [352]=Oop }
                      ;*synchronization entry
                      ; - kotlin.jvm.internal.Intrinsics::checkNotNull@-1 (line 24)
                      ; - org.jetbrains.skiko.context.Direct3DContextHandler::getDirectXRedrawer@8 (line 18)
                      ; - org.jetbrains.skiko.context.Direct3DContextHandler::initCanvas@163 (line 63)
  0x0000024e1d673d1c: 6054 4906 | e96a e4ff 

  0x0000024e1d673d24: ;   {metadata({method} {0x0000024e34704f08} 'throwJavaNpe' '()V' in 'kotlin/jvm/internal/Intrinsics')}
  0x0000024e1d673d24: ff49 ba00 | 4f70 344e | 0200 004c | 8954 2408 | 48c7 0424 | ffff ffff 

  0x0000024e1d673d3c: ;   {runtime_call counter_overflow Runtime1 stub}
  0x0000024e1d673d3c: e83f 5449 

  0x0000024e1d673d40: ; ImmutableOopMap {[232]=Oop [352]=Oop }
                      ;*synchronization entry
                      ; - kotlin.jvm.internal.Intrinsics::throwJavaNpe@-1 (line 45)
                      ; - kotlin.jvm.internal.Intrinsics::checkNotNull@4 (line 25)
                      ; - org.jetbrains.skiko.context.Direct3DContextHandler::getDirectXRedrawer@8 (line 18)
                      ; - org.jetbrains.skiko.context.Direct3DContextHandler::initCanvas@163 (line 63)
  0x0000024e1d673d40: 06e9 b1e4 

  0x0000024e1d673d44: ;   {metadata(nullptr)}
  0x0000024e1d673d44: ffff 48ba | 0000 0000 | 0000 0000 | b800 0f05 

  0x0000024e1d673d54: ;   {runtime_call load_klass_patching Runtime1 stub}
  0x0000024e1d673d54: 0ae8 a64d 

  0x0000024e1d673d58: ; ImmutableOopMap {[232]=Oop [352]=Oop }
                      ;*new {reexecute=1 rethrow=0 return_oop=0}
                      ; - (reexecute) kotlin.jvm.internal.Intrinsics::throwJavaNpe@0 (line 45)
                      ; - kotlin.jvm.internal.Intrinsics::checkNotNull@4 (line 25)
                      ; - org.jetbrains.skiko.context.Direct3DContextHandler::getDirectXRedrawer@8 (line 18)
                      ; - org.jetbrains.skiko.context.Direct3DContextHandler::initCanvas@163 (line 63)
  0x0000024e1d673d58: 4006 e999 | e4ff ff48 

  0x0000024e1d673d60: ;   {runtime_call fast_new_instance Runtime1 stub}
  0x0000024e1d673d60: 8bd2 e819 

  0x0000024e1d673d64: ; ImmutableOopMap {[232]=Oop [352]=Oop }
                      ;*new {reexecute=0 rethrow=0 return_oop=0}
                      ; - kotlin.jvm.internal.Intrinsics::throwJavaNpe@0 (line 45)
                      ; - kotlin.jvm.internal.Intrinsics::checkNotNull@4 (line 25)
                      ; - org.jetbrains.skiko.context.Direct3DContextHandler::getDirectXRedrawer@8 (line 18)
                      ; - org.jetbrains.skiko.context.Direct3DContextHandler::initCanvas@163 (line 63)
  0x0000024e1d673d64: 6349 06e9 | e8e4 ffff 

  0x0000024e1d673d6c: ;   {metadata({method} {0x0000024e347070f0} 'sanitizeStackTrace' '(Ljava/lang/Throwable;)Ljava/lang/Throwable;' in 'kotlin/jvm/internal/Intrinsics')}
  0x0000024e1d673d6c: 49ba e870 | 7034 4e02 | 0000 4c89 | 5424 0848 | c704 24ff 

  0x0000024e1d673d80: ;   {runtime_call counter_overflow Runtime1 stub}
  0x0000024e1d673d80: ffff ffe8 

  0x0000024e1d673d84: ; ImmutableOopMap {[232]=Oop [352]=Oop [360]=Oop }
                      ;*synchronization entry
                      ; - kotlin.jvm.internal.Intrinsics::sanitizeStackTrace@-1 (line 253)
                      ; - kotlin.jvm.internal.Intrinsics::throwJavaNpe@7 (line 45)
                      ; - kotlin.jvm.internal.Intrinsics::checkNotNull@4 (line 25)
                      ; - org.jetbrains.skiko.context.Direct3DContextHandler::getDirectXRedrawer@8 (line 18)
                      ; - org.jetbrains.skiko.context.Direct3DContextHandler::initCanvas@163 (line 63)
  0x0000024e1d673d84: f853 4906 | e930 e5ff 

  0x0000024e1d673d8c: ;   {metadata({method} {0x0000024e34017e78} 'getName' '()Ljava/lang/String;' in 'java/lang/Class')}
  0x0000024e1d673d8c: ff49 ba70 | 7e01 344e | 0200 004c | 8954 2408 | 48c7 0424 | ffff ffff 

  0x0000024e1d673da4: ;   {runtime_call counter_overflow Runtime1 stub}
  0x0000024e1d673da4: e8d7 5349 

  0x0000024e1d673da8: ; ImmutableOopMap {rdx=Oop [232]=Oop [352]=Oop [360]=Oop }
                      ;*synchronization entry
                      ; - java.lang.Class::getName@-1
                      ; - kotlin.jvm.internal.Intrinsics::sanitizeStackTrace@3 (line 253)
                      ; - kotlin.jvm.internal.Intrinsics::throwJavaNpe@7 (line 45)
                      ; - kotlin.jvm.internal.Intrinsics::checkNotNull@4 (line 25)
                      ; - org.jetbrains.skiko.context.Direct3DContextHandler::getDirectXRedrawer@8 (line 18)
                      ; - org.jetbrains.skiko.context.Direct3DContextHandler::initCanvas@163 (line 63)
  0x0000024e1d673da8: 06e9 55e5 

  0x0000024e1d673dac: ;   {runtime_call throw_null_pointer_exception Runtime1 stub}
  0x0000024e1d673dac: ffff e84d 

  0x0000024e1d673db0: ; ImmutableOopMap {[232]=Oop [352]=Oop [360]=Oop }
                      ;*getfield name {reexecute=1 rethrow=0 return_oop=0}
                      ; - (reexecute) java.lang.Class::getName@1
                      ; - kotlin.jvm.internal.Intrinsics::sanitizeStackTrace@3 (line 253)
                      ; - kotlin.jvm.internal.Intrinsics::throwJavaNpe@7 (line 45)
                      ; - kotlin.jvm.internal.Intrinsics::checkNotNull@4 (line 25)
                      ; - org.jetbrains.skiko.context.Direct3DContextHandler::getDirectXRedrawer@8 (line 18)
                      ; - org.jetbrains.skiko.context.Direct3DContextHandler::initCanvas@163 (line 63)
  0x0000024e1d673db0: 4740 0648 

  0x0000024e1d673db4: ;   {runtime_call throw_class_cast_exception Runtime1 stub}
  0x0000024e1d673db4: 891c 24e8 

  0x0000024e1d673db8: ; ImmutableOopMap {[232]=Oop }
                      ;*checkcast {reexecute=0 rethrow=0 return_oop=0}
                      ; - org.jetbrains.skiko.context.Direct3DContextHandler::getDirectXRedrawer@11 (line 18)
                      ; - org.jetbrains.skiko.context.Direct3DContextHandler::initCanvas@163 (line 63)
  0x0000024e1d673db8: c47d 4906 

  0x0000024e1d673dbc: ;   {runtime_call throw_null_pointer_exception Runtime1 stub}
  0x0000024e1d673dbc: e83f 4740 

  0x0000024e1d673dc0: ; ImmutableOopMap {rsi=Oop [232]=Oop }
                      ;*invokevirtual initFence {reexecute=0 rethrow=0 return_oop=0}
                      ; - org.jetbrains.skiko.context.Direct3DContextHandler::initCanvas@166 (line 63)
                      ;   {metadata({method} {0x0000024e35e23470} 'initFence' '()V' in 'org/jetbrains/skiko/redrawer/Direct3DRedrawer')}
  0x0000024e1d673dc0: 0649 ba68 | 34e2 354e | 0200 004c | 8954 2408 | 48c7 0424 | ffff ffff 

  0x0000024e1d673dd8: ;   {runtime_call counter_overflow Runtime1 stub}
  0x0000024e1d673dd8: e8a3 5349 

  0x0000024e1d673ddc: ; ImmutableOopMap {rsi=Oop [232]=Oop }
                      ;*synchronization entry
                      ; - org.jetbrains.skiko.redrawer.Direct3DRedrawer::initFence@-1 (line 126)
                      ; - org.jetbrains.skiko.context.Direct3DContextHandler::initCanvas@166 (line 63)
  0x0000024e1d673ddc: 06e9 dbe6 

  0x0000024e1d673de0: ;   {metadata({method} {0x0000024e35e2b378} 'getDirectXRedrawer' '()Lorg/jetbrains/skiko/redrawer/Direct3DRedrawer;' in 'org/jetbrains/skiko/context/Direct3DContextHandler')}
  0x0000024e1d673de0: ffff 49ba | 70b3 e235 | 4e02 0000 | 4c89 5424 | 0848 c704 | 24ff ffff 

  0x0000024e1d673df8: ;   {runtime_call counter_overflow Runtime1 stub}
  0x0000024e1d673df8: ffe8 8253 

  0x0000024e1d673dfc: ; ImmutableOopMap {rdx=Oop rbx=Oop [232]=Oop [384]=Oop }
                      ;*synchronization entry
                      ; - org.jetbrains.skiko.context.Direct3DContextHandler::getDirectXRedrawer@-1 (line 18)
                      ; - org.jetbrains.skiko.context.Direct3DContextHandler::initCanvas@175 (line 66)
  0x0000024e1d673dfc: 4906 e974 

  0x0000024e1d673e00: ;   {runtime_call throw_null_pointer_exception Runtime1 stub}
  0x0000024e1d673e00: e7ff ffe8 

  0x0000024e1d673e04: ; ImmutableOopMap {rdx=Oop rbx=Oop rsi=Oop [232]=Oop [384]=Oop }
                      ;*invokevirtual getRedrawer$skiko {reexecute=0 rethrow=0 return_oop=0}
                      ; - org.jetbrains.skiko.context.Direct3DContextHandler::getDirectXRedrawer@4 (line 18)
                      ; - org.jetbrains.skiko.context.Direct3DContextHandler::initCanvas@175 (line 66)
  0x0000024e1d673e04: f846 4006 

  0x0000024e1d673e08: ;   {metadata({method} {0x0000024e35888798} 'getRedrawer$skiko' '()Lorg/jetbrains/skiko/redrawer/Redrawer;' in 'org/jetbrains/skiko/SkiaLayer')}
  0x0000024e1d673e08: 49ba 9087 | 8835 4e02 | 0000 4c89 | 5424 0848 | c704 24ff 

  0x0000024e1d673e1c: ;   {runtime_call counter_overflow Runtime1 stub}
  0x0000024e1d673e1c: ffff ffe8 

  0x0000024e1d673e20: ; ImmutableOopMap {rdx=Oop rbx=Oop rsi=Oop [232]=Oop [384]=Oop }
                      ;*synchronization entry
                      ; - org.jetbrains.skiko.SkiaLayer::getRedrawer$skiko@-1 (line 356)
                      ; - org.jetbrains.skiko.context.Direct3DContextHandler::getDirectXRedrawer@4 (line 18)
                      ; - org.jetbrains.skiko.context.Direct3DContextHandler::initCanvas@175 (line 66)
  0x0000024e1d673e20: 5c53 4906 | e9a8 e7ff 

  0x0000024e1d673e28: ;   {runtime_call throw_null_pointer_exception Runtime1 stub}
  0x0000024e1d673e28: ffe8 d246 

  0x0000024e1d673e2c: ; ImmutableOopMap {rdx=Oop rbx=Oop rsi=Oop [232]=Oop [384]=Oop }
                      ;*invokevirtual getRedrawer {reexecute=0 rethrow=0 return_oop=0}
                      ; - org.jetbrains.skiko.SkiaLayer::getRedrawer$skiko@4 (line 356)
                      ; - org.jetbrains.skiko.context.Direct3DContextHandler::getDirectXRedrawer@4 (line 18)
                      ; - org.jetbrains.skiko.context.Direct3DContextHandler::initCanvas@175 (line 66)
  0x0000024e1d673e2c: 4006 4889 

  0x0000024e1d673e30: ;   {runtime_call throw_class_cast_exception Runtime1 stub}
  0x0000024e1d673e30: 3424 e849 

  0x0000024e1d673e34: ; ImmutableOopMap {rdx=Oop rbx=Oop [232]=Oop [384]=Oop }
                      ;*checkcast {reexecute=0 rethrow=0 return_oop=0}
                      ; - org.jetbrains.skiko.SkiaLayer::getRedrawer$skiko@7 (line 356)
                      ; - org.jetbrains.skiko.context.Direct3DContextHandler::getDirectXRedrawer@4 (line 18)
                      ; - org.jetbrains.skiko.context.Direct3DContextHandler::initCanvas@175 (line 66)
                      ;   {metadata({method} {0x0000024e34704bc0} 'checkNotNull' '(Ljava/lang/Object;)V' in 'kotlin/jvm/internal/Intrinsics')}
  0x0000024e1d673e34: 7d49 0649 | bab8 4b70 | 344e 0200 | 004c 8954 | 2408 48c7 | 0424 ffff 

  0x0000024e1d673e4c: ;   {runtime_call counter_overflow Runtime1 stub}
  0x0000024e1d673e4c: ffff e82d 

  0x0000024e1d673e50: ; ImmutableOopMap {rdx=Oop rbx=Oop r8=Oop [232]=Oop [376]=Oop [384]=Oop }
                      ;*synchronization entry
                      ; - kotlin.jvm.internal.Intrinsics::checkNotNull@-1 (line 24)
                      ; - org.jetbrains.skiko.context.Direct3DContextHandler::getDirectXRedrawer@8 (line 18)
                      ; - org.jetbrains.skiko.context.Direct3DContextHandler::initCanvas@175 (line 66)
  0x0000024e1d673e50: 5349 06e9 | e8e8 ffff 

  0x0000024e1d673e58: ;   {metadata({method} {0x0000024e34704f08} 'throwJavaNpe' '()V' in 'kotlin/jvm/internal/Intrinsics')}
  0x0000024e1d673e58: 49ba 004f | 7034 4e02 | 0000 4c89 | 5424 0848 | c704 24ff 

  0x0000024e1d673e6c: ;   {runtime_call counter_overflow Runtime1 stub}
  0x0000024e1d673e6c: ffff ffe8 

  0x0000024e1d673e70: ; ImmutableOopMap {[232]=Oop [376]=Oop [384]=Oop }
                      ;*synchronization entry
                      ; - kotlin.jvm.internal.Intrinsics::throwJavaNpe@-1 (line 45)
                      ; - kotlin.jvm.internal.Intrinsics::checkNotNull@4 (line 25)
                      ; - org.jetbrains.skiko.context.Direct3DContextHandler::getDirectXRedrawer@8 (line 18)
                      ; - org.jetbrains.skiko.context.Direct3DContextHandler::initCanvas@175 (line 66)
  0x0000024e1d673e70: 0c53 4906 | e92f e9ff 

  0x0000024e1d673e78: ;   {metadata(nullptr)}
  0x0000024e1d673e78: ff48 ba00 | 0000 0000 | 0000 00b8 | 000f 050a 

  0x0000024e1d673e88: ;   {runtime_call load_klass_patching Runtime1 stub}
  0x0000024e1d673e88: e873 4c40 

  0x0000024e1d673e8c: ; ImmutableOopMap {[232]=Oop [376]=Oop [384]=Oop }
                      ;*new {reexecute=1 rethrow=0 return_oop=0}
                      ; - (reexecute) kotlin.jvm.internal.Intrinsics::throwJavaNpe@0 (line 45)
                      ; - kotlin.jvm.internal.Intrinsics::checkNotNull@4 (line 25)
                      ; - org.jetbrains.skiko.context.Direct3DContextHandler::getDirectXRedrawer@8 (line 18)
                      ; - org.jetbrains.skiko.context.Direct3DContextHandler::initCanvas@175 (line 66)
  0x0000024e1d673e8c: 06e9 16e9 | ffff 488b 

  0x0000024e1d673e94: ;   {runtime_call fast_new_instance Runtime1 stub}
  0x0000024e1d673e94: d2e8 e661 

  0x0000024e1d673e98: ; ImmutableOopMap {[232]=Oop [376]=Oop [384]=Oop }
                      ;*new {reexecute=0 rethrow=0 return_oop=0}
                      ; - kotlin.jvm.internal.Intrinsics::throwJavaNpe@0 (line 45)
                      ; - kotlin.jvm.internal.Intrinsics::checkNotNull@4 (line 25)
                      ; - org.jetbrains.skiko.context.Direct3DContextHandler::getDirectXRedrawer@8 (line 18)
                      ; - org.jetbrains.skiko.context.Direct3DContextHandler::initCanvas@175 (line 66)
  0x0000024e1d673e98: 4906 e965 

  0x0000024e1d673e9c: ;   {metadata({method} {0x0000024e347070f0} 'sanitizeStackTrace' '(Ljava/lang/Throwable;)Ljava/lang/Throwable;' in 'kotlin/jvm/internal/Intrinsics')}
  0x0000024e1d673e9c: e9ff ff49 | bae8 7070 | 344e 0200 | 004c 8954 | 2408 48c7 | 0424 ffff 

  0x0000024e1d673eb4: ;   {runtime_call counter_overflow Runtime1 stub}
  0x0000024e1d673eb4: ffff e8c5 

  0x0000024e1d673eb8: ; ImmutableOopMap {[232]=Oop [376]=Oop [384]=Oop [392]=Oop }
                      ;*synchronization entry
                      ; - kotlin.jvm.internal.Intrinsics::sanitizeStackTrace@-1 (line 253)
                      ; - kotlin.jvm.internal.Intrinsics::throwJavaNpe@7 (line 45)
                      ; - kotlin.jvm.internal.Intrinsics::checkNotNull@4 (line 25)
                      ; - org.jetbrains.skiko.context.Direct3DContextHandler::getDirectXRedrawer@8 (line 18)
                      ; - org.jetbrains.skiko.context.Direct3DContextHandler::initCanvas@175 (line 66)
  0x0000024e1d673eb8: 5249 06e9 | ade9 ffff 

  0x0000024e1d673ec0: ;   {metadata({method} {0x0000024e34017e78} 'getName' '()Ljava/lang/String;' in 'java/lang/Class')}
  0x0000024e1d673ec0: 49ba 707e | 0134 4e02 | 0000 4c89 | 5424 0848 | c704 24ff 

  0x0000024e1d673ed4: ;   {runtime_call counter_overflow Runtime1 stub}
  0x0000024e1d673ed4: ffff ffe8 

  0x0000024e1d673ed8: ; ImmutableOopMap {rdx=Oop [232]=Oop [376]=Oop [384]=Oop [392]=Oop }
                      ;*synchronization entry
                      ; - java.lang.Class::getName@-1
                      ; - kotlin.jvm.internal.Intrinsics::sanitizeStackTrace@3 (line 253)
                      ; - kotlin.jvm.internal.Intrinsics::throwJavaNpe@7 (line 45)
                      ; - kotlin.jvm.internal.Intrinsics::checkNotNull@4 (line 25)
                      ; - org.jetbrains.skiko.context.Direct3DContextHandler::getDirectXRedrawer@8 (line 18)
                      ; - org.jetbrains.skiko.context.Direct3DContextHandler::initCanvas@175 (line 66)
  0x0000024e1d673ed8: a452 4906 | e9d2 e9ff 

  0x0000024e1d673ee0: ;   {runtime_call throw_null_pointer_exception Runtime1 stub}
  0x0000024e1d673ee0: ffe8 1a46 

  0x0000024e1d673ee4: ; ImmutableOopMap {[232]=Oop [376]=Oop [384]=Oop [392]=Oop }
                      ;*getfield name {reexecute=1 rethrow=0 return_oop=0}
                      ; - (reexecute) java.lang.Class::getName@1
                      ; - kotlin.jvm.internal.Intrinsics::sanitizeStackTrace@3 (line 253)
                      ; - kotlin.jvm.internal.Intrinsics::throwJavaNpe@7 (line 45)
                      ; - kotlin.jvm.internal.Intrinsics::checkNotNull@4 (line 25)
                      ; - org.jetbrains.skiko.context.Direct3DContextHandler::getDirectXRedrawer@8 (line 18)
                      ; - org.jetbrains.skiko.context.Direct3DContextHandler::initCanvas@175 (line 66)
  0x0000024e1d673ee4: 4006 4c89 

  0x0000024e1d673ee8: ;   {runtime_call throw_class_cast_exception Runtime1 stub}
  0x0000024e1d673ee8: 0424 e891 

  0x0000024e1d673eec: ; ImmutableOopMap {[232]=Oop [384]=Oop }
                      ;*checkcast {reexecute=0 rethrow=0 return_oop=0}
                      ; - org.jetbrains.skiko.context.Direct3DContextHandler::getDirectXRedrawer@11 (line 18)
                      ; - org.jetbrains.skiko.context.Direct3DContextHandler::initCanvas@175 (line 66)
                      ;   {runtime_call throw_null_pointer_exception Runtime1 stub}
  0x0000024e1d673eec: 7c49 06e8 

  0x0000024e1d673ef0: ; ImmutableOopMap {rsi=Oop [232]=Oop [384]=Oop }
                      ;*invokevirtual getBufferIndex {reexecute=0 rethrow=0 return_oop=0}
                      ; - org.jetbrains.skiko.context.Direct3DContextHandler::initCanvas@178 (line 66)
  0x0000024e1d673ef0: 0c46 4006 

  0x0000024e1d673ef4: ;   {metadata({method} {0x0000024e35e233a8} 'getBufferIndex' '()I' in 'org/jetbrains/skiko/redrawer/Direct3DRedrawer')}
  0x0000024e1d673ef4: 49ba a033 | e235 4e02 | 0000 4c89 | 5424 0848 | c704 24ff 

  0x0000024e1d673f08: ;   {runtime_call counter_overflow Runtime1 stub}
  0x0000024e1d673f08: ffff ffe8 

  0x0000024e1d673f0c: ; ImmutableOopMap {rsi=Oop [232]=Oop [384]=Oop }
                      ;*synchronization entry
                      ; - org.jetbrains.skiko.redrawer.Direct3DRedrawer::getBufferIndex@-1 (line 125)
                      ; - org.jetbrains.skiko.context.Direct3DContextHandler::initCanvas@178 (line 66)
  0x0000024e1d673f0c: 7052 4906 | e959 ebff 

  0x0000024e1d673f14: ;   {runtime_call throw_null_pointer_exception Runtime1 stub}
  0x0000024e1d673f14: ffe8 e645 

  0x0000024e1d673f18: ; ImmutableOopMap {rbx=Oop [232]=Oop [384]=Oop }
                      ;*aaload {reexecute=0 rethrow=0 return_oop=0}
                      ; - org.jetbrains.skiko.context.Direct3DContextHandler::initCanvas@181 (line 66)
                      ;   {runtime_call throw_null_pointer_exception Runtime1 stub}
  0x0000024e1d673f18: 4006 e8e1 

  0x0000024e1d673f1c: ; ImmutableOopMap {rbx=Oop [232]=Oop [384]=Oop }
                      ;*aaload {reexecute=0 rethrow=0 return_oop=0}
                      ; - org.jetbrains.skiko.context.Direct3DContextHandler::initCanvas@181 (line 66)
  0x0000024e1d673f1c: 4540 0648 | 8904 2448 | 895c 2408 

  0x0000024e1d673f28: ;   {runtime_call throw_range_check_failed Runtime1 stub}
  0x0000024e1d673f28: e853 6940 

  0x0000024e1d673f2c: ; ImmutableOopMap {rbx=Oop [232]=Oop [384]=Oop }
                      ;*aaload {reexecute=0 rethrow=0 return_oop=0}
                      ; - org.jetbrains.skiko.context.Direct3DContextHandler::initCanvas@181 (line 66)
  0x0000024e1d673f2c: 068b 721c | 48c1 e603 | 4883 fe00 | 0f84 e9eb | ffff 4889 

  0x0000024e1d673f40: ;   {runtime_call g1_pre_barrier_slow}
  0x0000024e1d673f40: 3424 e839 | 4c49 06e9 | dbeb ffff | 4883 fb00 | 0f84 f0eb | ffff 4889 

  0x0000024e1d673f58: ;   {runtime_call g1_post_barrier_slow}
  0x0000024e1d673f58: 1424 e821 | 4949 06e9 | e2eb ffff 

  0x0000024e1d673f64: ;   {metadata({method} {0x0000024e34704bc0} 'checkNotNull' '(Ljava/lang/Object;)V' in 'kotlin/jvm/internal/Intrinsics')}
  0x0000024e1d673f64: 49ba b84b | 7034 4e02 | 0000 4c89 | 5424 0848 | c704 24ff 

  0x0000024e1d673f78: ;   {runtime_call counter_overflow Runtime1 stub}
  0x0000024e1d673f78: ffff ffe8 

  0x0000024e1d673f7c: ; ImmutableOopMap {rbx=Oop rdx=Oop [232]=Oop [408]=Oop }
                      ;*synchronization entry
                      ; - kotlin.jvm.internal.Intrinsics::checkNotNull@-1 (line 24)
                      ; - org.jetbrains.skiko.context.Direct3DContextHandler::initCanvas@191 (line 67)
  0x0000024e1d673f7c: 0052 4906 | e90f ecff 

  0x0000024e1d673f84: ;   {metadata({method} {0x0000024e34704f08} 'throwJavaNpe' '()V' in 'kotlin/jvm/internal/Intrinsics')}
  0x0000024e1d673f84: ff49 ba00 | 4f70 344e | 0200 004c | 8954 2408 | 48c7 0424 | ffff ffff 

  0x0000024e1d673f9c: ;   {runtime_call counter_overflow Runtime1 stub}
  0x0000024e1d673f9c: e8df 5149 

  0x0000024e1d673fa0: ; ImmutableOopMap {[232]=Oop [408]=Oop }
                      ;*synchronization entry
                      ; - kotlin.jvm.internal.Intrinsics::throwJavaNpe@-1 (line 45)
                      ; - kotlin.jvm.internal.Intrinsics::checkNotNull@4 (line 25)
                      ; - org.jetbrains.skiko.context.Direct3DContextHandler::initCanvas@191 (line 67)
  0x0000024e1d673fa0: 06e9 56ec 

  0x0000024e1d673fa4: ;   {metadata(nullptr)}
  0x0000024e1d673fa4: ffff 48ba | 0000 0000 | 0000 0000 | b800 0f05 

  0x0000024e1d673fb4: ;   {runtime_call load_klass_patching Runtime1 stub}
  0x0000024e1d673fb4: 0ae8 464b 

  0x0000024e1d673fb8: ; ImmutableOopMap {[232]=Oop [408]=Oop }
                      ;*new {reexecute=1 rethrow=0 return_oop=0}
                      ; - (reexecute) kotlin.jvm.internal.Intrinsics::throwJavaNpe@0 (line 45)
                      ; - kotlin.jvm.internal.Intrinsics::checkNotNull@4 (line 25)
                      ; - org.jetbrains.skiko.context.Direct3DContextHandler::initCanvas@191 (line 67)
  0x0000024e1d673fb8: 4006 e941 | ecff ff48 

  0x0000024e1d673fc0: ;   {runtime_call fast_new_instance Runtime1 stub}
  0x0000024e1d673fc0: 8bd2 e8b9 

  0x0000024e1d673fc4: ; ImmutableOopMap {[232]=Oop [408]=Oop }
                      ;*new {reexecute=0 rethrow=0 return_oop=0}
                      ; - kotlin.jvm.internal.Intrinsics::throwJavaNpe@0 (line 45)
                      ; - kotlin.jvm.internal.Intrinsics::checkNotNull@4 (line 25)
                      ; - org.jetbrains.skiko.context.Direct3DContextHandler::initCanvas@191 (line 67)
  0x0000024e1d673fc4: 6049 06e9 | 90ec ffff 

  0x0000024e1d673fcc: ;   {metadata({method} {0x0000024e347070f0} 'sanitizeStackTrace' '(Ljava/lang/Throwable;)Ljava/lang/Throwable;' in 'kotlin/jvm/internal/Intrinsics')}
  0x0000024e1d673fcc: 49ba e870 | 7034 4e02 | 0000 4c89 | 5424 0848 | c704 24ff 

  0x0000024e1d673fe0: ;   {runtime_call counter_overflow Runtime1 stub}
  0x0000024e1d673fe0: ffff ffe8 

  0x0000024e1d673fe4: ; ImmutableOopMap {[232]=Oop [408]=Oop [416]=Oop }
                      ;*synchronization entry
                      ; - kotlin.jvm.internal.Intrinsics::sanitizeStackTrace@-1 (line 253)
                      ; - kotlin.jvm.internal.Intrinsics::throwJavaNpe@7 (line 45)
                      ; - kotlin.jvm.internal.Intrinsics::checkNotNull@4 (line 25)
                      ; - org.jetbrains.skiko.context.Direct3DContextHandler::initCanvas@191 (line 67)
  0x0000024e1d673fe4: 9851 4906 | e9d8 ecff 

  0x0000024e1d673fec: ;   {metadata({method} {0x0000024e34017e78} 'getName' '()Ljava/lang/String;' in 'java/lang/Class')}
  0x0000024e1d673fec: ff49 ba70 | 7e01 344e | 0200 004c | 8954 2408 | 48c7 0424 | ffff ffff 

  0x0000024e1d674004: ;   {runtime_call counter_overflow Runtime1 stub}
  0x0000024e1d674004: e877 5149 

  0x0000024e1d674008: ; ImmutableOopMap {rdx=Oop [232]=Oop [408]=Oop [416]=Oop }
                      ;*synchronization entry
                      ; - java.lang.Class::getName@-1
                      ; - kotlin.jvm.internal.Intrinsics::sanitizeStackTrace@3 (line 253)
                      ; - kotlin.jvm.internal.Intrinsics::throwJavaNpe@7 (line 45)
                      ; - kotlin.jvm.internal.Intrinsics::checkNotNull@4 (line 25)
                      ; - org.jetbrains.skiko.context.Direct3DContextHandler::initCanvas@191 (line 67)
  0x0000024e1d674008: 06e9 fdec 

  0x0000024e1d67400c: ;   {runtime_call throw_null_pointer_exception Runtime1 stub}
  0x0000024e1d67400c: ffff e8ed 

  0x0000024e1d674010: ; ImmutableOopMap {[232]=Oop [408]=Oop [416]=Oop }
                      ;*getfield name {reexecute=1 rethrow=0 return_oop=0}
                      ; - (reexecute) java.lang.Class::getName@1
                      ; - kotlin.jvm.internal.Intrinsics::sanitizeStackTrace@3 (line 253)
                      ; - kotlin.jvm.internal.Intrinsics::throwJavaNpe@7 (line 45)
                      ; - kotlin.jvm.internal.Intrinsics::checkNotNull@4 (line 25)
                      ; - org.jetbrains.skiko.context.Direct3DContextHandler::initCanvas@191 (line 67)
                      ;   {runtime_call throw_null_pointer_exception Runtime1 stub}
  0x0000024e1d674010: 4440 06e8 

  0x0000024e1d674014: ; ImmutableOopMap {rbx=Oop [232]=Oop [408]=Oop }
                      ;*invokevirtual getCanvas {reexecute=0 rethrow=0 return_oop=0}
                      ; - org.jetbrains.skiko.context.Direct3DContextHandler::initCanvas@194 (line 67)
  0x0000024e1d674014: e844 4006 | 448b 4220 | 49c1 e003 | 4983 f800 | 0f84 c9ed | ffff 4c89 

  0x0000024e1d67402c: ;   {runtime_call g1_pre_barrier_slow}
  0x0000024e1d67402c: 0424 e84d | 4b49 06e9 | bbed ffff | 4883 f800 | 0f84 d0ed | ffff 4889 

  0x0000024e1d674044: ;   {runtime_call g1_post_barrier_slow}
  0x0000024e1d674044: 1424 e835 | 4849 06e9 | c2ed ffff 

  0x0000024e1d674050: ;   {internal_word}
  0x0000024e1d674050: 49ba 1a2e | 671d 4e02 | 0000 4d89 | 9768 0400 

  0x0000024e1d674060: ;   {runtime_call SafepointBlob}
  0x0000024e1d674060: 00e9 1a14 

  0x0000024e1d674064: ;   {internal_word}
  0x0000024e1d674064: 3e06 49ba | 302e 671d | 4e02 0000 | 4d89 9768 

  0x0000024e1d674074: ;   {runtime_call SafepointBlob}
  0x0000024e1d674074: 0400 00e9 | 0414 3e06 | 4889 0424 

  0x0000024e1d674080: ;   {runtime_call throw_class_cast_exception Runtime1 stub}
  0x0000024e1d674080: e8fb 7a49 

  0x0000024e1d674084: ; ImmutableOopMap {rbx=Oop [232]=Oop [408]=Oop }
                      ;*checkcast {reexecute=0 rethrow=0 return_oop=0}
                      ; - kotlin.jvm.internal.Intrinsics::throwJavaNpe@10 (line 45)
                      ; - kotlin.jvm.internal.Intrinsics::checkNotNull@4 (line 25)
                      ; - org.jetbrains.skiko.context.Direct3DContextHandler::initCanvas@191 (line 67)
                      ;   {runtime_call throw_null_pointer_exception Runtime1 stub}
  0x0000024e1d674084: 06e8 7644 

  0x0000024e1d674088: ; ImmutableOopMap {rbx=Oop rax=Oop [232]=Oop [408]=Oop }
                      ;*athrow {reexecute=1 rethrow=0 return_oop=0}
                      ; - (reexecute) kotlin.jvm.internal.Intrinsics::throwJavaNpe@13 (line 45)
                      ; - kotlin.jvm.internal.Intrinsics::checkNotNull@4 (line 25)
                      ; - org.jetbrains.skiko.context.Direct3DContextHandler::initCanvas@191 (line 67)
  0x0000024e1d674088: 4006 4889 

  0x0000024e1d67408c: ;   {runtime_call throw_class_cast_exception Runtime1 stub}
  0x0000024e1d67408c: 0424 e8ed 

  0x0000024e1d674090: ; ImmutableOopMap {r8=Oop rbx=Oop [232]=Oop [376]=Oop [384]=Oop }
                      ;*checkcast {reexecute=0 rethrow=0 return_oop=0}
                      ; - kotlin.jvm.internal.Intrinsics::throwJavaNpe@10 (line 45)
                      ; - kotlin.jvm.internal.Intrinsics::checkNotNull@4 (line 25)
                      ; - org.jetbrains.skiko.context.Direct3DContextHandler::getDirectXRedrawer@8 (line 18)
                      ; - org.jetbrains.skiko.context.Direct3DContextHandler::initCanvas@175 (line 66)
                      ;   {runtime_call throw_null_pointer_exception Runtime1 stub}
  0x0000024e1d674090: 7a49 06e8 

  0x0000024e1d674094: ; ImmutableOopMap {r8=Oop rbx=Oop rax=Oop [232]=Oop [376]=Oop [384]=Oop }
                      ;*athrow {reexecute=1 rethrow=0 return_oop=0}
                      ; - (reexecute) kotlin.jvm.internal.Intrinsics::throwJavaNpe@13 (line 45)
                      ; - kotlin.jvm.internal.Intrinsics::checkNotNull@4 (line 25)
                      ; - org.jetbrains.skiko.context.Direct3DContextHandler::getDirectXRedrawer@8 (line 18)
                      ; - org.jetbrains.skiko.context.Direct3DContextHandler::initCanvas@175 (line 66)
  0x0000024e1d674094: 6844 4006 | 4889 0424 

  0x0000024e1d67409c: ;   {runtime_call throw_class_cast_exception Runtime1 stub}
  0x0000024e1d67409c: e8df 7a49 

  0x0000024e1d6740a0: ; ImmutableOopMap {rbx=Oop [232]=Oop [352]=Oop }
                      ;*checkcast {reexecute=0 rethrow=0 return_oop=0}
                      ; - kotlin.jvm.internal.Intrinsics::throwJavaNpe@10 (line 45)
                      ; - kotlin.jvm.internal.Intrinsics::checkNotNull@4 (line 25)
                      ; - org.jetbrains.skiko.context.Direct3DContextHandler::getDirectXRedrawer@8 (line 18)
                      ; - org.jetbrains.skiko.context.Direct3DContextHandler::initCanvas@163 (line 63)
                      ;   {runtime_call throw_null_pointer_exception Runtime1 stub}
  0x0000024e1d6740a0: 06e8 5a44 

  0x0000024e1d6740a4: ; ImmutableOopMap {rbx=Oop rax=Oop [232]=Oop [352]=Oop }
                      ;*athrow {reexecute=1 rethrow=0 return_oop=0}
                      ; - (reexecute) kotlin.jvm.internal.Intrinsics::throwJavaNpe@13 (line 45)
                      ; - kotlin.jvm.internal.Intrinsics::checkNotNull@4 (line 25)
                      ; - org.jetbrains.skiko.context.Direct3DContextHandler::getDirectXRedrawer@8 (line 18)
                      ; - org.jetbrains.skiko.context.Direct3DContextHandler::initCanvas@163 (line 63)
  0x0000024e1d6740a4: 4006 4889 

  0x0000024e1d6740a8: ;   {runtime_call throw_class_cast_exception Runtime1 stub}
  0x0000024e1d6740a8: 0424 e8d1 

  0x0000024e1d6740ac: ; ImmutableOopMap {r8=Oop r14=Oop [232]=Oop [248]=Oop [288]=Oop [312]=Oop }
                      ;*checkcast {reexecute=0 rethrow=0 return_oop=0}
                      ; - kotlin.jvm.internal.Intrinsics::throwJavaNpe@10 (line 45)
                      ; - kotlin.jvm.internal.Intrinsics::checkNotNull@4 (line 25)
                      ; - org.jetbrains.skiko.context.Direct3DContextHandler::getDirectXRedrawer@8 (line 18)
                      ; - org.jetbrains.skiko.context.Direct3DContextHandler::initCanvas@114 (line 50)
                      ;   {runtime_call throw_null_pointer_exception Runtime1 stub}
  0x0000024e1d6740ac: 7a49 06e8 

  0x0000024e1d6740b0: ; ImmutableOopMap {r8=Oop r14=Oop rax=Oop [232]=Oop [248]=Oop [288]=Oop [312]=Oop }
                      ;*athrow {reexecute=1 rethrow=0 return_oop=0}
                      ; - (reexecute) kotlin.jvm.internal.Intrinsics::throwJavaNpe@13 (line 45)
                      ; - kotlin.jvm.internal.Intrinsics::checkNotNull@4 (line 25)
                      ; - org.jetbrains.skiko.context.Direct3DContextHandler::getDirectXRedrawer@8 (line 18)
                      ; - org.jetbrains.skiko.context.Direct3DContextHandler::initCanvas@114 (line 50)
  0x0000024e1d6740b0: 4c44 4006 | 4889 0424 

  0x0000024e1d6740b8: ;   {runtime_call throw_class_cast_exception Runtime1 stub}
  0x0000024e1d6740b8: e8c3 7a49 

  0x0000024e1d6740bc: ; ImmutableOopMap {r8=Oop rdi=Oop [232]=Oop [248]=Oop [288]=Oop [296]=Oop }
                      ;*checkcast {reexecute=0 rethrow=0 return_oop=0}
                      ; - kotlin.jvm.internal.Intrinsics::throwParameterIsNullNPE@14 (line 140)
                      ; - kotlin.jvm.internal.Intrinsics::checkNotNullParameter@5 (line 131)
                      ; - org.jetbrains.skia.SurfaceProps::<init>@3
                      ; - org.jetbrains.skia.SurfaceProps::<init>@21 (line 3)
                      ; - org.jetbrains.skiko.context.Direct3DContextHandler::initCanvas@86 (line 48)
                      ;   {runtime_call throw_null_pointer_exception Runtime1 stub}
  0x0000024e1d6740bc: 06e8 3e44 

  0x0000024e1d6740c0: ; ImmutableOopMap {r8=Oop rdi=Oop rax=Oop [232]=Oop [248]=Oop [288]=Oop [296]=Oop }
                      ;*athrow {reexecute=1 rethrow=0 return_oop=0}
                      ; - (reexecute) kotlin.jvm.internal.Intrinsics::throwParameterIsNullNPE@17 (line 140)
                      ; - kotlin.jvm.internal.Intrinsics::checkNotNullParameter@5 (line 131)
                      ; - org.jetbrains.skia.SurfaceProps::<init>@3
                      ; - org.jetbrains.skia.SurfaceProps::<init>@21 (line 3)
                      ; - org.jetbrains.skiko.context.Direct3DContextHandler::initCanvas@86 (line 48)
  0x0000024e1d6740c0: 4006 4889 

  0x0000024e1d6740c4: ;   {runtime_call throw_class_cast_exception Runtime1 stub}
  0x0000024e1d6740c4: 0424 e8b5 

  0x0000024e1d6740c8: ; ImmutableOopMap {rbx=Oop rsi=Oop [232]=Oop [240]=Oop [248]=Oop [264]=Oop }
                      ;*checkcast {reexecute=0 rethrow=0 return_oop=0}
                      ; - kotlin.jvm.internal.Intrinsics::throwJavaNpe@10 (line 45)
                      ; - kotlin.jvm.internal.Intrinsics::checkNotNull@4 (line 25)
                      ; - org.jetbrains.skiko.context.Direct3DContextHandler::getDirectXRedrawer@8 (line 18)
                      ; - org.jetbrains.skiko.context.Direct3DContextHandler::initCanvas@63 (line 46)
                      ;   {runtime_call throw_null_pointer_exception Runtime1 stub}
  0x0000024e1d6740c8: 7a49 06e8 

  0x0000024e1d6740cc: ; ImmutableOopMap {rbx=Oop rsi=Oop rax=Oop [232]=Oop [240]=Oop [248]=Oop [264]=Oop }
                      ;*athrow {reexecute=1 rethrow=0 return_oop=0}
                      ; - (reexecute) kotlin.jvm.internal.Intrinsics::throwJavaNpe@13 (line 45)
                      ; - kotlin.jvm.internal.Intrinsics::checkNotNull@4 (line 25)
                      ; - org.jetbrains.skiko.context.Direct3DContextHandler::getDirectXRedrawer@8 (line 18)
                      ; - org.jetbrains.skiko.context.Direct3DContextHandler::initCanvas@63 (line 46)
  0x0000024e1d6740cc: 3044 4006 | 4889 0424 

  0x0000024e1d6740d4: ;   {runtime_call throw_class_cast_exception Runtime1 stub}
  0x0000024e1d6740d4: e8a7 7a49 

  0x0000024e1d6740d8: ; ImmutableOopMap {rdx=Oop r8=Oop [232]=Oop [240]=Oop }
                      ;*checkcast {reexecute=0 rethrow=0 return_oop=0}
                      ; - kotlin.jvm.internal.Intrinsics::throwParameterIsNullNPE@14 (line 140)
                      ; - kotlin.jvm.internal.Intrinsics::checkNotNullParameter@5 (line 131)
                      ; - org.jetbrains.skiko.context.Direct3DContextHandler::initCanvas@3
                      ;   {runtime_call throw_null_pointer_exception Runtime1 stub}
  0x0000024e1d6740d8: 06e8 2244 

  0x0000024e1d6740dc: ; ImmutableOopMap {rdx=Oop r8=Oop rax=Oop [232]=Oop [240]=Oop }
                      ;*athrow {reexecute=1 rethrow=0 return_oop=0}
                      ; - (reexecute) kotlin.jvm.internal.Intrinsics::throwParameterIsNullNPE@17 (line 140)
                      ; - kotlin.jvm.internal.Intrinsics::checkNotNullParameter@5 (line 131)
                      ; - org.jetbrains.skiko.context.Direct3DContextHandler::initCanvas@3
                      ;   {metadata({method} {0x0000024e34043338} 'reachabilityFence' '(Ljava/lang/Object;)V' in 'java/lang/ref/Reference')}
  0x0000024e1d6740dc: 4006 49ba | 3033 0434 | 4e02 0000 | 4c89 5424 | 0848 c704 | 24ff ffff 

  0x0000024e1d6740f4: ;   {runtime_call counter_overflow Runtime1 stub}
  0x0000024e1d6740f4: ffe8 8650 

  0x0000024e1d6740f8: ; ImmutableOopMap {rax=Oop }
                      ;*synchronization entry
                      ; - java.lang.ref.Reference::reachabilityFence@-1
                      ; - org.jetbrains.skiko.context.Direct3DContextHandler::initCanvas@151 (line 59)
  0x0000024e1d6740f8: 4906 e9d1 | f5ff ff49 | 8b87 0005 | 0000 49c7 | 8700 0500 | 0000 0000 | 0049 c787 | 0805 0000 
  0x0000024e1d674118: 0000 0000 | 4881 c4b0 | 0100 005d 

  0x0000024e1d674124: ;   {runtime_call unwind_exception Runtime1 stub}
  0x0000024e1d674124: e957 6d40 | 06f4 f4f4 | f4f4 f4f4 
[Stub Code]
  0x0000024e1d674130: ;   {no_reloc}
  0x0000024e1d674130: 48bb 0000 | 0000 0000 

  0x0000024e1d674138: ;   {runtime_call nmethod}
  0x0000024e1d674138: 0000 e9fb 

  0x0000024e1d67413c: ;   {static_stub}
  0x0000024e1d67413c: ffff ff48 | bb00 0000 | 0000 0000 

  0x0000024e1d674148: ;   {runtime_call nmethod}
  0x0000024e1d674148: 00e9 fbff 

  0x0000024e1d67414c: ;   {static_stub}
  0x0000024e1d67414c: ffff 48bb | 0000 0000 | 0000 0000 

  0x0000024e1d674158: ;   {runtime_call nmethod}
  0x0000024e1d674158: e9fb ffff 

  0x0000024e1d67415c: ;   {static_stub}
  0x0000024e1d67415c: ff48 bb00 | 0000 0000 

  0x0000024e1d674164: ;   {runtime_call nmethod}
  0x0000024e1d674164: 0000 00e9 | fbff ffff 

  0x0000024e1d67416c: ;   {static_stub}
  0x0000024e1d67416c: 48bb 20ba | e235 4e02 

  0x0000024e1d674174: ;   {runtime_call I2C/C2I adapters}
  0x0000024e1d674174: 0000 e9e8 

  0x0000024e1d674178: ;   {static_stub}
  0x0000024e1d674178: f23d 0648 | bb00 0000 | 0000 0000 

  0x0000024e1d674184: ;   {runtime_call nmethod}
  0x0000024e1d674184: 00e9 fbff 

  0x0000024e1d674188: ;   {static_stub}
  0x0000024e1d674188: ffff 48bb | f89d 7c36 | 4e02 0000 

  0x0000024e1d674194: ;   {runtime_call I2C/C2I adapters}
  0x0000024e1d674194: e94a f73b 

  0x0000024e1d674198: ;   {static_stub}
  0x0000024e1d674198: 0648 bb00 | 0000 0000 

  0x0000024e1d6741a0: ;   {runtime_call nmethod}
  0x0000024e1d6741a0: 0000 00e9 | fbff ffff 

  0x0000024e1d6741a8: ;   {static_stub}
  0x0000024e1d6741a8: 48bb 0000 | 0000 0000 

  0x0000024e1d6741b0: ;   {runtime_call nmethod}
  0x0000024e1d6741b0: 0000 e9fb 

  0x0000024e1d6741b4: ;   {static_stub}
  0x0000024e1d6741b4: ffff ff48 | bb00 0000 | 0000 0000 

  0x0000024e1d6741c0: ;   {runtime_call nmethod}
  0x0000024e1d6741c0: 00e9 fbff 

  0x0000024e1d6741c4: ;   {static_stub}
  0x0000024e1d6741c4: ffff 48bb | 0000 0000 | 0000 0000 

  0x0000024e1d6741d0: ;   {runtime_call nmethod}
  0x0000024e1d6741d0: e9fb ffff 

  0x0000024e1d6741d4: ;   {static_stub}
  0x0000024e1d6741d4: ff48 bb00 | 0000 0000 

  0x0000024e1d6741dc: ;   {runtime_call nmethod}
  0x0000024e1d6741dc: 0000 00e9 | fbff ffff 

  0x0000024e1d6741e4: ;   {static_stub}
  0x0000024e1d6741e4: 48bb 0000 | 0000 0000 

  0x0000024e1d6741ec: ;   {runtime_call nmethod}
  0x0000024e1d6741ec: 0000 e9fb 

  0x0000024e1d6741f0: ;   {static_stub}
  0x0000024e1d6741f0: ffff ff48 | bbd8 31e2 | 354e 0200 

  0x0000024e1d6741fc: ;   {runtime_call I2C/C2I adapters}
  0x0000024e1d6741fc: 00e9 e92e 

  0x0000024e1d674200: ;   {static_stub}
  0x0000024e1d674200: 3c06 48bb | d030 e235 | 4e02 0000 

  0x0000024e1d67420c: ;   {runtime_call I2C/C2I adapters}
  0x0000024e1d67420c: e9e4 0e54 

  0x0000024e1d674210: ;   {runtime_call handle_exception_from_callee Runtime1 stub}
  0x0000024e1d674210: 06e8 6a73 

  0x0000024e1d674214: ;   {external_word}
  0x0000024e1d674214: 4906 48b9 | d061 f712 | fa7f 0000 | 4883 e4f0 

  0x0000024e1d674224: ;   {runtime_call}
  0x0000024e1d674224: 48b8 90db | c512 fa7f | 0000 ffd0 

  0x0000024e1d674230: ;   {section_word}
  0x0000024e1d674230: f449 ba31 | 4267 1d4e | 0200 0041 

  0x0000024e1d67423c: ;   {runtime_call DeoptimizationBlob}
  0x0000024e1d67423c: 52e9 de04 | 3e06 f4f4 | f4f4 f4f4 
[/MachCode]


Compiled method (c1) 1271189 9407   !   3       org.jetbrains.skiko.context.ContextHandler::draw (110 bytes)
 total in heap  [0x0000024e1d677a10,0x0000024e1d679848] = 7736
 relocation     [0x0000024e1d677b70,0x0000024e1d677da0] = 560
 main code      [0x0000024e1d677da0,0x0000024e1d678ee0] = 4416
 stub code      [0x0000024e1d678ee0,0x0000024e1d678fe0] = 256
 oops           [0x0000024e1d678fe0,0x0000024e1d678ff8] = 24
 metadata       [0x0000024e1d678ff8,0x0000024e1d6790a0] = 168
 scopes data    [0x0000024e1d6790a0,0x0000024e1d679410] = 880
 scopes pcs     [0x0000024e1d679410,0x0000024e1d679740] = 816
 dependencies   [0x0000024e1d679740,0x0000024e1d679770] = 48
 handler table  [0x0000024e1d679770,0x0000024e1d679818] = 168
 nul chk table  [0x0000024e1d679818,0x0000024e1d679848] = 48

[Constant Pool (empty)]

[MachCode]
[Entry Point]
  # {method} {0x0000024e35e2e6f8} 'draw' '(Lorg/jetbrains/skiko/LayerDrawScope;)V' in 'org/jetbrains/skiko/context/ContextHandler'
  # this:     rdx:rdx   = 'org/jetbrains/skiko/context/ContextHandler'
  # parm0:    r8:r8     = 'org/jetbrains/skiko/LayerDrawScope'
  #           [sp+0xe0]  (sp of caller)
  0x0000024e1d677da0: 448b 5208 | 49bb 0000 | 0000 0800 | 0000 4d03 | d34c 3bd0 

  0x0000024e1d677db4: ;   {runtime_call ic_miss_stub}
  0x0000024e1d677db4: 0f85 c669 | 3d06 660f | 1f44 0000 
[Verified Entry Point]
  0x0000024e1d677dc0: 8984 2400 | 80ff ff55 | 4881 ecd0 | 0000 0090 | 4181 7f20 | 0a00 0000 

  0x0000024e1d677dd8: ;   {runtime_call StubRoutines (final stubs)}
  0x0000024e1d677dd8: 7405 e801 | 353c 0648 | 8994 2498 

  0x0000024e1d677de4: ;   {metadata(method data for {method} {0x0000024e35e2e6f8} 'draw' '(Lorg/jetbrains/skiko/LayerDrawScope;)V' in 'org/jetbrains/skiko/context/ContextHandler')}
  0x0000024e1d677de4: 0000 0048 | be20 34d7 | 374e 0200 | 008b becc | 0000 0083 | c702 89be | cc00 0000 | 81e7 fe07 
  0x0000024e1d677e04: 0000 85ff | 0f84 6d0d 

  0x0000024e1d677e0c: ;   {metadata(method data for {method} {0x0000024e35e2e6f8} 'draw' '(Lorg/jetbrains/skiko/LayerDrawScope;)V' in 'org/jetbrains/skiko/context/ContextHandler')}
  0x0000024e1d677e0c: 0000 48be | 2034 d737 | 4e02 0000 | 4883 8610 | 0100 0001 

  0x0000024e1d677e20: ;   {metadata(method data for {method} {0x0000024e34705e00} 'checkNotNullParameter' '(Ljava/lang/Object;Ljava/lang/String;)V' in 'kotlin/jvm/internal/Intrinsics')}
  0x0000024e1d677e20: 48be a079 | 8f34 4e02 | 0000 8bbe | cc00 0000 | 83c7 0289 | becc 0000 | 0081 e7fe | ff1f 0085 
  0x0000024e1d677e40: ff0f 8455 | 0d00 004d 

  0x0000024e1d677e48: ;   {metadata(method data for {method} {0x0000024e34705e00} 'checkNotNullParameter' '(Ljava/lang/Object;Ljava/lang/String;)V' in 'kotlin/jvm/internal/Intrinsics')}
  0x0000024e1d677e48: 85c0 48be | a079 8f34 | 4e02 0000 | 48c7 c710 | 0100 0075 | 0748 c7c7 | 2001 0000 | 488b 043e 
  0x0000024e1d677e68: 488d 4001 | 4889 043e | 4c89 8424 | a000 0000 | 0f85 1602 

  0x0000024e1d677e7c: ;   {metadata(method data for {method} {0x0000024e34705e00} 'checkNotNullParameter' '(Ljava/lang/Object;Ljava/lang/String;)V' in 'kotlin/jvm/internal/Intrinsics')}
  0x0000024e1d677e7c: 0000 48be | a079 8f34 | 4e02 0000 | 4883 8630 | 0100 0001 

  0x0000024e1d677e90: ;   {metadata(method data for {method} {0x0000024e34706008} 'throwParameterIsNullNPE' '(Ljava/lang/String;)V' in 'kotlin/jvm/internal/Intrinsics')}
  0x0000024e1d677e90: 48be 287b | 8f34 4e02 | 0000 8bbe | cc00 0000 | 83c7 0289 | becc 0000 | 0081 e7fe | ff1f 0085 
  0x0000024e1d677eb0: ff0f 8406 | 0d00 0090 

  0x0000024e1d677eb8: ;   {no_reloc}
  0x0000024e1d677eb8: e930 0d00 | 0000 0000 | 0000 498b | 87b8 0100 | 0048 8d78 | 3049 3bbf | c801 0000 | 0f87 1d0d 
  0x0000024e1d677ed8: 0000 4989 | bfb8 0100 | 0048 c700 | 0100 0000 | 488b ca49 | ba00 0000 | 0008 0000 | 0049 2bca 
  0x0000024e1d677ef8: 8948 0848 | 33c9 8948 | 0c48 33c9 | 4889 4810 | 4889 4818 | 4889 4820 | 4889 4828 

  0x0000024e1d677f14: ;   {metadata(method data for {method} {0x0000024e34706008} 'throwParameterIsNullNPE' '(Ljava/lang/String;)V' in 'kotlin/jvm/internal/Intrinsics')}
  0x0000024e1d677f14: 48ba 287b | 8f34 4e02 | 0000 4883 | 8210 0100 

  0x0000024e1d677f24: ;   {oop("<this>"{0x00000007031984b0})}
  0x0000024e1d677f24: 0001 48ba | b084 1903 | 0700 0000 | 4889 8424 | 9000 0000 | 0f1f 8000 

  0x0000024e1d677f3c: ;   {static_call}
  0x0000024e1d677f3c: 0000 00e8 

  0x0000024e1d677f40: ; ImmutableOopMap {[144]=Oop [152]=Oop [160]=Oop }
                      ;*invokestatic createParameterIsNullExceptionMessage {reexecute=0 rethrow=0 return_oop=0}
                      ; - kotlin.jvm.internal.Intrinsics::throwParameterIsNullNPE@5 (line 140)
                      ; - kotlin.jvm.internal.Intrinsics::checkNotNullParameter@5 (line 131)
                      ; - org.jetbrains.skiko.context.ContextHandler::draw@3
  0x0000024e1d677f40: 3c71 3d06 

  0x0000024e1d677f44: ;   {other}
  0x0000024e1d677f44: 0f1f 8400 | 3405 0000 | 4c8b 8424 | 9000 0000 

  0x0000024e1d677f54: ;   {metadata(method data for {method} {0x0000024e34706008} 'throwParameterIsNullNPE' '(Ljava/lang/String;)V' in 'kotlin/jvm/internal/Intrinsics')}
  0x0000024e1d677f54: 48ba 287b | 8f34 4e02 | 0000 4883 | 8220 0100 | 0001 4c8b | c048 8b94 | 2490 0000 | 0066 0f1f 
  0x0000024e1d677f74: ;   {optimized virtual_call}
  0x0000024e1d677f74: 4400 00e8 

  0x0000024e1d677f78: ; ImmutableOopMap {[144]=Oop [152]=Oop [160]=Oop }
                      ;*invokespecial <init> {reexecute=0 rethrow=0 return_oop=0}
                      ; - kotlin.jvm.internal.Intrinsics::throwParameterIsNullNPE@8 (line 140)
                      ; - kotlin.jvm.internal.Intrinsics::checkNotNullParameter@5 (line 131)
                      ; - org.jetbrains.skiko.context.ContextHandler::draw@3
  0x0000024e1d677f78: 046b 3d06 

  0x0000024e1d677f7c: ;   {other}
  0x0000024e1d677f7c: 0f1f 8400 | 6c05 0001 

  0x0000024e1d677f84: ;   {metadata(method data for {method} {0x0000024e34706008} 'throwParameterIsNullNPE' '(Ljava/lang/String;)V' in 'kotlin/jvm/internal/Intrinsics')}
  0x0000024e1d677f84: 48ba 287b | 8f34 4e02 | 0000 4883 | 8230 0100 

  0x0000024e1d677f94: ;   {metadata(method data for {method} {0x0000024e347070f0} 'sanitizeStackTrace' '(Ljava/lang/Throwable;)Ljava/lang/Throwable;' in 'kotlin/jvm/internal/Intrinsics')}
  0x0000024e1d677f94: 0001 48ba | e07c 8f34 | 4e02 0000 | 8bb2 cc00 | 0000 83c6 | 0289 b2cc | 0000 0081 | e6fe ff1f 
  0x0000024e1d677fb4: 0085 f60f | 8447 0c00 

  0x0000024e1d677fbc: ;   {oop(a 'java/lang/Class'{0x000000070315c4c0} = 'kotlin/jvm/internal/Intrinsics')}
  0x0000024e1d677fbc: 0048 bac0 | c415 0307 | 0000 0048 

  0x0000024e1d677fc8: ;   {metadata(method data for {method} {0x0000024e347070f0} 'sanitizeStackTrace' '(Ljava/lang/Throwable;)Ljava/lang/Throwable;' in 'kotlin/jvm/internal/Intrinsics')}
  0x0000024e1d677fc8: 8bf2 48bf | e07c 8f34 | 4e02 0000 | 4883 8710 | 0100 0001 

  0x0000024e1d677fdc: ;   {metadata(method data for {method} {0x0000024e34017e78} 'getName' '()Ljava/lang/String;' in 'java/lang/Class')}
  0x0000024e1d677fdc: 48be c8d8 | 6334 4e02 | 0000 8bbe | cc00 0000 | 83c7 0289 | becc 0000 | 0081 e7fe | ff1f 0085 
  0x0000024e1d677ffc: ff0f 8422 | 0c00 008b | 522c 48c1 | e203 4885 

  0x0000024e1d67800c: ;   {metadata(method data for {method} {0x0000024e34017e78} 'getName' '()Ljava/lang/String;' in 'java/lang/Class')}
  0x0000024e1d67800c: d248 bec8 | d863 344e | 0200 0048 | c7c7 1001 | 0000 7407 | 48c7 c720 | 0100 0048 | 8b1c 3e48 
  0x0000024e1d67802c: 8d5b 0148 | 891c 3e0f | 8418 0000 

  0x0000024e1d678038: ;   {metadata(method data for {method} {0x0000024e34017e78} 'getName' '()Ljava/lang/String;' in 'java/lang/Class')}
  0x0000024e1d678038: 0048 bec8 | d863 344e | 0200 00ff | 8630 0100 | 0048 8bf2 | e936 0000 

  0x0000024e1d678050: ;   {oop(a 'java/lang/Class'{0x000000070315c4c0} = 'kotlin/jvm/internal/Intrinsics')}
  0x0000024e1d678050: 0048 bac0 | c415 0307 | 0000 0048 

  0x0000024e1d67805c: ;   {metadata(method data for {method} {0x0000024e34017e78} 'getName' '()Ljava/lang/String;' in 'java/lang/Class')}
  0x0000024e1d67805c: 8bf2 48bf | c8d8 6334 | 4e02 0000 | 4883 8748 | 0100 0001 | 0f1f 8000 

  0x0000024e1d678074: ;   {optimized virtual_call}
  0x0000024e1d678074: 0000 00e8 

  0x0000024e1d678078: ; ImmutableOopMap {[144]=Oop [152]=Oop [160]=Oop }
                      ;*invokevirtual initClassName {reexecute=0 rethrow=0 return_oop=0}
                      ; - java.lang.Class::getName@14
                      ; - kotlin.jvm.internal.Intrinsics::sanitizeStackTrace@3 (line 253)
                      ; - kotlin.jvm.internal.Intrinsics::throwParameterIsNullNPE@11 (line 140)
                      ; - kotlin.jvm.internal.Intrinsics::checkNotNullParameter@5 (line 131)
                      ; - org.jetbrains.skiko.context.ContextHandler::draw@3
  0x0000024e1d678078: 046a 3d06 

  0x0000024e1d67807c: ;   {other}
  0x0000024e1d67807c: 0f1f 8400 | 6c06 0002 | 488b f048 | 8b84 2490 | 0000 00e9 | 5d07 0000 | 488b 9424 | 9800 0000 
  0x0000024e1d67809c: ;   {metadata(method data for {method} {0x0000024e35e2e6f8} 'draw' '(Lorg/jetbrains/skiko/LayerDrawScope;)V' in 'org/jetbrains/skiko/context/ContextHandler')}
  0x0000024e1d67809c: 48be 2034 | d737 4e02 | 0000 8b52 | 0849 ba00 | 0000 0008 | 0000 0049 | 03d2 483b | 9630 0100 
  0x0000024e1d6780bc: 0075 0d48 | 8386 3801 | 0000 01e9 | 6000 0000 | 483b 9640 | 0100 0075 | 0d48 8386 | 4801 0000 
  0x0000024e1d6780dc: 01e9 4a00 | 0000 4883 | be30 0100 | 0000 7517 | 4889 9630 | 0100 0048 | c786 3801 | 0000 0100 
  0x0000024e1d6780fc: 0000 e929 | 0000 0048 | 83be 4001 | 0000 0075 | 1748 8996 | 4001 0000 | 48c7 8648 | 0100 0001 
  0x0000024e1d67811c: 0000 00e9 | 0800 0000 | 4883 8620 | 0100 0001 | 488b 9424 | 9800 0000 

  0x0000024e1d678134: ;   {optimized virtual_call}
  0x0000024e1d678134: 6666 90e8 

  0x0000024e1d678138: ; ImmutableOopMap {[152]=Oop [160]=Oop }
                      ;*invokevirtual initContext {reexecute=0 rethrow=0 return_oop=0}
                      ; - org.jetbrains.skiko.context.ContextHandler::draw@7 (line 39)
  0x0000024e1d678138: 041b 0000 

  0x0000024e1d67813c: ;   {other}
  0x0000024e1d67813c: 0f1f 8400 | 2c07 0003 

  0x0000024e1d678144: ;   {metadata(method data for {method} {0x0000024e35e2e6f8} 'draw' '(Lorg/jetbrains/skiko/LayerDrawScope;)V' in 'org/jetbrains/skiko/context/ContextHandler')}
  0x0000024e1d678144: 85c0 49b8 | 2034 d737 | 4e02 0000 | 48c7 c268 | 0100 0074 | 0748 c7c2 | 5801 0000 | 498b 3410 
  0x0000024e1d678164: 488d 7601 | 4989 3410 | 0f84 b005 | 0000 488b | 9424 9800 | 0000 4c8b 

  0x0000024e1d67817c: ;   {metadata(method data for {method} {0x0000024e35e2e6f8} 'draw' '(Lorg/jetbrains/skiko/LayerDrawScope;)V' in 'org/jetbrains/skiko/context/ContextHandler')}
  0x0000024e1d67817c: c248 be20 | 34d7 374e | 0200 0048 | 8386 a001 | 0000 014c | 8b84 24a0 | 0000 0048 | 8bf2 488b 
  0x0000024e1d67819c: ;   {optimized virtual_call}
  0x0000024e1d67819c: d666 90e8 

  0x0000024e1d6781a0: ; ImmutableOopMap {[152]=Oop [160]=Oop }
                      ;*invokevirtual initCanvas {reexecute=0 rethrow=0 return_oop=0}
                      ; - org.jetbrains.skiko.context.ContextHandler::draw@28 (line 42)
  0x0000024e1d6781a0: 7c84 ffff 

  0x0000024e1d6781a4: ;   {other}
  0x0000024e1d6781a4: 0f1f 8400 | 9407 0004 | 488b 9424 | 9800 0000 | 8b72 2048 | c1e6 0348 | 89b4 24a8 | 0000 0048 
  0x0000024e1d6781c4: ;   {metadata(method data for {method} {0x0000024e35e2e6f8} 'draw' '(Lorg/jetbrains/skiko/LayerDrawScope;)V' in 'org/jetbrains/skiko/context/ContextHandler')}
  0x0000024e1d6781c4: 85f6 48bf | 2034 d737 | 4e02 0000 | 48c7 c3c0 | 0100 0074 | 0748 c7c3 | d001 0000 | 488b 041f 
  0x0000024e1d6781e4: 488d 4001 | 4889 041f | 0f84 dc04 | 0000 483b | 0648 8bfe 

  0x0000024e1d6781f8: ;   {metadata(method data for {method} {0x0000024e35e2e6f8} 'draw' '(Lorg/jetbrains/skiko/LayerDrawScope;)V' in 'org/jetbrains/skiko/context/ContextHandler')}
  0x0000024e1d6781f8: 48bb 2034 | d737 4e02 | 0000 4883 | 83e0 0100 

  0x0000024e1d678208: ;   {metadata(method data for {method} {0x0000024e35914548} 'save' '()I' in 'org/jetbrains/skia/Canvas')}
  0x0000024e1d678208: 0001 48bf | 7827 e936 | 4e02 0000 | 8b9f cc00 | 0000 83c3 | 0289 9fcc | 0000 0081 | e3fe ff1f 
  0x0000024e1d678228: 0085 db0f | 841f 0a00 

  0x0000024e1d678230: ;   {oop(a 'org/jetbrains/skia/impl/Stats'{0x0000000703b57de0})}
  0x0000024e1d678230: 0048 bfe0 | 7db5 0307 | 0000 0048 

  0x0000024e1d67823c: ;   {metadata(method data for {method} {0x0000024e35914548} 'save' '()I' in 'org/jetbrains/skia/Canvas')}
  0x0000024e1d67823c: 8bdf 48b8 | 7827 e936 | 4e02 0000 | 4883 8010 | 0100 0001 | 488b d70f 

  0x0000024e1d678254: ;   {optimized virtual_call}
  0x0000024e1d678254: 1f40 00e8 

  0x0000024e1d678258: ; ImmutableOopMap {[152]=Oop [160]=Oop [168]=Oop }
                      ;*invokevirtual onNativeCall {reexecute=0 rethrow=0 return_oop=0}
                      ; - org.jetbrains.skia.Canvas::save@4 (line 1430)
                      ; - org.jetbrains.skiko.context.ContextHandler::draw@43 (line 52)
  0x0000024e1d678258: e430 bf06 

  0x0000024e1d67825c: ;   {other}
  0x0000024e1d67825c: 0f1f 8400 | 4c08 0005 | 488b b424 | a800 0000 

  0x0000024e1d67826c: ;   {metadata(method data for {method} {0x0000024e35914548} 'save' '()I' in 'org/jetbrains/skia/Canvas')}
  0x0000024e1d67826c: 48ba 7827 | e936 4e02 | 0000 4883 | 8248 0100 | 0001 488b | b424 a800 | 0000 488b 

  0x0000024e1d678288: ;   {metadata(method data for {method} {0x0000024e35914548} 'save' '()I' in 'org/jetbrains/skia/Canvas')}
  0x0000024e1d678288: 5610 48bf | 7827 e936 | 4e02 0000 | 4883 8780 | 0100 0001 

  0x0000024e1d67829c: ;   {metadata(method data for {method} {0x0000024e366dc0e8} 'access$_nSave' '(J)I' in 'org/jetbrains/skia/CanvasKt')}
  0x0000024e1d67829c: 48bf 8029 | e936 4e02 | 0000 8b9f | cc00 0000 | 83c3 0289 | 9fcc 0000 | 0081 e3fe | ff1f 0085 
  0x0000024e1d6782bc: db0f 84ae 

  0x0000024e1d6782c0: ;   {metadata(method data for {method} {0x0000024e366dc0e8} 'access$_nSave' '(J)I' in 'org/jetbrains/skia/CanvasKt')}
  0x0000024e1d6782c0: 0900 0048 | bf80 29e9 | 364e 0200 | 0048 8387 | 1001 0000 

  0x0000024e1d6782d4: ;   {static_call}
  0x0000024e1d6782d4: 0166 90e8 

  0x0000024e1d6782d8: ; ImmutableOopMap {[152]=Oop [160]=Oop [168]=Oop }
                      ;*invokestatic _nSave {reexecute=0 rethrow=0 return_oop=0}
                      ; - org.jetbrains.skia.CanvasKt::access$_nSave@1 (line 1)
                      ; - org.jetbrains.skia.Canvas::save@11 (line 1431)
                      ; - org.jetbrains.skiko.context.ContextHandler::draw@43 (line 52)
  0x0000024e1d6782d8: 84b2 be06 

  0x0000024e1d6782dc: ;   {other}
  0x0000024e1d6782dc: 0f1f 8400 | cc08 0006 | 8984 24b0 

  0x0000024e1d6782e8: ;   {metadata(method data for {method} {0x0000024e35914548} 'save' '()I' in 'org/jetbrains/skia/Canvas')}
  0x0000024e1d6782e8: 0000 0048 | ba78 27e9 | 364e 0200 | 0048 8382 | 9001 0000 

  0x0000024e1d6782fc: ;   {metadata(method data for {method} {0x0000024e35b36e38} 'reachabilityBarrier' '(Ljava/lang/Object;)V' in 'org/jetbrains/skia/impl/Native_jvmKt')}
  0x0000024e1d6782fc: 0148 ba00 | 40e2 364e | 0200 008b | b2cc 0000 | 0083 c602 | 89b2 cc00 | 0000 81e6 | feff 1f00 
  0x0000024e1d67831c: 85f6 0f84 | 6e09 0000 

  0x0000024e1d678324: ;   {metadata(method data for {method} {0x0000024e35b36e38} 'reachabilityBarrier' '(Ljava/lang/Object;)V' in 'org/jetbrains/skia/impl/Native_jvmKt')}
  0x0000024e1d678324: 48ba 0040 | e236 4e02 | 0000 4883 | 8210 0100 

  0x0000024e1d678334: ;   {metadata(method data for {method} {0x0000024e34043338} 'reachabilityFence' '(Ljava/lang/Object;)V' in 'java/lang/ref/Reference')}
  0x0000024e1d678334: 0001 48ba | 1854 6134 | 4e02 0000 | 8bb2 cc00 | 0000 83c6 | 0289 b2cc | 0000 0081 | e6fe ff1f 
  0x0000024e1d678354: 0085 f60f | 8456 0900 

  0x0000024e1d67835c: ;   {metadata(method data for {method} {0x0000024e35914548} 'save' '()I' in 'org/jetbrains/skia/Canvas')}
  0x0000024e1d67835c: 0048 ba78 | 27e9 364e | 0200 00ff | 82a0 0100 | 0048 8bb4 | 24a8 0000 

  0x0000024e1d678374: ;   {metadata(method data for {method} {0x0000024e35e2e6f8} 'draw' '(Lorg/jetbrains/skiko/LayerDrawScope;)V' in 'org/jetbrains/skiko/context/ContextHandler')}
  0x0000024e1d678374: 0048 ba20 | 34d7 374e | 0200 0048 | 8382 1802 

  0x0000024e1d678384: ;   {metadata(method data for {method} {0x0000024e35912030} 'clear' '(I)Lorg/jetbrains/skia/Canvas;' in 'org/jetbrains/skia/Canvas')}
  0x0000024e1d678384: 0000 0148 | ba10 ccfb | 364e 0200 | 008b b2cc | 0000 0083 | c602 89b2 | cc00 0000 | 81e6 feff 
  0x0000024e1d6783a4: 1f00 85f6 | 0f84 2609 

  0x0000024e1d6783ac: ;   {oop(a 'org/jetbrains/skia/impl/Stats'{0x0000000703b57de0})}
  0x0000024e1d6783ac: 0000 48ba | e07d b503 | 0700 0000 

  0x0000024e1d6783b8: ;   {metadata(method data for {method} {0x0000024e35912030} 'clear' '(I)Lorg/jetbrains/skia/Canvas;' in 'org/jetbrains/skia/Canvas')}
  0x0000024e1d6783b8: 488b f248 | bf10 ccfb | 364e 0200 | 0048 8387 | 1001 0000 

  0x0000024e1d6783cc: ;   {optimized virtual_call}
  0x0000024e1d6783cc: 0166 90e8 

  0x0000024e1d6783d0: ; ImmutableOopMap {[152]=Oop [160]=Oop [168]=Oop }
                      ;*invokevirtual onNativeCall {reexecute=0 rethrow=0 return_oop=0}
                      ; - org.jetbrains.skia.Canvas::clear@3 (line 1073)
                      ; - org.jetbrains.skiko.context.ContextHandler::draw@58 (line 44)
  0x0000024e1d6783d0: 6c2f bf06 

  0x0000024e1d6783d4: ;   {other}
  0x0000024e1d6783d4: 0f1f 8400 | c409 0007 | 488b b424 | a800 0000 

  0x0000024e1d6783e4: ;   {metadata(method data for {method} {0x0000024e35912030} 'clear' '(I)Lorg/jetbrains/skia/Canvas;' in 'org/jetbrains/skia/Canvas')}
  0x0000024e1d6783e4: 488b d649 | b810 ccfb | 364e 0200 | 0049 8380 | 4801 0000 | 0148 8b56 

  0x0000024e1d6783fc: ;   {metadata(method data for {method} {0x0000024e35912030} 'clear' '(I)Lorg/jetbrains/skia/Canvas;' in 'org/jetbrains/skia/Canvas')}
  0x0000024e1d6783fc: 1049 b810 | ccfb 364e | 0200 0049 | 8380 8001 

  0x0000024e1d67840c: ;   {metadata(method data for {method} {0x0000024e366db9f8} 'access$_nClear' '(JI)V' in 'org/jetbrains/skia/CanvasKt')}
  0x0000024e1d67840c: 0000 0149 | b820 cefb | 364e 0200 | 0041 8bb8 | cc00 0000 | 83c7 0241 | 89b8 cc00 | 0000 81e7 
  0x0000024e1d67842c: feff 1f00 | 85ff 0f84 | bd08 0000 

  0x0000024e1d678438: ;   {metadata(method data for {method} {0x0000024e366db9f8} 'access$_nClear' '(JI)V' in 'org/jetbrains/skia/CanvasKt')}
  0x0000024e1d678438: 49b8 20ce | fb36 4e02 | 0000 4983 | 8010 0100 | 0001 41b8 | 0000 0000 | 0f1f 8000 

  0x0000024e1d678454: ;   {static_call}
  0x0000024e1d678454: 0000 00e8 

  0x0000024e1d678458: ; ImmutableOopMap {[152]=Oop [160]=Oop [168]=Oop }
                      ;*invokestatic _nClear {reexecute=0 rethrow=0 return_oop=0}
                      ; - org.jetbrains.skia.CanvasKt::access$_nClear@2 (line 1)
                      ; - org.jetbrains.skia.Canvas::clear@12 (line 1075)
                      ; - org.jetbrains.skiko.context.ContextHandler::draw@58 (line 44)
  0x0000024e1d678458: 842a c106 

  0x0000024e1d67845c: ;   {other}
  0x0000024e1d67845c: 0f1f 8400 | 4c0a 0008 

  0x0000024e1d678464: ;   {metadata(method data for {method} {0x0000024e35912030} 'clear' '(I)Lorg/jetbrains/skia/Canvas;' in 'org/jetbrains/skia/Canvas')}
  0x0000024e1d678464: 49b8 10cc | fb36 4e02 | 0000 4983 | 8090 0100 

  0x0000024e1d678474: ;   {metadata(method data for {method} {0x0000024e35b36e38} 'reachabilityBarrier' '(Ljava/lang/Object;)V' in 'org/jetbrains/skia/impl/Native_jvmKt')}
  0x0000024e1d678474: 0001 49b8 | 0040 e236 | 4e02 0000 | 418b 90cc | 0000 0083 | c202 4189 | 90cc 0000 | 0081 e2fe 
  0x0000024e1d678494: ff1f 0085 | d20f 8477 

  0x0000024e1d67849c: ;   {metadata(method data for {method} {0x0000024e35b36e38} 'reachabilityBarrier' '(Ljava/lang/Object;)V' in 'org/jetbrains/skia/impl/Native_jvmKt')}
  0x0000024e1d67849c: 0800 0049 | b800 40e2 | 364e 0200 | 0049 8380 | 1001 0000 

  0x0000024e1d6784b0: ;   {metadata(method data for {method} {0x0000024e34043338} 'reachabilityFence' '(Ljava/lang/Object;)V' in 'java/lang/ref/Reference')}
  0x0000024e1d6784b0: 0149 b818 | 5461 344e | 0200 0041 | 8b90 cc00 | 0000 83c2 | 0241 8990 | cc00 0000 | 81e2 feff 
  0x0000024e1d6784d0: 1f00 85d2 | 0f84 5d08 

  0x0000024e1d6784d8: ;   {metadata(method data for {method} {0x0000024e35912030} 'clear' '(I)Lorg/jetbrains/skia/Canvas;' in 'org/jetbrains/skia/Canvas')}
  0x0000024e1d6784d8: 0000 49b8 | 10cc fb36 | 4e02 0000 | 41ff 80a0 | 0100 0048 | 8b94 2498 | 0000 008b | 7210 48c1 
  0x0000024e1d6784f8: e603 483b | 064c 8bc6 

  0x0000024e1d678500: ;   {metadata(method data for {method} {0x0000024e35e2e6f8} 'draw' '(Lorg/jetbrains/skiko/LayerDrawScope;)V' in 'org/jetbrains/skiko/context/ContextHandler')}
  0x0000024e1d678500: 48bf 2034 | d737 4e02 | 0000 458b | 4008 49ba | 0000 0000 | 0800 0000 | 4d03 c24c | 3b87 6002 
  0x0000024e1d678520: 0000 750d | 4883 8768 | 0200 0001 | e960 0000 | 004c 3b87 | 7002 0000 | 750d 4883 | 8778 0200 
  0x0000024e1d678540: 0001 e94a | 0000 0048 | 83bf 6002 | 0000 0075 | 174c 8987 | 6002 0000 | 48c7 8768 | 0200 0001 
  0x0000024e1d678560: 0000 00e9 | 2900 0000 | 4883 bf70 | 0200 0000 | 7517 4c89 | 8770 0200 | 0048 c787 | 7802 0000 
  0x0000024e1d678580: 0100 0000 | e908 0000 | 0048 8387 | 5002 0000 | 014c 8b84 | 24a8 0000 | 0048 8bd6 | 9048 b858 
  0x0000024e1d6785a0: 2138 0008 

  0x0000024e1d6785a4: ;   {virtual_call}
  0x0000024e1d6785a4: 0000 00e8 

  0x0000024e1d6785a8: ; ImmutableOopMap {[152]=Oop [160]=Oop [168]=Oop }
                      ;*invokeinterface invoke {reexecute=0 rethrow=0 return_oop=0}
                      ; - org.jetbrains.skiko.context.ContextHandler::draw@68 (line 45)
  0x0000024e1d6785a8: 343f 0000 

  0x0000024e1d6785ac: ;   {other}
  0x0000024e1d6785ac: 0f1f 8400 | 9c0b 0009 | 488b b424 | a800 0000 

  0x0000024e1d6785bc: ;   {metadata(method data for {method} {0x0000024e35e2e6f8} 'draw' '(Lorg/jetbrains/skiko/LayerDrawScope;)V' in 'org/jetbrains/skiko/context/ContextHandler')}
  0x0000024e1d6785bc: 488b d648 | bf20 34d7 | 374e 0200 | 0048 8387 | 8802 0000 

  0x0000024e1d6785d0: ;   {metadata(method data for {method} {0x0000024e35914cc8} 'restoreToCount' '(I)Lorg/jetbrains/skia/Canvas;' in 'org/jetbrains/skia/Canvas')}
  0x0000024e1d6785d0: 0148 baf0 | a344 374e | 0200 008b | bacc 0000 | 0083 c702 | 89ba cc00 | 0000 81e7 | feff 1f00 
  0x0000024e1d6785f0: 85ff 0f84 | 6507 0000 

  0x0000024e1d6785f8: ;   {oop(a 'org/jetbrains/skia/impl/Stats'{0x0000000703b57de0})}
  0x0000024e1d6785f8: 48ba e07d | b503 0700 | 0000 488b 

  0x0000024e1d678604: ;   {metadata(method data for {method} {0x0000024e35914cc8} 'restoreToCount' '(I)Lorg/jetbrains/skia/Canvas;' in 'org/jetbrains/skia/Canvas')}
  0x0000024e1d678604: fa48 bbf0 | a344 374e | 0200 0048 | 8383 1001 

  0x0000024e1d678614: ;   {optimized virtual_call}
  0x0000024e1d678614: 0000 01e8 

  0x0000024e1d678618: ; ImmutableOopMap {[152]=Oop [160]=Oop [168]=Oop }
                      ;*invokevirtual onNativeCall {reexecute=0 rethrow=0 return_oop=0}
                      ; - org.jetbrains.skia.Canvas::restoreToCount@3 (line 1548)
                      ; - org.jetbrains.skiko.context.ContextHandler::draw@79 (line 56)
  0x0000024e1d678618: 242d bf06 

  0x0000024e1d67861c: ;   {other}
  0x0000024e1d67861c: 0f1f 8400 | 0c0c 000a | 488b b424 | a800 0000 

  0x0000024e1d67862c: ;   {metadata(method data for {method} {0x0000024e35914cc8} 'restoreToCount' '(I)Lorg/jetbrains/skia/Canvas;' in 'org/jetbrains/skia/Canvas')}
  0x0000024e1d67862c: 48ba f0a3 | 4437 4e02 | 0000 4883 | 8248 0100 | 0001 488b | b424 a800 | 0000 488b 

  0x0000024e1d678648: ;   {metadata(method data for {method} {0x0000024e35914cc8} 'restoreToCount' '(I)Lorg/jetbrains/skia/Canvas;' in 'org/jetbrains/skia/Canvas')}
  0x0000024e1d678648: 5610 49b8 | f0a3 4437 | 4e02 0000 | 4983 8080 | 0100 0001 

  0x0000024e1d67865c: ;   {metadata(method data for {method} {0x0000024e366dc738} 'access$_nRestoreToCount' '(JI)V' in 'org/jetbrains/skia/CanvasKt')}
  0x0000024e1d67865c: 49b8 c8a5 | 4437 4e02 | 0000 418b | b8cc 0000 | 0083 c702 | 4189 b8cc | 0000 0081 | e7fe ff1f 
  0x0000024e1d67867c: 0085 ff0f | 84f9 0600 

  0x0000024e1d678684: ;   {metadata(method data for {method} {0x0000024e366dc738} 'access$_nRestoreToCount' '(JI)V' in 'org/jetbrains/skia/CanvasKt')}
  0x0000024e1d678684: 0049 b8c8 | a544 374e | 0200 0049 | 8380 1001 | 0000 0144 | 8b84 24b0 

  0x0000024e1d67869c: ;   {static_call}
  0x0000024e1d67869c: 0000 00e8 

  0x0000024e1d6786a0: ; ImmutableOopMap {[152]=Oop [160]=Oop [168]=Oop }
                      ;*invokestatic _nRestoreToCount {reexecute=0 rethrow=0 return_oop=0}
                      ; - org.jetbrains.skia.CanvasKt::access$_nRestoreToCount@2 (line 1)
                      ; - org.jetbrains.skia.Canvas::restoreToCount@11 (line 1549)
                      ; - org.jetbrains.skiko.context.ContextHandler::draw@79 (line 56)
  0x0000024e1d6786a0: bc25 c206 

  0x0000024e1d6786a4: ;   {other}
  0x0000024e1d6786a4: 0f1f 8400 | 940c 000b 

  0x0000024e1d6786ac: ;   {metadata(method data for {method} {0x0000024e35e2e6f8} 'draw' '(Lorg/jetbrains/skiko/LayerDrawScope;)V' in 'org/jetbrains/skiko/context/ContextHandler')}
  0x0000024e1d6786ac: 49b8 2034 | d737 4e02 | 0000 41ff | 80c0 0200 

  0x0000024e1d6786bc: ;   {metadata(method data for {method} {0x0000024e35e2e6f8} 'draw' '(Lorg/jetbrains/skiko/LayerDrawScope;)V' in 'org/jetbrains/skiko/context/ContextHandler')}
  0x0000024e1d6786bc: 0049 b820 | 34d7 374e | 0200 0041 | ff80 1003 | 0000 488b | 9424 9800 

  0x0000024e1d6786d4: ;   {metadata(method data for {method} {0x0000024e35e2e6f8} 'draw' '(Lorg/jetbrains/skiko/LayerDrawScope;)V' in 'org/jetbrains/skiko/context/ContextHandler')}
  0x0000024e1d6786d4: 0000 49b8 | 2034 d737 | 4e02 0000 | 4983 8040 | 0300 0001 | 4c8b 8424 | a000 0000 | 488b 9424 
  0x0000024e1d6786f4: 9800 0000 | 0f1f 8000 

  0x0000024e1d6786fc: ;   {optimized virtual_call}
  0x0000024e1d6786fc: 0000 00e8 

  0x0000024e1d678700: ; ImmutableOopMap {}
                      ;*invokevirtual flush {reexecute=0 rethrow=0 return_oop=0}
                      ; - org.jetbrains.skiko.context.ContextHandler::draw@106 (line 47)
  0x0000024e1d678700: bcb9 f1ff 

  0x0000024e1d678704: ;   {other}
  0x0000024e1d678704: 0f1f 8400 | f40c 000c | 4881 c4d0 | 0000 005d 

  0x0000024e1d678714: ;   {poll_return}
  0x0000024e1d678714: 493b a750 | 0400 000f | 877e 0600 | 00c3 660f | 1f44 0000 

  0x0000024e1d678728: ;   {no_reloc}
  0x0000024e1d678728: e997 0600 | 0000 0000 | 0000 80ba | 6101 0000 | 040f 8594 | 0600 0049 | 8b87 b801 | 0000 488d 
  0x0000024e1d678748: 7828 493b | bfc8 0100 | 000f 877c | 0600 0049 | 89bf b801 | 0000 48c7 | 0001 0000 | 0048 8bca 
  0x0000024e1d678768: 49ba 0000 | 0000 0800 | 0000 492b | ca89 4808 | 4833 c989 | 480c 4833 | c948 8948 | 1048 8948 
  0x0000024e1d678788: 1848 8948 | 204c 8bc0 

  0x0000024e1d678790: ;   {metadata(method data for {method} {0x0000024e35e2e6f8} 'draw' '(Lorg/jetbrains/skiko/LayerDrawScope;)V' in 'org/jetbrains/skiko/context/ContextHandler')}
  0x0000024e1d678790: 49b9 2034 | d737 4e02 | 0000 4983 | 8178 0100 

  0x0000024e1d6787a0: ;   {oop("Cannot init graphic context"{0x000000070472ec00})}
  0x0000024e1d6787a0: 0001 49b8 | 00ec 7204 | 0700 0000 

  0x0000024e1d6787ac: ;   {oop(nullptr)}
  0x0000024e1d6787ac: 49b9 0000 | 0000 0000 | 0000 bf02 

  0x0000024e1d6787b8: ;   {oop(nullptr)}
  0x0000024e1d6787b8: 0000 0048 | be00 0000 | 0000 0000 | 0048 8bd0 | 4889 8424 | b800 0000 | 0f1f 8000 

  0x0000024e1d6787d4: ;   {optimized virtual_call}
  0x0000024e1d6787d4: 0000 00e8 

  0x0000024e1d6787d8: ; ImmutableOopMap {[184]=Oop }
                      ;*invokespecial <init> {reexecute=0 rethrow=0 return_oop=0}
                      ; - org.jetbrains.skiko.context.ContextHandler::draw@22 (line 40)
  0x0000024e1d6787d8: a462 3d06 

  0x0000024e1d6787dc: ;   {other}
  0x0000024e1d6787dc: 0f1f 8400 | cc0d 000d | 488b 8424 | b800 0000 | e9e0 0600 

  0x0000024e1d6787f0: ;   {metadata(method data for {method} {0x0000024e347070f0} 'sanitizeStackTrace' '(Ljava/lang/Throwable;)Ljava/lang/Throwable;' in 'kotlin/jvm/internal/Intrinsics')}
  0x0000024e1d6787f0: 0048 bae0 | 7c8f 344e | 0200 0048 | 8382 4801 | 0000 0148 | 8bd0 4c8b | c666 0f1f 

  0x0000024e1d67880c: ;   {static_call}
  0x0000024e1d67880c: 4400 00e8 

  0x0000024e1d678810: ; ImmutableOopMap {[152]=Oop [160]=Oop }
                      ;*invokestatic sanitizeStackTrace {reexecute=0 rethrow=0 return_oop=0}
                      ; - kotlin.jvm.internal.Intrinsics::sanitizeStackTrace@6 (line 253)
                      ; - kotlin.jvm.internal.Intrinsics::throwParameterIsNullNPE@11 (line 140)
                      ; - kotlin.jvm.internal.Intrinsics::checkNotNullParameter@5 (line 131)
                      ; - org.jetbrains.skiko.context.ContextHandler::draw@3
  0x0000024e1d678810: 6c68 3d06 

  0x0000024e1d678814: ;   {other}
  0x0000024e1d678814: 0f1f 8400 | 040e 000e | 4885 c075 

  0x0000024e1d678820: ;   {metadata(method data for {method} {0x0000024e34706008} 'throwParameterIsNullNPE' '(Ljava/lang/String;)V' in 'kotlin/jvm/internal/Intrinsics')}
  0x0000024e1d678820: 1648 be28 | 7b8f 344e | 0200 0080 | 8e39 0100 | 0001 e9cd 

  0x0000024e1d678834: ;   {metadata('java/lang/NullPointerException')}
  0x0000024e1d678834: 0000 0048 | bfb0 e005 | 0008 0000 | 008b 7008 | 49ba 0000 | 0000 0800 | 0000 4903 | f248 3b7e 
  0x0000024e1d678854: 500f 858d 

  0x0000024e1d678858: ;   {metadata(method data for {method} {0x0000024e34706008} 'throwParameterIsNullNPE' '(Ljava/lang/String;)V' in 'kotlin/jvm/internal/Intrinsics')}
  0x0000024e1d678858: 0000 0048 | be28 7b8f | 344e 0200 | 008b 7808 | 49ba 0000 | 0000 0800 | 0000 4903 | fa48 3bbe 
  0x0000024e1d678878: 5001 0000 | 750d 4883 | 8658 0100 | 0001 e979 | 0000 0048 | 3bbe 6001 | 0000 750d | 4883 8668 
  0x0000024e1d678898: 0100 0001 | e963 0000 | 0048 83be | 5001 0000 | 0075 1748 | 89be 5001 | 0000 48c7 | 8658 0100 
  0x0000024e1d6788b8: 0001 0000 | 00e9 4200 | 0000 4883 | be60 0100 | 0000 7517 | 4889 be60 | 0100 0048 | c786 6801 
  0x0000024e1d6788d8: 0000 0100 | 0000 e921 | 0000 00e9 | 1c00 0000 

  0x0000024e1d6788e8: ;   {metadata(method data for {method} {0x0000024e34706008} 'throwParameterIsNullNPE' '(Ljava/lang/String;)V' in 'kotlin/jvm/internal/Intrinsics')}
  0x0000024e1d6788e8: 48be 287b | 8f34 4e02 | 0000 4883 | ae40 0100 | 0001 e9e1 | 0400 00e9 | 0000 0000 

  0x0000024e1d678904: ; implicit exception: dispatches to 0x0000024e1d678de9
  0x0000024e1d678904: 483b 00e9 | c505 0000 | 498b 8700 | 0500 004d | 33d2 4d89 | 9700 0500 | 004d 33d2 | 4d89 9708 
  0x0000024e1d678924: ;   {metadata(method data for {method} {0x0000024e35912030} 'clear' '(I)Lorg/jetbrains/skia/Canvas;' in 'org/jetbrains/skia/Canvas')}
  0x0000024e1d678924: 0500 0048 | ba10 ccfb | 364e 0200 | 0048 8382 | b801 0000 

  0x0000024e1d678938: ;   {metadata(method data for {method} {0x0000024e35b36e38} 'reachabilityBarrier' '(Ljava/lang/Object;)V' in 'org/jetbrains/skia/impl/Native_jvmKt')}
  0x0000024e1d678938: 0148 ba00 | 40e2 364e | 0200 008b | b2cc 0000 | 0083 c602 | 89b2 cc00 | 0000 81e6 | feff 1f00 
  0x0000024e1d678958: 85f6 0f84 | 8e04 0000 

  0x0000024e1d678960: ;   {metadata(method data for {method} {0x0000024e35b36e38} 'reachabilityBarrier' '(Ljava/lang/Object;)V' in 'org/jetbrains/skia/impl/Native_jvmKt')}
  0x0000024e1d678960: 48ba 0040 | e236 4e02 | 0000 4883 | 8210 0100 

  0x0000024e1d678970: ;   {metadata(method data for {method} {0x0000024e34043338} 'reachabilityFence' '(Ljava/lang/Object;)V' in 'java/lang/ref/Reference')}
  0x0000024e1d678970: 0001 48ba | 1854 6134 | 4e02 0000 | 8bb2 cc00 | 0000 83c6 | 0289 b2cc | 0000 0081 | e6fe ff1f 
  0x0000024e1d678990: 0085 f60f | 8476 0400 

  0x0000024e1d678998: ; ImmutableOopMap {rax=Oop [152]=Oop [160]=Oop [168]=Oop }
                      ;*athrow {reexecute=1 rethrow=0 return_oop=0}
                      ; - (reexecute) org.jetbrains.skia.Canvas::clear@28 (line 1077)
                      ; - org.jetbrains.skiko.context.ContextHandler::draw@58 (line 44)
                      ;   {section_word}
  0x0000024e1d678998: 0048 ba99 | 8967 1d4e 

  0x0000024e1d6789a0: ;   {runtime_call handle_exception_nofpu Runtime1 stub}
  0x0000024e1d6789a0: 0200 00e8 | d825 4906 | 9049 8b87 | 0005 0000 | 4d33 d24d | 8997 0005 | 0000 4d33 | d24d 8997 
  0x0000024e1d6789c0: 0805 0000 | 4889 8424 | c000 0000 | 488b b424 | a800 0000 

  0x0000024e1d6789d4: ;   {metadata(method data for {method} {0x0000024e35e2e6f8} 'draw' '(Lorg/jetbrains/skiko/LayerDrawScope;)V' in 'org/jetbrains/skiko/context/ContextHandler')}
  0x0000024e1d6789d4: 488b d648 | bb20 34d7 | 374e 0200 | 0048 8383 | d802 0000 

  0x0000024e1d6789e8: ;   {metadata(method data for {method} {0x0000024e35914cc8} 'restoreToCount' '(I)Lorg/jetbrains/skia/Canvas;' in 'org/jetbrains/skia/Canvas')}
  0x0000024e1d6789e8: 0148 baf0 | a344 374e | 0200 008b | 9acc 0000 | 0083 c302 | 899a cc00 | 0000 81e3 | feff 1f00 
  0x0000024e1d678a08: 85db 0f84 | 2004 0000 

  0x0000024e1d678a10: ;   {oop(a 'org/jetbrains/skia/impl/Stats'{0x0000000703b57de0})}
  0x0000024e1d678a10: 48ba e07d | b503 0700 | 0000 488b 

  0x0000024e1d678a1c: ;   {metadata(method data for {method} {0x0000024e35914cc8} 'restoreToCount' '(I)Lorg/jetbrains/skia/Canvas;' in 'org/jetbrains/skia/Canvas')}
  0x0000024e1d678a1c: da48 b9f0 | a344 374e | 0200 0048 | 8381 1001 

  0x0000024e1d678a2c: ;   {optimized virtual_call}
  0x0000024e1d678a2c: 0000 01e8 

  0x0000024e1d678a30: ; ImmutableOopMap {[168]=Oop [192]=Oop }
                      ;*invokevirtual onNativeCall {reexecute=0 rethrow=0 return_oop=0}
                      ; - org.jetbrains.skia.Canvas::restoreToCount@3 (line 1548)
                      ; - org.jetbrains.skiko.context.ContextHandler::draw@91 (line 56)
  0x0000024e1d678a30: 4c60 3d06 

  0x0000024e1d678a34: ;   {other}
  0x0000024e1d678a34: 0f1f 8400 | 2410 0010 | 488b b424 | a800 0000 

  0x0000024e1d678a44: ;   {metadata(method data for {method} {0x0000024e35914cc8} 'restoreToCount' '(I)Lorg/jetbrains/skia/Canvas;' in 'org/jetbrains/skia/Canvas')}
  0x0000024e1d678a44: 48ba f0a3 | 4437 4e02 | 0000 4883 | 8248 0100 | 0001 488b | b424 a800 | 0000 488b 

  0x0000024e1d678a60: ;   {metadata(method data for {method} {0x0000024e35914cc8} 'restoreToCount' '(I)Lorg/jetbrains/skia/Canvas;' in 'org/jetbrains/skia/Canvas')}
  0x0000024e1d678a60: 5610 49b8 | f0a3 4437 | 4e02 0000 | 4983 8080 | 0100 0001 

  0x0000024e1d678a74: ;   {metadata(method data for {method} {0x0000024e366dc738} 'access$_nRestoreToCount' '(JI)V' in 'org/jetbrains/skia/CanvasKt')}
  0x0000024e1d678a74: 49b8 c8a5 | 4437 4e02 | 0000 418b | b8cc 0000 | 0083 c702 | 4189 b8cc | 0000 0081 | e7fe ff1f 
  0x0000024e1d678a94: 0085 ff0f | 84b4 0300 

  0x0000024e1d678a9c: ;   {metadata(method data for {method} {0x0000024e366dc738} 'access$_nRestoreToCount' '(JI)V' in 'org/jetbrains/skia/CanvasKt')}
  0x0000024e1d678a9c: 0049 b8c8 | a544 374e | 0200 0049 | 8380 1001 | 0000 0144 | 8b84 24b0 

  0x0000024e1d678ab4: ;   {static_call}
  0x0000024e1d678ab4: 0000 00e8 

  0x0000024e1d678ab8: ; ImmutableOopMap {[168]=Oop [192]=Oop }
                      ;*invokestatic _nRestoreToCount {reexecute=0 rethrow=0 return_oop=0}
                      ; - org.jetbrains.skia.CanvasKt::access$_nRestoreToCount@2 (line 1)
                      ; - org.jetbrains.skia.Canvas::restoreToCount@11 (line 1549)
                      ; - org.jetbrains.skiko.context.ContextHandler::draw@91 (line 56)
  0x0000024e1d678ab8: c465 3d06 

  0x0000024e1d678abc: ;   {other}
  0x0000024e1d678abc: 0f1f 8400 | ac10 0011 | 488b 8424 | c000 0000 | e900 0400 | 0049 8b87 | 0005 0000 | 4d33 d24d 
  0x0000024e1d678adc: 8997 0005 | 0000 4d33 | d24d 8997 | 0805 0000 | 488b b424 | a800 0000 | 4c8b 8424 | a000 0000 
  0x0000024e1d678afc: 488b 9424 | 9800 0000 

  0x0000024e1d678b04: ;   {metadata(method data for {method} {0x0000024e35914548} 'save' '()I' in 'org/jetbrains/skia/Canvas')}
  0x0000024e1d678b04: 48bf 7827 | e936 4e02 | 0000 4883 | 87b8 0100 

  0x0000024e1d678b14: ;   {metadata(method data for {method} {0x0000024e35b36e38} 'reachabilityBarrier' '(Ljava/lang/Object;)V' in 'org/jetbrains/skia/impl/Native_jvmKt')}
  0x0000024e1d678b14: 0001 48bf | 0040 e236 | 4e02 0000 | 8b9f cc00 | 0000 83c3 | 0289 9fcc | 0000 0081 | e3fe ff1f 
  0x0000024e1d678b34: 0085 db0f | 8435 0300 

  0x0000024e1d678b3c: ;   {metadata(method data for {method} {0x0000024e35b36e38} 'reachabilityBarrier' '(Ljava/lang/Object;)V' in 'org/jetbrains/skia/impl/Native_jvmKt')}
  0x0000024e1d678b3c: 0048 bf00 | 40e2 364e | 0200 0048 | 8387 1001 

  0x0000024e1d678b4c: ;   {metadata(method data for {method} {0x0000024e34043338} 'reachabilityFence' '(Ljava/lang/Object;)V' in 'java/lang/ref/Reference')}
  0x0000024e1d678b4c: 0000 0148 | bf18 5461 | 344e 0200 | 008b 9fcc | 0000 0083 | c302 899f | cc00 0000 | 81e3 feff 
  0x0000024e1d678b6c: 1f00 85db | 0f84 1d03 | 0000 e956 

  0x0000024e1d678b78: ;   {metadata({method} {0x0000024e35e2e6f8} 'draw' '(Lorg/jetbrains/skiko/LayerDrawScope;)V' in 'org/jetbrains/skiko/context/ContextHandler')}
  0x0000024e1d678b78: 0300 0049 | baf0 e6e2 | 354e 0200 | 004c 8954 | 2408 48c7 | 0424 ffff 

  0x0000024e1d678b90: ;   {runtime_call counter_overflow Runtime1 stub}
  0x0000024e1d678b90: ffff e8e9 

  0x0000024e1d678b94: ; ImmutableOopMap {rdx=Oop r8=Oop [152]=Oop }
                      ;*synchronization entry
                      ; - org.jetbrains.skiko.context.ContextHandler::draw@-1
  0x0000024e1d678b94: 0549 06e9 | 72f2 ffff 

  0x0000024e1d678b9c: ;   {metadata({method} {0x0000024e34705e00} 'checkNotNullParameter' '(Ljava/lang/Object;Ljava/lang/String;)V' in 'kotlin/jvm/internal/Intrinsics')}
  0x0000024e1d678b9c: 49ba f85d | 7034 4e02 | 0000 4c89 | 5424 0848 | c704 24ff 

  0x0000024e1d678bb0: ;   {runtime_call counter_overflow Runtime1 stub}
  0x0000024e1d678bb0: ffff ffe8 

  0x0000024e1d678bb4: ; ImmutableOopMap {rdx=Oop r8=Oop [152]=Oop }
                      ;*synchronization entry
                      ; - kotlin.jvm.internal.Intrinsics::checkNotNullParameter@-1 (line 130)
                      ; - org.jetbrains.skiko.context.ContextHandler::draw@3
  0x0000024e1d678bb4: c805 4906 | e98a f2ff 

  0x0000024e1d678bbc: ;   {metadata({method} {0x0000024e34706008} 'throwParameterIsNullNPE' '(Ljava/lang/String;)V' in 'kotlin/jvm/internal/Intrinsics')}
  0x0000024e1d678bbc: ff49 ba00 | 6070 344e | 0200 004c | 8954 2408 | 48c7 0424 | ffff ffff 

  0x0000024e1d678bd4: ;   {runtime_call counter_overflow Runtime1 stub}
  0x0000024e1d678bd4: e8a7 0549 

  0x0000024e1d678bd8: ; ImmutableOopMap {[152]=Oop [160]=Oop }
                      ;*synchronization entry
                      ; - kotlin.jvm.internal.Intrinsics::throwParameterIsNullNPE@-1 (line 140)
                      ; - kotlin.jvm.internal.Intrinsics::checkNotNullParameter@5 (line 131)
                      ; - org.jetbrains.skiko.context.ContextHandler::draw@3
  0x0000024e1d678bd8: 06e9 d9f2 

  0x0000024e1d678bdc: ;   {metadata(nullptr)}
  0x0000024e1d678bdc: ffff 48ba | 0000 0000 | 0000 0000 | b800 0f05 

  0x0000024e1d678bec: ;   {runtime_call load_klass_patching Runtime1 stub}
  0x0000024e1d678bec: 0ae8 0eff 

  0x0000024e1d678bf0: ; ImmutableOopMap {[152]=Oop [160]=Oop }
                      ;*new {reexecute=1 rethrow=0 return_oop=0}
                      ; - (reexecute) kotlin.jvm.internal.Intrinsics::throwParameterIsNullNPE@0 (line 140)
                      ; - kotlin.jvm.internal.Intrinsics::checkNotNullParameter@5 (line 131)
                      ; - org.jetbrains.skiko.context.ContextHandler::draw@3
  0x0000024e1d678bf0: 3f06 e9c1 | f2ff ff48 

  0x0000024e1d678bf8: ;   {runtime_call fast_new_instance Runtime1 stub}
  0x0000024e1d678bf8: 8bd2 e881 

  0x0000024e1d678bfc: ; ImmutableOopMap {[152]=Oop [160]=Oop }
                      ;*new {reexecute=0 rethrow=0 return_oop=0}
                      ; - kotlin.jvm.internal.Intrinsics::throwParameterIsNullNPE@0 (line 140)
                      ; - kotlin.jvm.internal.Intrinsics::checkNotNullParameter@5 (line 131)
                      ; - org.jetbrains.skiko.context.ContextHandler::draw@3
  0x0000024e1d678bfc: 1449 06e9 | 10f3 ffff 

  0x0000024e1d678c04: ;   {metadata({method} {0x0000024e347070f0} 'sanitizeStackTrace' '(Ljava/lang/Throwable;)Ljava/lang/Throwable;' in 'kotlin/jvm/internal/Intrinsics')}
  0x0000024e1d678c04: 49ba e870 | 7034 4e02 | 0000 4c89 | 5424 0848 | c704 24ff 

  0x0000024e1d678c18: ;   {runtime_call counter_overflow Runtime1 stub}
  0x0000024e1d678c18: ffff ffe8 

  0x0000024e1d678c1c: ; ImmutableOopMap {[144]=Oop [152]=Oop [160]=Oop }
                      ;*synchronization entry
                      ; - kotlin.jvm.internal.Intrinsics::sanitizeStackTrace@-1 (line 253)
                      ; - kotlin.jvm.internal.Intrinsics::throwParameterIsNullNPE@11 (line 140)
                      ; - kotlin.jvm.internal.Intrinsics::checkNotNullParameter@5 (line 131)
                      ; - org.jetbrains.skiko.context.ContextHandler::draw@3
  0x0000024e1d678c1c: 6005 4906 | e998 f3ff 

  0x0000024e1d678c24: ;   {metadata({method} {0x0000024e34017e78} 'getName' '()Ljava/lang/String;' in 'java/lang/Class')}
  0x0000024e1d678c24: ff49 ba70 | 7e01 344e | 0200 004c | 8954 2408 | 48c7 0424 | ffff ffff 

  0x0000024e1d678c3c: ;   {runtime_call counter_overflow Runtime1 stub}
  0x0000024e1d678c3c: e83f 0549 

  0x0000024e1d678c40: ; ImmutableOopMap {rdx=Oop [144]=Oop [152]=Oop [160]=Oop }
                      ;*synchronization entry
                      ; - java.lang.Class::getName@-1
                      ; - kotlin.jvm.internal.Intrinsics::sanitizeStackTrace@3 (line 253)
                      ; - kotlin.jvm.internal.Intrinsics::throwParameterIsNullNPE@11 (line 140)
                      ; - kotlin.jvm.internal.Intrinsics::checkNotNullParameter@5 (line 131)
                      ; - org.jetbrains.skiko.context.ContextHandler::draw@3
  0x0000024e1d678c40: 06e9 bdf3 

  0x0000024e1d678c44: ;   {runtime_call throw_null_pointer_exception Runtime1 stub}
  0x0000024e1d678c44: ffff e8b5 

  0x0000024e1d678c48: ; ImmutableOopMap {[144]=Oop [152]=Oop [160]=Oop }
                      ;*getfield name {reexecute=1 rethrow=0 return_oop=0}
                      ; - (reexecute) java.lang.Class::getName@1
                      ; - kotlin.jvm.internal.Intrinsics::sanitizeStackTrace@3 (line 253)
                      ; - kotlin.jvm.internal.Intrinsics::throwParameterIsNullNPE@11 (line 140)
                      ; - kotlin.jvm.internal.Intrinsics::checkNotNullParameter@5 (line 131)
                      ; - org.jetbrains.skiko.context.ContextHandler::draw@3
                      ;   {runtime_call throw_null_pointer_exception Runtime1 stub}
  0x0000024e1d678c48: f83f 06e8 

  0x0000024e1d678c4c: ; ImmutableOopMap {rsi=Oop [152]=Oop [160]=Oop [168]=Oop }
                      ;*invokevirtual save {reexecute=0 rethrow=0 return_oop=0}
                      ; - org.jetbrains.skiko.context.ContextHandler::draw@43 (line 52)
  0x0000024e1d678c4c: b0f8 3f06 

  0x0000024e1d678c50: ;   {metadata({method} {0x0000024e35914548} 'save' '()I' in 'org/jetbrains/skia/Canvas')}
  0x0000024e1d678c50: 49ba 4045 | 9135 4e02 | 0000 4c89 | 5424 0848 | c704 24ff 

  0x0000024e1d678c64: ;   {runtime_call counter_overflow Runtime1 stub}
  0x0000024e1d678c64: ffff ffe8 

  0x0000024e1d678c68: ; ImmutableOopMap {rsi=Oop [152]=Oop [160]=Oop [168]=Oop }
                      ;*synchronization entry
                      ; - org.jetbrains.skia.Canvas::save@-1 (line 1429)
                      ; - org.jetbrains.skiko.context.ContextHandler::draw@43 (line 52)
  0x0000024e1d678c68: 1405 4906 | e9c0 f5ff 

  0x0000024e1d678c70: ;   {metadata({method} {0x0000024e366dc0e8} 'access$_nSave' '(J)I' in 'org/jetbrains/skia/CanvasKt')}
  0x0000024e1d678c70: ff49 bae0 | c06d 364e | 0200 004c | 8954 2408 | 48c7 0424 | ffff ffff 

  0x0000024e1d678c88: ;   {runtime_call counter_overflow Runtime1 stub}
  0x0000024e1d678c88: e8f3 0449 

  0x0000024e1d678c8c: ; ImmutableOopMap {rsi=Oop [152]=Oop [160]=Oop [168]=Oop }
                      ;*synchronization entry
                      ; - org.jetbrains.skia.CanvasKt::access$_nSave@-1
                      ; - org.jetbrains.skia.Canvas::save@11 (line 1431)
                      ; - org.jetbrains.skiko.context.ContextHandler::draw@43 (line 52)
  0x0000024e1d678c8c: 06e9 31f6 

  0x0000024e1d678c90: ;   {metadata({method} {0x0000024e35b36e38} 'reachabilityBarrier' '(Ljava/lang/Object;)V' in 'org/jetbrains/skia/impl/Native_jvmKt')}
  0x0000024e1d678c90: ffff 49ba | 306e b335 | 4e02 0000 | 4c89 5424 | 0848 c704 | 24ff ffff 

  0x0000024e1d678ca8: ;   {runtime_call counter_overflow Runtime1 stub}
  0x0000024e1d678ca8: ffe8 d204 

  0x0000024e1d678cac: ; ImmutableOopMap {[152]=Oop [160]=Oop [168]=Oop }
                      ;*synchronization entry
                      ; - org.jetbrains.skia.impl.Native_jvmKt::reachabilityBarrier@-1 (line 46)
                      ; - org.jetbrains.skia.Canvas::save@16 (line 1433)
                      ; - org.jetbrains.skiko.context.ContextHandler::draw@43 (line 52)
  0x0000024e1d678cac: 4906 e971 

  0x0000024e1d678cb0: ;   {metadata({method} {0x0000024e34043338} 'reachabilityFence' '(Ljava/lang/Object;)V' in 'java/lang/ref/Reference')}
  0x0000024e1d678cb0: f6ff ff49 | ba30 3304 | 344e 0200 | 004c 8954 | 2408 48c7 | 0424 ffff 

  0x0000024e1d678cc8: ;   {runtime_call counter_overflow Runtime1 stub}
  0x0000024e1d678cc8: ffff e8b1 

  0x0000024e1d678ccc: ; ImmutableOopMap {[152]=Oop [160]=Oop [168]=Oop }
                      ;*synchronization entry
                      ; - java.lang.ref.Reference::reachabilityFence@-1
                      ; - org.jetbrains.skia.impl.Native_jvmKt::reachabilityBarrier@1 (line 46)
                      ; - org.jetbrains.skia.Canvas::save@16 (line 1433)
                      ; - org.jetbrains.skiko.context.ContextHandler::draw@43 (line 52)
  0x0000024e1d678ccc: 0449 06e9 | 89f6 ffff 

  0x0000024e1d678cd4: ;   {metadata({method} {0x0000024e35912030} 'clear' '(I)Lorg/jetbrains/skia/Canvas;' in 'org/jetbrains/skia/Canvas')}
  0x0000024e1d678cd4: 49ba 2820 | 9135 4e02 | 0000 4c89 | 5424 0848 | c704 24ff 

  0x0000024e1d678ce8: ;   {runtime_call counter_overflow Runtime1 stub}
  0x0000024e1d678ce8: ffff ffe8 

  0x0000024e1d678cec: ; ImmutableOopMap {[152]=Oop [160]=Oop [168]=Oop }
                      ;*synchronization entry
                      ; - org.jetbrains.skia.Canvas::clear@-1 (line 1073)
                      ; - org.jetbrains.skiko.context.ContextHandler::draw@58 (line 44)
  0x0000024e1d678cec: 9004 4906 | e9b9 f6ff 

  0x0000024e1d678cf4: ;   {metadata({method} {0x0000024e366db9f8} 'access$_nClear' '(JI)V' in 'org/jetbrains/skia/CanvasKt')}
  0x0000024e1d678cf4: ff49 baf0 | b96d 364e | 0200 004c | 8954 2408 | 48c7 0424 | ffff ffff 

  0x0000024e1d678d0c: ;   {runtime_call counter_overflow Runtime1 stub}
  0x0000024e1d678d0c: e86f 0449 

  0x0000024e1d678d10: ; ImmutableOopMap {rsi=Oop [152]=Oop [160]=Oop [168]=Oop }
                      ;*synchronization entry
                      ; - org.jetbrains.skia.CanvasKt::access$_nClear@-1
                      ; - org.jetbrains.skia.Canvas::clear@12 (line 1075)
                      ; - org.jetbrains.skiko.context.ContextHandler::draw@58 (line 44)
  0x0000024e1d678d10: 06e9 22f7 

  0x0000024e1d678d14: ;   {metadata({method} {0x0000024e35b36e38} 'reachabilityBarrier' '(Ljava/lang/Object;)V' in 'org/jetbrains/skia/impl/Native_jvmKt')}
  0x0000024e1d678d14: ffff 49ba | 306e b335 | 4e02 0000 | 4c89 5424 | 0848 c704 | 24ff ffff 

  0x0000024e1d678d2c: ;   {runtime_call counter_overflow Runtime1 stub}
  0x0000024e1d678d2c: ffe8 4e04 

  0x0000024e1d678d30: ; ImmutableOopMap {[152]=Oop [160]=Oop [168]=Oop }
                      ;*synchronization entry
                      ; - org.jetbrains.skia.impl.Native_jvmKt::reachabilityBarrier@-1 (line 46)
                      ; - org.jetbrains.skia.Canvas::clear@16 (line 1077)
                      ; - org.jetbrains.skiko.context.ContextHandler::draw@58 (line 44)
  0x0000024e1d678d30: 4906 e968 

  0x0000024e1d678d34: ;   {metadata({method} {0x0000024e34043338} 'reachabilityFence' '(Ljava/lang/Object;)V' in 'java/lang/ref/Reference')}
  0x0000024e1d678d34: f7ff ff49 | ba30 3304 | 344e 0200 | 004c 8954 | 2408 48c7 | 0424 ffff 

  0x0000024e1d678d4c: ;   {runtime_call counter_overflow Runtime1 stub}
  0x0000024e1d678d4c: ffff e82d 

  0x0000024e1d678d50: ; ImmutableOopMap {[152]=Oop [160]=Oop [168]=Oop }
                      ;*synchronization entry
                      ; - java.lang.ref.Reference::reachabilityFence@-1
                      ; - org.jetbrains.skia.impl.Native_jvmKt::reachabilityBarrier@1 (line 46)
                      ; - org.jetbrains.skia.Canvas::clear@16 (line 1077)
                      ; - org.jetbrains.skiko.context.ContextHandler::draw@58 (line 44)
  0x0000024e1d678d50: 0449 06e9 | 82f7 ffff 

  0x0000024e1d678d58: ;   {runtime_call throw_null_pointer_exception Runtime1 stub}
  0x0000024e1d678d58: e8a3 f73f 

  0x0000024e1d678d5c: ; ImmutableOopMap {rdx=Oop rsi=Oop [152]=Oop [160]=Oop [168]=Oop }
                      ;*invokeinterface invoke {reexecute=0 rethrow=0 return_oop=0}
                      ; - org.jetbrains.skiko.context.ContextHandler::draw@68 (line 45)
                      ;   {metadata({method} {0x0000024e35914cc8} 'restoreToCount' '(I)Lorg/jetbrains/skia/Canvas;' in 'org/jetbrains/skia/Canvas')}
  0x0000024e1d678d5c: 0649 bac0 | 4c91 354e | 0200 004c | 8954 2408 | 48c7 0424 | ffff ffff 

  0x0000024e1d678d74: ;   {runtime_call counter_overflow Runtime1 stub}
  0x0000024e1d678d74: e807 0449 

  0x0000024e1d678d78: ; ImmutableOopMap {rsi=Oop [152]=Oop [160]=Oop [168]=Oop }
                      ;*synchronization entry
                      ; - org.jetbrains.skia.Canvas::restoreToCount@-1 (line 1548)
                      ; - org.jetbrains.skiko.context.ContextHandler::draw@79 (line 56)
  0x0000024e1d678d78: 06e9 7af8 

  0x0000024e1d678d7c: ;   {metadata({method} {0x0000024e366dc738} 'access$_nRestoreToCount' '(JI)V' in 'org/jetbrains/skia/CanvasKt')}
  0x0000024e1d678d7c: ffff 49ba | 30c7 6d36 | 4e02 0000 | 4c89 5424 | 0848 c704 | 24ff ffff 

  0x0000024e1d678d94: ;   {runtime_call counter_overflow Runtime1 stub}
  0x0000024e1d678d94: ffe8 e603 

  0x0000024e1d678d98: ; ImmutableOopMap {rsi=Oop [152]=Oop [160]=Oop [168]=Oop }
                      ;*synchronization entry
                      ; - org.jetbrains.skia.CanvasKt::access$_nRestoreToCount@-1
                      ; - org.jetbrains.skia.Canvas::restoreToCount@11 (line 1549)
                      ; - org.jetbrains.skiko.context.ContextHandler::draw@79 (line 56)
  0x0000024e1d678d98: 4906 e9e6 

  0x0000024e1d678d9c: ;   {internal_word}
  0x0000024e1d678d9c: f8ff ff49 | ba14 8767 | 1d4e 0200 | 004d 8997 | 6804 0000 

  0x0000024e1d678db0: ;   {runtime_call SafepointBlob}
  0x0000024e1d678db0: e9cb c63d 

  0x0000024e1d678db4: ;   {metadata(nullptr)}
  0x0000024e1d678db4: 0648 ba00 | 0000 0000 | 0000 00b8 | 000f 050a 

  0x0000024e1d678dc4: ;   {runtime_call load_klass_patching Runtime1 stub}
  0x0000024e1d678dc4: e837 fd3f 

  0x0000024e1d678dc8: ; ImmutableOopMap {}
                      ;*new {reexecute=1 rethrow=0 return_oop=0}
                      ; - (reexecute) org.jetbrains.skiko.context.ContextHandler::draw@13 (line 40)
  0x0000024e1d678dc8: 06e9 5af9 

  0x0000024e1d678dcc: ;   {runtime_call throw_null_pointer_exception Runtime1 stub}
  0x0000024e1d678dcc: ffff e82d 

  0x0000024e1d678dd0: ; ImmutableOopMap {}
                      ;*new {reexecute=0 rethrow=0 return_oop=0}
                      ; - org.jetbrains.skiko.context.ContextHandler::draw@13 (line 40)
  0x0000024e1d678dd0: f73f 0648 

  0x0000024e1d678dd4: ;   {runtime_call fast_new_instance_init_check Runtime1 stub}
  0x0000024e1d678dd4: 8bd2 e8a5 

  0x0000024e1d678dd8: ; ImmutableOopMap {}
                      ;*new {reexecute=0 rethrow=0 return_oop=0}
                      ; - org.jetbrains.skiko.context.ContextHandler::draw@13 (line 40)
  0x0000024e1d678dd8: 1549 06e9 | adf9 ffff | 4889 0424 

  0x0000024e1d678de4: ;   {runtime_call throw_class_cast_exception Runtime1 stub}
  0x0000024e1d678de4: e897 2d49 

  0x0000024e1d678de8: ; ImmutableOopMap {[152]=Oop [160]=Oop }
                      ;*checkcast {reexecute=0 rethrow=0 return_oop=0}
                      ; - kotlin.jvm.internal.Intrinsics::throwParameterIsNullNPE@14 (line 140)
                      ; - kotlin.jvm.internal.Intrinsics::checkNotNullParameter@5 (line 131)
                      ; - org.jetbrains.skiko.context.ContextHandler::draw@3
                      ;   {runtime_call throw_null_pointer_exception Runtime1 stub}
  0x0000024e1d678de8: 06e8 12f7 

  0x0000024e1d678dec: ; ImmutableOopMap {rax=Oop [152]=Oop [160]=Oop }
                      ;*athrow {reexecute=1 rethrow=0 return_oop=0}
                      ; - (reexecute) kotlin.jvm.internal.Intrinsics::throwParameterIsNullNPE@17 (line 140)
                      ; - kotlin.jvm.internal.Intrinsics::checkNotNullParameter@5 (line 131)
                      ; - org.jetbrains.skiko.context.ContextHandler::draw@3
                      ;   {metadata({method} {0x0000024e35b36e38} 'reachabilityBarrier' '(Ljava/lang/Object;)V' in 'org/jetbrains/skia/impl/Native_jvmKt')}
  0x0000024e1d678dec: 3f06 49ba | 306e b335 | 4e02 0000 | 4c89 5424 | 0848 c704 | 24ff ffff 

  0x0000024e1d678e04: ;   {runtime_call counter_overflow Runtime1 stub}
  0x0000024e1d678e04: ffe8 7603 

  0x0000024e1d678e08: ; ImmutableOopMap {rax=Oop [152]=Oop [160]=Oop [168]=Oop }
                      ;*synchronization entry
                      ; - org.jetbrains.skia.impl.Native_jvmKt::reachabilityBarrier@-1 (line 46)
                      ; - org.jetbrains.skia.Canvas::clear@24 (line 1077)
                      ; - org.jetbrains.skiko.context.ContextHandler::draw@58 (line 44)
  0x0000024e1d678e08: 4906 e951 

  0x0000024e1d678e0c: ;   {metadata({method} {0x0000024e34043338} 'reachabilityFence' '(Ljava/lang/Object;)V' in 'java/lang/ref/Reference')}
  0x0000024e1d678e0c: fbff ff49 | ba30 3304 | 344e 0200 | 004c 8954 | 2408 48c7 | 0424 ffff 

  0x0000024e1d678e24: ;   {runtime_call counter_overflow Runtime1 stub}
  0x0000024e1d678e24: ffff e855 

  0x0000024e1d678e28: ; ImmutableOopMap {rax=Oop [152]=Oop [160]=Oop [168]=Oop }
                      ;*synchronization entry
                      ; - java.lang.ref.Reference::reachabilityFence@-1
                      ; - org.jetbrains.skia.impl.Native_jvmKt::reachabilityBarrier@1 (line 46)
                      ; - org.jetbrains.skia.Canvas::clear@24 (line 1077)
                      ; - org.jetbrains.skiko.context.ContextHandler::draw@58 (line 44)
  0x0000024e1d678e28: 0349 06e9 | 69fb ffff 

  0x0000024e1d678e30: ;   {metadata({method} {0x0000024e35914cc8} 'restoreToCount' '(I)Lorg/jetbrains/skia/Canvas;' in 'org/jetbrains/skia/Canvas')}
  0x0000024e1d678e30: 49ba c04c | 9135 4e02 | 0000 4c89 | 5424 0848 | c704 24ff 

  0x0000024e1d678e44: ;   {runtime_call counter_overflow Runtime1 stub}
  0x0000024e1d678e44: ffff ffe8 

  0x0000024e1d678e48: ; ImmutableOopMap {rsi=Oop [168]=Oop [192]=Oop }
                      ;*synchronization entry
                      ; - org.jetbrains.skia.Canvas::restoreToCount@-1 (line 1548)
                      ; - org.jetbrains.skiko.context.ContextHandler::draw@91 (line 56)
  0x0000024e1d678e48: 3403 4906 | e9bf fbff 

  0x0000024e1d678e50: ;   {metadata({method} {0x0000024e366dc738} 'access$_nRestoreToCount' '(JI)V' in 'org/jetbrains/skia/CanvasKt')}
  0x0000024e1d678e50: ff49 ba30 | c76d 364e | 0200 004c | 8954 2408 | 48c7 0424 | ffff ffff 

  0x0000024e1d678e68: ;   {runtime_call counter_overflow Runtime1 stub}
  0x0000024e1d678e68: e813 0349 

  0x0000024e1d678e6c: ; ImmutableOopMap {rsi=Oop [168]=Oop [192]=Oop }
                      ;*synchronization entry
                      ; - org.jetbrains.skia.CanvasKt::access$_nRestoreToCount@-1
                      ; - org.jetbrains.skia.Canvas::restoreToCount@11 (line 1549)
                      ; - org.jetbrains.skiko.context.ContextHandler::draw@91 (line 56)
  0x0000024e1d678e6c: 06e9 2bfc 

  0x0000024e1d678e70: ;   {metadata({method} {0x0000024e35b36e38} 'reachabilityBarrier' '(Ljava/lang/Object;)V' in 'org/jetbrains/skia/impl/Native_jvmKt')}
  0x0000024e1d678e70: ffff 49ba | 306e b335 | 4e02 0000 | 4c89 5424 | 0848 c704 | 24ff ffff 

  0x0000024e1d678e88: ;   {runtime_call counter_overflow Runtime1 stub}
  0x0000024e1d678e88: ffe8 f202 

  0x0000024e1d678e8c: ; ImmutableOopMap {rax=Oop r8=Oop rsi=Oop rdx=Oop [152]=Oop [168]=Oop }
                      ;*synchronization entry
                      ; - org.jetbrains.skia.impl.Native_jvmKt::reachabilityBarrier@-1 (line 46)
                      ; - org.jetbrains.skia.Canvas::save@24 (line 1433)
                      ; - org.jetbrains.skiko.context.ContextHandler::draw@43 (line 52)
  0x0000024e1d678e8c: 4906 e9aa 

  0x0000024e1d678e90: ;   {metadata({method} {0x0000024e34043338} 'reachabilityFence' '(Ljava/lang/Object;)V' in 'java/lang/ref/Reference')}
  0x0000024e1d678e90: fcff ff49 | ba30 3304 | 344e 0200 | 004c 8954 | 2408 48c7 | 0424 ffff 

  0x0000024e1d678ea8: ;   {runtime_call counter_overflow Runtime1 stub}
  0x0000024e1d678ea8: ffff e8d1 

  0x0000024e1d678eac: ; ImmutableOopMap {rax=Oop r8=Oop rsi=Oop rdx=Oop [152]=Oop [168]=Oop }
                      ;*synchronization entry
                      ; - java.lang.ref.Reference::reachabilityFence@-1
                      ; - org.jetbrains.skia.impl.Native_jvmKt::reachabilityBarrier@1 (line 46)
                      ; - org.jetbrains.skia.Canvas::save@24 (line 1433)
                      ; - org.jetbrains.skiko.context.ContextHandler::draw@43 (line 52)
  0x0000024e1d678eac: 0249 06e9 | c2fc ffff | 498b 8700 | 0500 0049 | c787 0005 | 0000 0000 | 0000 49c7 | 8708 0500 
  0x0000024e1d678ecc: 0000 0000 | 0048 81c4 | d000 0000 

  0x0000024e1d678ed8: ;   {runtime_call unwind_exception Runtime1 stub}
  0x0000024e1d678ed8: 5de9 a21f | 4006 f4f4 
[Stub Code]
  0x0000024e1d678ee0: ;   {no_reloc}
  0x0000024e1d678ee0: 0f1f 4400 

  0x0000024e1d678ee4: ;   {static_stub}
  0x0000024e1d678ee4: 0048 bb00 | 0000 0000 

  0x0000024e1d678eec: ;   {runtime_call nmethod}
  0x0000024e1d678eec: 0000 00e9 | fbff ffff 

  0x0000024e1d678ef4: ;   {static_stub}
  0x0000024e1d678ef4: 9048 bb00 | 0000 0000 

  0x0000024e1d678efc: ;   {runtime_call nmethod}
  0x0000024e1d678efc: 0000 00e9 | fbff ffff 

  0x0000024e1d678f04: ;   {static_stub}
  0x0000024e1d678f04: 9048 bb00 | 0000 0000 

  0x0000024e1d678f0c: ;   {runtime_call nmethod}
  0x0000024e1d678f0c: 0000 00e9 | fbff ffff 

  0x0000024e1d678f14: ;   {static_stub}
  0x0000024e1d678f14: 9048 bb00 | 0000 0000 

  0x0000024e1d678f1c: ;   {runtime_call nmethod}
  0x0000024e1d678f1c: 0000 00e9 | fbff ffff 

  0x0000024e1d678f24: ;   {static_stub}
  0x0000024e1d678f24: 9048 bb00 | 0000 0000 

  0x0000024e1d678f2c: ;   {runtime_call nmethod}
  0x0000024e1d678f2c: 0000 00e9 | fbff ffff 

  0x0000024e1d678f34: ;   {static_stub}
  0x0000024e1d678f34: 48bb 0000 | 0000 0000 

  0x0000024e1d678f3c: ;   {runtime_call nmethod}
  0x0000024e1d678f3c: 0000 e9fb 

  0x0000024e1d678f40: ;   {static_stub}
  0x0000024e1d678f40: ffff ff48 | bb00 0000 | 0000 0000 

  0x0000024e1d678f4c: ;   {runtime_call nmethod}
  0x0000024e1d678f4c: 00e9 fbff 

  0x0000024e1d678f50: ;   {static_stub}
  0x0000024e1d678f50: ffff 48bb | 0000 0000 | 0000 0000 

  0x0000024e1d678f5c: ;   {runtime_call nmethod}
  0x0000024e1d678f5c: e9fb ffff 

  0x0000024e1d678f60: ;   {static_stub}
  0x0000024e1d678f60: ff48 bb00 | 0000 0000 

  0x0000024e1d678f68: ;   {runtime_call nmethod}
  0x0000024e1d678f68: 0000 00e9 | fbff ffff 

  0x0000024e1d678f70: ;   {static_stub}
  0x0000024e1d678f70: 48bb 0000 | 0000 0000 

  0x0000024e1d678f78: ;   {runtime_call nmethod}
  0x0000024e1d678f78: 0000 e9fb 

  0x0000024e1d678f7c: ;   {static_stub}
  0x0000024e1d678f7c: ffff ff48 | bb00 0000 | 0000 0000 

  0x0000024e1d678f88: ;   {runtime_call nmethod}
  0x0000024e1d678f88: 00e9 fbff 

  0x0000024e1d678f8c: ;   {static_stub}
  0x0000024e1d678f8c: ffff 48bb | 0000 0000 | 0000 0000 

  0x0000024e1d678f98: ;   {runtime_call nmethod}
  0x0000024e1d678f98: e9fb ffff 

  0x0000024e1d678f9c: ;   {static_stub}
  0x0000024e1d678f9c: ff48 bb00 | 0000 0000 

  0x0000024e1d678fa4: ;   {runtime_call nmethod}
  0x0000024e1d678fa4: 0000 00e9 | fbff ffff 
[Exception Handler]
  0x0000024e1d678fac: ;   {runtime_call handle_exception_from_callee Runtime1 stub}
  0x0000024e1d678fac: e8cf 2549 

  0x0000024e1d678fb0: ;   {external_word}
  0x0000024e1d678fb0: 0648 b9d0 | 61f7 12fa | 7f00 0048 

  0x0000024e1d678fbc: ;   {runtime_call}
  0x0000024e1d678fbc: 83e4 f048 | b890 dbc5 | 12fa 7f00 | 00ff d0f4 
[Deopt Handler Code]
  0x0000024e1d678fcc: ;   {section_word}
  0x0000024e1d678fcc: 49ba cc8f | 671d 4e02 | 0000 4152 

  0x0000024e1d678fd8: ;   {runtime_call DeoptimizationBlob}
  0x0000024e1d678fd8: e943 b73d | 06f4 f4f4 
[/MachCode]


Compiled method (c1) 1271295 9080   !   3       org.jetbrains.skiko.redrawer.Direct3DRedrawer::drawAndSwap (57 bytes)
 total in heap  [0x0000024e1d598f90,0x0000024e1d59a108] = 4472
 relocation     [0x0000024e1d5990f0,0x0000024e1d599208] = 280
 main code      [0x0000024e1d599220,0x0000024e1d599b20] = 2304
 stub code      [0x0000024e1d599b20,0x0000024e1d599bc0] = 160
 oops           [0x0000024e1d599bc0,0x0000024e1d599bd8] = 24
 metadata       [0x0000024e1d599bd8,0x0000024e1d599c18] = 64
 scopes data    [0x0000024e1d599c18,0x0000024e1d599db8] = 416
 scopes pcs     [0x0000024e1d599db8,0x0000024e1d599f58] = 416
 dependencies   [0x0000024e1d599f58,0x0000024e1d599f70] = 24
 handler table  [0x0000024e1d599f70,0x0000024e1d59a0d8] = 360
 nul chk table  [0x0000024e1d59a0d8,0x0000024e1d59a108] = 48

[Constant Pool (empty)]

[MachCode]
[Entry Point]
  # {method} {0x0000024e35e22e70} 'drawAndSwap' '(Lorg/jetbrains/skiko/LayerDrawScope;Z)V' in 'org/jetbrains/skiko/redrawer/Direct3DRedrawer'
  # this:     rdx:rdx   = 'org/jetbrains/skiko/redrawer/Direct3DRedrawer'
  # parm0:    r8:r8     = 'org/jetbrains/skiko/LayerDrawScope'
  # parm1:    r9        = boolean
  #           [sp+0xe0]  (sp of caller)
  0x0000024e1d599220: 448b 5208 | 49bb 0000 | 0000 0800 | 0000 4d03 | d34c 3bd0 

  0x0000024e1d599234: ;   {runtime_call ic_miss_stub}
  0x0000024e1d599234: 0f85 4655 | 4b06 660f | 1f44 0000 
[Verified Entry Point]
  0x0000024e1d599240: 8984 2400 | 80ff ff55 | 4881 ecd0 | 0000 0090 | 4181 7f20 | 0a00 0000 

  0x0000024e1d599258: ;   {runtime_call StubRoutines (final stubs)}
  0x0000024e1d599258: 7405 e881 | 204a 0648 | 8994 24a0 

  0x0000024e1d599264: ;   {metadata(method data for {method} {0x0000024e35e22e70} 'drawAndSwap' '(Lorg/jetbrains/skiko/LayerDrawScope;Z)V' in 'org/jetbrains/skiko/redrawer/Direct3DRedrawer')}
  0x0000024e1d599264: 0000 0048 | b8c0 5ccf | 374e 0200 | 008b b0cc | 0000 0083 | c602 89b0 | cc00 0000 | 81e6 fe07 
  0x0000024e1d599284: 0000 85f6 | 0f84 b106 | 0000 8b5a | 4048 c1e3 | 0348 8db4 | 24b8 0000 | 0048 895e | 0848 8b03 
  0x0000024e1d5992a4: 4883 c801 | 4889 06f0 | 480f b133 | 0f84 1200 | 0000 482b | c448 2507 | f0ff ff48 | 8906 0f85 
  0x0000024e1d5992c4: 9d06 0000 | 49ff 8750 | 0500 0048 

  0x0000024e1d5992d0: ;   {metadata(method data for {method} {0x0000024e35e22e70} 'drawAndSwap' '(Lorg/jetbrains/skiko/LayerDrawScope;Z)V' in 'org/jetbrains/skiko/redrawer/Direct3DRedrawer')}
  0x0000024e1d5992d0: 8bf2 48bf | c05c cf37 | 4e02 0000 | 4883 8710 | 0100 0001 | 0fbe 720d | 83e6 0185 

  0x0000024e1d5992ec: ;   {metadata(method data for {method} {0x0000024e35e22e70} 'drawAndSwap' '(Lorg/jetbrains/skiko/LayerDrawScope;Z)V' in 'org/jetbrains/skiko/redrawer/Direct3DRedrawer')}
  0x0000024e1d5992ec: f648 bec0 | 5ccf 374e | 0200 0048 | c7c7 5801 | 0000 7507 | 48c7 c748 | 0100 0048 | 8b04 3e48 
  0x0000024e1d59930c: 8d40 0148 | 8904 3e0f | 854b 0400 | 0044 8b5a | 3c49 c1e3 | 034c 899c | 2490 0000 | 0049 3b00 
  0x0000024e1d59932c: ;   {metadata(method data for {method} {0x0000024e35e22e70} 'drawAndSwap' '(Lorg/jetbrains/skiko/LayerDrawScope;Z)V' in 'org/jetbrains/skiko/redrawer/Direct3DRedrawer')}
  0x0000024e1d59932c: 498b f048 | bfc0 5ccf | 374e 0200 | 0048 8387 | a001 0000 

  0x0000024e1d599340: ;   {metadata(method data for {method} {0x0000024e3594c4f8} 'draw$skiko' '(Lorg/jetbrains/skiko/context/ContextHandler;)V' in 'org/jetbrains/skiko/LayerDrawScope')}
  0x0000024e1d599340: 0148 be80 | 32d7 374e | 0200 008b | becc 0000 | 0083 c702 | 89be cc00 | 0000 81e7 | feff 1f00 
  0x0000024e1d599360: 85ff 0f84 | 1506 0000 

  0x0000024e1d599368: ;   {metadata(method data for {method} {0x0000024e3594c4f8} 'draw$skiko' '(Lorg/jetbrains/skiko/context/ContextHandler;)V' in 'org/jetbrains/skiko/LayerDrawScope')}
  0x0000024e1d599368: 48be 8032 | d737 4e02 | 0000 4883 | 8610 0100 

  0x0000024e1d599378: ;   {metadata(method data for {method} {0x0000024e34705e00} 'checkNotNullParameter' '(Ljava/lang/Object;Ljava/lang/String;)V' in 'kotlin/jvm/internal/Intrinsics')}
  0x0000024e1d599378: 0001 48be | a079 8f34 | 4e02 0000 | 8bbe cc00 | 0000 83c7 | 0289 becc | 0000 0081 | e7fe ff1f 
  0x0000024e1d599398: 0085 ff0f | 84fd 0500 | 004d 85db 

  0x0000024e1d5993a4: ;   {metadata(method data for {method} {0x0000024e34705e00} 'checkNotNullParameter' '(Ljava/lang/Object;Ljava/lang/String;)V' in 'kotlin/jvm/internal/Intrinsics')}
  0x0000024e1d5993a4: 48be a079 | 8f34 4e02 | 0000 48c7 | c710 0100 | 0075 0748 | c7c7 2001 | 0000 488b | 043e 488d 
  0x0000024e1d5993c4: 4001 4889 | 043e 4889 | 9c24 b000 | 0000 4489 | 8c24 a800 | 0000 4c89 | 8424 9800 | 0000 0f85 
  0x0000024e1d5993e4: 1c02 0000 

  0x0000024e1d5993e8: ;   {metadata(method data for {method} {0x0000024e34705e00} 'checkNotNullParameter' '(Ljava/lang/Object;Ljava/lang/String;)V' in 'kotlin/jvm/internal/Intrinsics')}
  0x0000024e1d5993e8: 48be a079 | 8f34 4e02 | 0000 4883 | 8630 0100 

  0x0000024e1d5993f8: ;   {metadata(method data for {method} {0x0000024e34706008} 'throwParameterIsNullNPE' '(Ljava/lang/String;)V' in 'kotlin/jvm/internal/Intrinsics')}
  0x0000024e1d5993f8: 0001 48be | 287b 8f34 | 4e02 0000 | 8bbe cc00 | 0000 83c7 | 0289 becc | 0000 0081 | e7fe ff1f 
  0x0000024e1d599418: 0085 ff0f | 849e 0500 | 000f 1f80 | 0000 0000 

  0x0000024e1d599428: ;   {no_reloc}
  0x0000024e1d599428: e9c2 0500 | 0000 0000 | 0000 498b | 87b8 0100 | 0048 8d78 | 3049 3bbf | c801 0000 | 0f87 af05 
  0x0000024e1d599448: 0000 4989 | bfb8 0100 | 0048 c700 | 0100 0000 | 488b ca49 | ba00 0000 | 0008 0000 | 0049 2bca 
  0x0000024e1d599468: 8948 0848 | 33c9 8948 | 0c48 33c9 | 4889 4810 | 4889 4818 | 4889 4820 | 4889 4828 

  0x0000024e1d599484: ;   {metadata(method data for {method} {0x0000024e34706008} 'throwParameterIsNullNPE' '(Ljava/lang/String;)V' in 'kotlin/jvm/internal/Intrinsics')}
  0x0000024e1d599484: 48ba 287b | 8f34 4e02 | 0000 4883 | 8210 0100 

  0x0000024e1d599494: ;   {oop("<this>"{0x00000007031984b0})}
  0x0000024e1d599494: 0001 48ba | b084 1903 | 0700 0000 | 4889 8424 | 8800 0000 | 0f1f 8000 

  0x0000024e1d5994ac: ;   {static_call}
  0x0000024e1d5994ac: 0000 00e8 

  0x0000024e1d5994b0: ; ImmutableOopMap {[136]=Oop [144]=Oop [152]=Oop [160]=Oop [176]=Oop [192]=Oop }
                      ;*invokestatic createParameterIsNullExceptionMessage {reexecute=0 rethrow=0 return_oop=0}
                      ; - kotlin.jvm.internal.Intrinsics::throwParameterIsNullNPE@5 (line 140)
                      ; - kotlin.jvm.internal.Intrinsics::checkNotNullParameter@5 (line 131)
                      ; - org.jetbrains.skiko.LayerDrawScope::draw$skiko@3
                      ; - org.jetbrains.skiko.redrawer.Direct3DRedrawer::drawAndSwap@30 (line 93)
  0x0000024e1d5994b0: cc5b 4b06 

  0x0000024e1d5994b4: ;   {other}
  0x0000024e1d5994b4: 0f1f 8400 | 2405 0000 | 4c8b 8424 | 8800 0000 

  0x0000024e1d5994c4: ;   {metadata(method data for {method} {0x0000024e34706008} 'throwParameterIsNullNPE' '(Ljava/lang/String;)V' in 'kotlin/jvm/internal/Intrinsics')}
  0x0000024e1d5994c4: 48ba 287b | 8f34 4e02 | 0000 4883 | 8220 0100 | 0001 4c8b | c048 8b94 | 2488 0000 | 0066 0f1f 
  0x0000024e1d5994e4: ;   {optimized virtual_call}
  0x0000024e1d5994e4: 4400 00e8 

  0x0000024e1d5994e8: ; ImmutableOopMap {[136]=Oop [144]=Oop [152]=Oop [160]=Oop [176]=Oop [192]=Oop }
                      ;*invokespecial <init> {reexecute=0 rethrow=0 return_oop=0}
                      ; - kotlin.jvm.internal.Intrinsics::throwParameterIsNullNPE@8 (line 140)
                      ; - kotlin.jvm.internal.Intrinsics::checkNotNullParameter@5 (line 131)
                      ; - org.jetbrains.skiko.LayerDrawScope::draw$skiko@3
                      ; - org.jetbrains.skiko.redrawer.Direct3DRedrawer::drawAndSwap@30 (line 93)
  0x0000024e1d5994e8: 9455 4b06 

  0x0000024e1d5994ec: ;   {other}
  0x0000024e1d5994ec: 0f1f 8400 | 5c05 0001 

  0x0000024e1d5994f4: ;   {metadata(method data for {method} {0x0000024e34706008} 'throwParameterIsNullNPE' '(Ljava/lang/String;)V' in 'kotlin/jvm/internal/Intrinsics')}
  0x0000024e1d5994f4: 48ba 287b | 8f34 4e02 | 0000 4883 | 8230 0100 

  0x0000024e1d599504: ;   {metadata(method data for {method} {0x0000024e347070f0} 'sanitizeStackTrace' '(Ljava/lang/Throwable;)Ljava/lang/Throwable;' in 'kotlin/jvm/internal/Intrinsics')}
  0x0000024e1d599504: 0001 48ba | e07c 8f34 | 4e02 0000 | 8bb2 cc00 | 0000 83c6 | 0289 b2cc | 0000 0081 | e6fe ff1f 
  0x0000024e1d599524: 0085 f60f | 84d9 0400 

  0x0000024e1d59952c: ;   {oop(a 'java/lang/Class'{0x000000070315c4c0} = 'kotlin/jvm/internal/Intrinsics')}
  0x0000024e1d59952c: 0048 bac0 | c415 0307 | 0000 0048 

  0x0000024e1d599538: ;   {metadata(method data for {method} {0x0000024e347070f0} 'sanitizeStackTrace' '(Ljava/lang/Throwable;)Ljava/lang/Throwable;' in 'kotlin/jvm/internal/Intrinsics')}
  0x0000024e1d599538: 8bf2 48bf | e07c 8f34 | 4e02 0000 | 4883 8710 | 0100 0001 

  0x0000024e1d59954c: ;   {metadata(method data for {method} {0x0000024e34017e78} 'getName' '()Ljava/lang/String;' in 'java/lang/Class')}
  0x0000024e1d59954c: 48be c8d8 | 6334 4e02 | 0000 8bbe | cc00 0000 | 83c7 0289 | becc 0000 | 0081 e7fe | ff1f 0085 
  0x0000024e1d59956c: ff0f 84b4 | 0400 008b | 522c 48c1 | e203 4885 

  0x0000024e1d59957c: ;   {metadata(method data for {method} {0x0000024e34017e78} 'getName' '()Ljava/lang/String;' in 'java/lang/Class')}
  0x0000024e1d59957c: d248 bec8 | d863 344e | 0200 0048 | c7c7 1001 | 0000 7407 | 48c7 c720 | 0100 0048 | 8b1c 3e48 
  0x0000024e1d59959c: 8d5b 0148 | 891c 3e0f | 8418 0000 

  0x0000024e1d5995a8: ;   {metadata(method data for {method} {0x0000024e34017e78} 'getName' '()Ljava/lang/String;' in 'java/lang/Class')}
  0x0000024e1d5995a8: 0048 bec8 | d863 344e | 0200 00ff | 8630 0100 | 0048 8bf2 | e936 0000 

  0x0000024e1d5995c0: ;   {oop(a 'java/lang/Class'{0x000000070315c4c0} = 'kotlin/jvm/internal/Intrinsics')}
  0x0000024e1d5995c0: 0048 bac0 | c415 0307 | 0000 0048 

  0x0000024e1d5995cc: ;   {metadata(method data for {method} {0x0000024e34017e78} 'getName' '()Ljava/lang/String;' in 'java/lang/Class')}
  0x0000024e1d5995cc: 8bf2 48bf | c8d8 6334 | 4e02 0000 | 4883 8748 | 0100 0001 | 0f1f 8000 

  0x0000024e1d5995e4: ;   {optimized virtual_call}
  0x0000024e1d5995e4: 0000 00e8 

  0x0000024e1d5995e8: ; ImmutableOopMap {[136]=Oop [144]=Oop [152]=Oop [160]=Oop [176]=Oop [192]=Oop }
                      ;*invokevirtual initClassName {reexecute=0 rethrow=0 return_oop=0}
                      ; - java.lang.Class::getName@14
                      ; - kotlin.jvm.internal.Intrinsics::sanitizeStackTrace@3 (line 253)
                      ; - kotlin.jvm.internal.Intrinsics::throwParameterIsNullNPE@11 (line 140)
                      ; - kotlin.jvm.internal.Intrinsics::checkNotNullParameter@5 (line 131)
                      ; - org.jetbrains.skiko.LayerDrawScope::draw$skiko@3
                      ; - org.jetbrains.skiko.redrawer.Direct3DRedrawer::drawAndSwap@30 (line 93)
  0x0000024e1d5995e8: 9454 4b06 

  0x0000024e1d5995ec: ;   {other}
  0x0000024e1d5995ec: 0f1f 8400 | 5c06 0002 | 488b f048 | 8b84 2488 | 0000 00e9 | a001 0000 

  0x0000024e1d599604: ; implicit exception: dispatches to 0x0000024e1d599a4d
  0x0000024e1d599604: 493b 034d 

  0x0000024e1d599608: ;   {metadata(method data for {method} {0x0000024e3594c4f8} 'draw$skiko' '(Lorg/jetbrains/skiko/context/ContextHandler;)V' in 'org/jetbrains/skiko/LayerDrawScope')}
  0x0000024e1d599608: 8bc3 48ba | 8032 d737 | 4e02 0000 | 4883 8220 | 0100 0001 | 4c8b 8424 | 9800 0000 

  0x0000024e1d599624: ;   {optimized virtual_call}
  0x0000024e1d599624: 498b d3e8 

  0x0000024e1d599628: ; ImmutableOopMap {[160]=Oop [176]=Oop [192]=Oop }
                      ;*invokevirtual draw {reexecute=0 rethrow=0 return_oop=0}
                      ; - org.jetbrains.skiko.LayerDrawScope::draw$skiko@8 (line 103)
                      ; - org.jetbrains.skiko.redrawer.Direct3DRedrawer::drawAndSwap@30 (line 93)
  0x0000024e1d599628: 94e7 0d00 

  0x0000024e1d59962c: ;   {other}
  0x0000024e1d59962c: 0f1f 8400 | 9c06 0003 | 488b 9424 | a000 0000 

  0x0000024e1d59963c: ;   {metadata(method data for {method} {0x0000024e35e22e70} 'drawAndSwap' '(Lorg/jetbrains/skiko/LayerDrawScope;Z)V' in 'org/jetbrains/skiko/redrawer/Direct3DRedrawer')}
  0x0000024e1d59963c: 488b f248 | bfc0 5ccf | 374e 0200 | 0048 8387 | d801 0000 

  0x0000024e1d599650: ;   {metadata(method data for {method} {0x0000024e35e232d0} 'swap' '(Z)V' in 'org/jetbrains/skiko/redrawer/Direct3DRedrawer')}
  0x0000024e1d599650: 0148 be38 | a744 374e | 0200 008b | becc 0000 | 0083 c702 | 89be cc00 | 0000 81e7 | feff 1f00 
  0x0000024e1d599670: 85ff 0f84 | da03 0000 | 0fbe 720e 

  0x0000024e1d59967c: ;   {metadata(method data for {method} {0x0000024e35e232d0} 'swap' '(Z)V' in 'org/jetbrains/skiko/redrawer/Direct3DRedrawer')}
  0x0000024e1d59967c: 85f6 48be | 38a7 4437 | 4e02 0000 | 48c7 c720 | 0100 0074 | 0748 c7c7 | 1001 0000 | 488b 1c3e 
  0x0000024e1d59969c: 488d 5b01 | 4889 1c3e | 0f84 6a00 | 0000 488b 

  0x0000024e1d5996ac: ;   {metadata(method data for {method} {0x0000024e35e232d0} 'swap' '(Z)V' in 'org/jetbrains/skiko/redrawer/Direct3DRedrawer')}
  0x0000024e1d5996ac: f248 bf38 | a744 374e | 0200 0048 | 8387 3001 | 0000 0148 | 8bf2 488b 

  0x0000024e1d5996c4: ;   {optimized virtual_call}
  0x0000024e1d5996c4: d666 90e8 

  0x0000024e1d5996c8: ; ImmutableOopMap {[160]=Oop [176]=Oop [192]=Oop }
                      ;*invokespecial getDevice {reexecute=0 rethrow=0 return_oop=0}
                      ; - org.jetbrains.skiko.redrawer.Direct3DRedrawer::swap@10 (line 122)
                      ; - org.jetbrains.skiko.redrawer.Direct3DRedrawer::drawAndSwap@35 (line 94)
  0x0000024e1d5996c8: f4ff b206 

  0x0000024e1d5996cc: ;   {other}
  0x0000024e1d5996cc: 0f1f 8400 | 3c07 0004 | 488b 9424 | a000 0000 

  0x0000024e1d5996dc: ;   {metadata(method data for {method} {0x0000024e35e232d0} 'swap' '(Z)V' in 'org/jetbrains/skiko/redrawer/Direct3DRedrawer')}
  0x0000024e1d5996dc: 49b8 38a7 | 4437 4e02 | 0000 4983 | 8040 0100 | 0001 4c8b | c044 8b8c | 24a8 0000 | 0048 8b94 
  0x0000024e1d5996fc: 24a0 0000 | 0066 0f1f 

  0x0000024e1d599704: ;   {optimized virtual_call}
  0x0000024e1d599704: 4400 00e8 

  0x0000024e1d599708: ; ImmutableOopMap {[176]=Oop [192]=Oop }
                      ;*invokespecial swap {reexecute=0 rethrow=0 return_oop=0}
                      ; - org.jetbrains.skiko.redrawer.Direct3DRedrawer::swap@14 (line 122)
                      ; - org.jetbrains.skiko.redrawer.Direct3DRedrawer::drawAndSwap@35 (line 94)
  0x0000024e1d599708: 3435 d006 

  0x0000024e1d59970c: ;   {other}
  0x0000024e1d59970c: 0f1f 8400 | 7c07 0005 | 488d 8424 | b800 0000 | 488b 1048 | 85d2 0f84 | 0f00 0000 | 4c8b 4008 
  0x0000024e1d59972c: f049 0fb1 | 100f 853c | 0300 0049 | ff8f 5005 

  0x0000024e1d59973c: ;   {metadata(method data for {method} {0x0000024e35e22e70} 'drawAndSwap' '(Lorg/jetbrains/skiko/LayerDrawScope;Z)V' in 'org/jetbrains/skiko/redrawer/Direct3DRedrawer')}
  0x0000024e1d59973c: 0000 48b8 | c05c cf37 | 4e02 0000 | ff80 e801 | 0000 4881 | c4d0 0000 

  0x0000024e1d599754: ;   {poll_return}
  0x0000024e1d599754: 005d 493b | a750 0400 | 000f 8726 | 0300 00c3 | 488d 8424 | b800 0000 | 488b 1048 | 85d2 0f84 
  0x0000024e1d599774: 0f00 0000 | 4c8b 4008 | f049 0fb1 | 100f 8518 | 0300 0049 | ff8f 5005 | 0000 4881 | c4d0 0000 
  0x0000024e1d599794: ;   {poll_return}
  0x0000024e1d599794: 005d 493b | a750 0400 | 000f 8712 | 0300 00c3 

  0x0000024e1d5997a4: ;   {metadata(method data for {method} {0x0000024e347070f0} 'sanitizeStackTrace' '(Ljava/lang/Throwable;)Ljava/lang/Throwable;' in 'kotlin/jvm/internal/Intrinsics')}
  0x0000024e1d5997a4: 48ba e07c | 8f34 4e02 | 0000 4883 | 8248 0100 | 0001 488b | d04c 8bc6 

  0x0000024e1d5997bc: ;   {static_call}
  0x0000024e1d5997bc: 6666 90e8 

  0x0000024e1d5997c0: ; ImmutableOopMap {[144]=Oop [152]=Oop [160]=Oop [176]=Oop [192]=Oop }
                      ;*invokestatic sanitizeStackTrace {reexecute=0 rethrow=0 return_oop=0}
                      ; - kotlin.jvm.internal.Intrinsics::sanitizeStackTrace@6 (line 253)
                      ; - kotlin.jvm.internal.Intrinsics::throwParameterIsNullNPE@11 (line 140)
                      ; - kotlin.jvm.internal.Intrinsics::checkNotNullParameter@5 (line 131)
                      ; - org.jetbrains.skiko.LayerDrawScope::draw$skiko@3
                      ; - org.jetbrains.skiko.redrawer.Direct3DRedrawer::drawAndSwap@30 (line 93)
  0x0000024e1d5997c0: bc58 4b06 

  0x0000024e1d5997c4: ;   {other}
  0x0000024e1d5997c4: 0f1f 8400 | 3408 0006 | 4c8b 9c24 | 9000 0000 | 488b 9c24 | b000 0000 | 448b 8c24 | a800 0000 
  0x0000024e1d5997e4: 4c8b 8424 | 9800 0000 | 488b b424 | a000 0000 | 4885 c075 

  0x0000024e1d5997f8: ;   {metadata(method data for {method} {0x0000024e34706008} 'throwParameterIsNullNPE' '(Ljava/lang/String;)V' in 'kotlin/jvm/internal/Intrinsics')}
  0x0000024e1d5997f8: 1648 bf28 | 7b8f 344e | 0200 0080 | 8f39 0100 | 0001 e9cd 

  0x0000024e1d59980c: ;   {metadata('java/lang/NullPointerException')}
  0x0000024e1d59980c: 0000 0048 | b9b0 e005 | 0008 0000 | 008b 7808 | 49ba 0000 | 0000 0800 | 0000 4903 | fa48 3b4f 
  0x0000024e1d59982c: 500f 858d 

  0x0000024e1d599830: ;   {metadata(method data for {method} {0x0000024e34706008} 'throwParameterIsNullNPE' '(Ljava/lang/String;)V' in 'kotlin/jvm/internal/Intrinsics')}
  0x0000024e1d599830: 0000 0048 | bf28 7b8f | 344e 0200 | 008b 4808 | 49ba 0000 | 0000 0800 | 0000 4903 | ca48 3b8f 
  0x0000024e1d599850: 5001 0000 | 750d 4883 | 8758 0100 | 0001 e979 | 0000 0048 | 3b8f 6001 | 0000 750d | 4883 8768 
  0x0000024e1d599870: 0100 0001 | e963 0000 | 0048 83bf | 5001 0000 | 0075 1748 | 898f 5001 | 0000 48c7 | 8758 0100 
  0x0000024e1d599890: 0001 0000 | 00e9 4200 | 0000 4883 | bf60 0100 | 0000 7517 | 4889 8f60 | 0100 0048 | c787 6801 
  0x0000024e1d5998b0: 0000 0100 | 0000 e921 | 0000 00e9 | 1c00 0000 

  0x0000024e1d5998c0: ;   {metadata(method data for {method} {0x0000024e34706008} 'throwParameterIsNullNPE' '(Ljava/lang/String;)V' in 'kotlin/jvm/internal/Intrinsics')}
  0x0000024e1d5998c0: 48bf 287b | 8f34 4e02 | 0000 4883 | af40 0100 | 0001 e9f4 | 0100 00e9 | 0000 0000 

  0x0000024e1d5998dc: ; implicit exception: dispatches to 0x0000024e1d599ad4
                      ; ImmutableOopMap {rbx=Oop r11=Oop rsi=Oop r8=Oop rax=Oop [144]=Oop [160]=Oop [192]=Oop }
                      ;*athrow {reexecute=1 rethrow=0 return_oop=0}
                      ; - (reexecute) kotlin.jvm.internal.Intrinsics::throwParameterIsNullNPE@17 (line 140)
                      ; - kotlin.jvm.internal.Intrinsics::checkNotNullParameter@5 (line 131)
                      ; - org.jetbrains.skiko.LayerDrawScope::draw$skiko@3
                      ; - org.jetbrains.skiko.redrawer.Direct3DRedrawer::drawAndSwap@30 (line 93)
                      ;   {section_word}
  0x0000024e1d5998dc: 483b 0048 | badf 9859 | 1d4e 0200 

  0x0000024e1d5998e8: ;   {runtime_call handle_exception_nofpu Runtime1 stub}
  0x0000024e1d5998e8: 00e8 9216 | 5706 9049 | 8b87 0005 | 0000 4d33 | d24d 8997 | 0005 0000 | 4d33 d24d | 8997 0805 
  0x0000024e1d599908: 0000 488b | f048 8d84 | 24b8 0000 | 0048 8b38 | 4885 ff0f | 840f 0000 | 0048 8b58 | 08f0 480f 
  0x0000024e1d599928: b13b 0f85 | a901 0000 | 49ff 8f50 | 0500 0048 | 8bc6 e9cd 

  0x0000024e1d59993c: ;   {metadata({method} {0x0000024e35e22e70} 'drawAndSwap' '(Lorg/jetbrains/skiko/LayerDrawScope;Z)V' in 'org/jetbrains/skiko/redrawer/Direct3DRedrawer')}
  0x0000024e1d59993c: 0100 0049 | ba68 2ee2 | 354e 0200 | 004c 8954 | 2408 48c7 | 0424 ffff 

  0x0000024e1d599954: ;   {runtime_call counter_overflow Runtime1 stub}
  0x0000024e1d599954: ffff e825 

  0x0000024e1d599958: ; ImmutableOopMap {rdx=Oop r8=Oop [160]=Oop }
                      ;*synchronization entry
                      ; - org.jetbrains.skiko.redrawer.Direct3DRedrawer::drawAndSwap@-1 (line 89)
  0x0000024e1d599958: f856 06e9 | 2ef9 ffff 

  0x0000024e1d599960: ;   {runtime_call throw_null_pointer_exception Runtime1 stub}
  0x0000024e1d599960: e89b eb4d 

  0x0000024e1d599964: ; ImmutableOopMap {rdx=Oop r8=Oop rbx=Oop [160]=Oop }
                      ;*monitorenter {reexecute=0 rethrow=0 return_oop=0}
                      ; - org.jetbrains.skiko.redrawer.Direct3DRedrawer::drawAndSwap@6 (line 89)
  0x0000024e1d599964: 0648 895c | 2408 4889 

  0x0000024e1d59996c: ;   {runtime_call monitorenter_nofpu Runtime1 stub}
  0x0000024e1d59996c: 3424 e80d 

  0x0000024e1d599970: ; ImmutableOopMap {rdx=Oop r8=Oop rbx=Oop [160]=Oop [192]=Oop }
                      ;*monitorenter {reexecute=0 rethrow=0 return_oop=0}
                      ; - org.jetbrains.skiko.redrawer.Direct3DRedrawer::drawAndSwap@6 (line 89)
  0x0000024e1d599970: 064e 06e9 | 57f9 ffff 

  0x0000024e1d599978: ;   {runtime_call throw_null_pointer_exception Runtime1 stub}
  0x0000024e1d599978: e883 eb4d 

  0x0000024e1d59997c: ; ImmutableOopMap {rdx=Oop r8=Oop rbx=Oop r11=Oop [144]=Oop [160]=Oop [192]=Oop }
                      ;*invokevirtual draw$skiko {reexecute=0 rethrow=0 return_oop=0}
                      ; - org.jetbrains.skiko.redrawer.Direct3DRedrawer::drawAndSwap@30 (line 93)
                      ;   {metadata({method} {0x0000024e3594c4f8} 'draw$skiko' '(Lorg/jetbrains/skiko/context/ContextHandler;)V' in 'org/jetbrains/skiko/LayerDrawScope')}
  0x0000024e1d59997c: 0649 baf0 | c494 354e | 0200 004c | 8954 2408 | 48c7 0424 | ffff ffff 

  0x0000024e1d599994: ;   {runtime_call counter_overflow Runtime1 stub}
  0x0000024e1d599994: e8e7 f756 

  0x0000024e1d599998: ; ImmutableOopMap {rdx=Oop r8=Oop rbx=Oop r11=Oop [144]=Oop [160]=Oop [192]=Oop }
                      ;*synchronization entry
                      ; - org.jetbrains.skiko.LayerDrawScope::draw$skiko@-1
                      ; - org.jetbrains.skiko.redrawer.Direct3DRedrawer::drawAndSwap@30 (line 93)
  0x0000024e1d599998: 06e9 caf9 

  0x0000024e1d59999c: ;   {metadata({method} {0x0000024e34705e00} 'checkNotNullParameter' '(Ljava/lang/Object;Ljava/lang/String;)V' in 'kotlin/jvm/internal/Intrinsics')}
  0x0000024e1d59999c: ffff 49ba | f85d 7034 | 4e02 0000 | 4c89 5424 | 0848 c704 | 24ff ffff 

  0x0000024e1d5999b4: ;   {runtime_call counter_overflow Runtime1 stub}
  0x0000024e1d5999b4: ffe8 c6f7 

  0x0000024e1d5999b8: ; ImmutableOopMap {rdx=Oop r8=Oop rbx=Oop r11=Oop [144]=Oop [160]=Oop [192]=Oop }
                      ;*synchronization entry
                      ; - kotlin.jvm.internal.Intrinsics::checkNotNullParameter@-1 (line 130)
                      ; - org.jetbrains.skiko.LayerDrawScope::draw$skiko@3
                      ; - org.jetbrains.skiko.redrawer.Direct3DRedrawer::drawAndSwap@30 (line 93)
  0x0000024e1d5999b8: 5606 e9e2 

  0x0000024e1d5999bc: ;   {metadata({method} {0x0000024e34706008} 'throwParameterIsNullNPE' '(Ljava/lang/String;)V' in 'kotlin/jvm/internal/Intrinsics')}
  0x0000024e1d5999bc: f9ff ff49 | ba00 6070 | 344e 0200 | 004c 8954 | 2408 48c7 | 0424 ffff 

  0x0000024e1d5999d4: ;   {runtime_call counter_overflow Runtime1 stub}
  0x0000024e1d5999d4: ffff e8a5 

  0x0000024e1d5999d8: ; ImmutableOopMap {[144]=Oop [152]=Oop [160]=Oop [176]=Oop [192]=Oop }
                      ;*synchronization entry
                      ; - kotlin.jvm.internal.Intrinsics::throwParameterIsNullNPE@-1 (line 140)
                      ; - kotlin.jvm.internal.Intrinsics::checkNotNullParameter@5 (line 131)
                      ; - org.jetbrains.skiko.LayerDrawScope::draw$skiko@3
                      ; - org.jetbrains.skiko.redrawer.Direct3DRedrawer::drawAndSwap@30 (line 93)
  0x0000024e1d5999d8: f756 06e9 | 41fa ffff 

  0x0000024e1d5999e0: ;   {metadata(nullptr)}
  0x0000024e1d5999e0: 48ba 0000 | 0000 0000 | 0000 b800 

  0x0000024e1d5999ec: ;   {runtime_call load_klass_patching Runtime1 stub}
  0x0000024e1d5999ec: 0f05 0ae8 

  0x0000024e1d5999f0: ; ImmutableOopMap {[144]=Oop [152]=Oop [160]=Oop [176]=Oop [192]=Oop }
                      ;*new {reexecute=1 rethrow=0 return_oop=0}
                      ; - (reexecute) kotlin.jvm.internal.Intrinsics::throwParameterIsNullNPE@0 (line 140)
                      ; - kotlin.jvm.internal.Intrinsics::checkNotNullParameter@5 (line 131)
                      ; - org.jetbrains.skiko.LayerDrawScope::draw$skiko@3
                      ; - org.jetbrains.skiko.redrawer.Direct3DRedrawer::drawAndSwap@30 (line 93)
  0x0000024e1d5999f0: 0cf1 4d06 | e92f faff | ff48 8bd2 

  0x0000024e1d5999fc: ;   {runtime_call fast_new_instance Runtime1 stub}
  0x0000024e1d5999fc: e87f 0657 

  0x0000024e1d599a00: ; ImmutableOopMap {[144]=Oop [152]=Oop [160]=Oop [176]=Oop [192]=Oop }
                      ;*new {reexecute=0 rethrow=0 return_oop=0}
                      ; - kotlin.jvm.internal.Intrinsics::throwParameterIsNullNPE@0 (line 140)
                      ; - kotlin.jvm.internal.Intrinsics::checkNotNullParameter@5 (line 131)
                      ; - org.jetbrains.skiko.LayerDrawScope::draw$skiko@3
                      ; - org.jetbrains.skiko.redrawer.Direct3DRedrawer::drawAndSwap@30 (line 93)
  0x0000024e1d599a00: 06e9 7efa 

  0x0000024e1d599a04: ;   {metadata({method} {0x0000024e347070f0} 'sanitizeStackTrace' '(Ljava/lang/Throwable;)Ljava/lang/Throwable;' in 'kotlin/jvm/internal/Intrinsics')}
  0x0000024e1d599a04: ffff 49ba | e870 7034 | 4e02 0000 | 4c89 5424 | 0848 c704 | 24ff ffff 

  0x0000024e1d599a1c: ;   {runtime_call counter_overflow Runtime1 stub}
  0x0000024e1d599a1c: ffe8 5ef7 

  0x0000024e1d599a20: ; ImmutableOopMap {[136]=Oop [144]=Oop [152]=Oop [160]=Oop [176]=Oop [192]=Oop }
                      ;*synchronization entry
                      ; - kotlin.jvm.internal.Intrinsics::sanitizeStackTrace@-1 (line 253)
                      ; - kotlin.jvm.internal.Intrinsics::throwParameterIsNullNPE@11 (line 140)
                      ; - kotlin.jvm.internal.Intrinsics::checkNotNullParameter@5 (line 131)
                      ; - org.jetbrains.skiko.LayerDrawScope::draw$skiko@3
                      ; - org.jetbrains.skiko.redrawer.Direct3DRedrawer::drawAndSwap@30 (line 93)
  0x0000024e1d599a20: 5606 e906 

  0x0000024e1d599a24: ;   {metadata({method} {0x0000024e34017e78} 'getName' '()Ljava/lang/String;' in 'java/lang/Class')}
  0x0000024e1d599a24: fbff ff49 | ba70 7e01 | 344e 0200 | 004c 8954 | 2408 48c7 | 0424 ffff 

  0x0000024e1d599a3c: ;   {runtime_call counter_overflow Runtime1 stub}
  0x0000024e1d599a3c: ffff e83d 

  0x0000024e1d599a40: ; ImmutableOopMap {rdx=Oop [136]=Oop [144]=Oop [152]=Oop [160]=Oop [176]=Oop [192]=Oop }
                      ;*synchronization entry
                      ; - java.lang.Class::getName@-1
                      ; - kotlin.jvm.internal.Intrinsics::sanitizeStackTrace@3 (line 253)
                      ; - kotlin.jvm.internal.Intrinsics::throwParameterIsNullNPE@11 (line 140)
                      ; - kotlin.jvm.internal.Intrinsics::checkNotNullParameter@5 (line 131)
                      ; - org.jetbrains.skiko.LayerDrawScope::draw$skiko@3
                      ; - org.jetbrains.skiko.redrawer.Direct3DRedrawer::drawAndSwap@30 (line 93)
  0x0000024e1d599a40: f756 06e9 | 2bfb ffff 

  0x0000024e1d599a48: ;   {runtime_call throw_null_pointer_exception Runtime1 stub}
  0x0000024e1d599a48: e8b3 ea4d 

  0x0000024e1d599a4c: ; ImmutableOopMap {[136]=Oop [144]=Oop [152]=Oop [160]=Oop [176]=Oop [192]=Oop }
                      ;*getfield name {reexecute=1 rethrow=0 return_oop=0}
                      ; - (reexecute) java.lang.Class::getName@1
                      ; - kotlin.jvm.internal.Intrinsics::sanitizeStackTrace@3 (line 253)
                      ; - kotlin.jvm.internal.Intrinsics::throwParameterIsNullNPE@11 (line 140)
                      ; - kotlin.jvm.internal.Intrinsics::checkNotNullParameter@5 (line 131)
                      ; - org.jetbrains.skiko.LayerDrawScope::draw$skiko@3
                      ; - org.jetbrains.skiko.redrawer.Direct3DRedrawer::drawAndSwap@30 (line 93)
                      ;   {runtime_call throw_null_pointer_exception Runtime1 stub}
  0x0000024e1d599a4c: 06e8 aeea 

  0x0000024e1d599a50: ; ImmutableOopMap {r11=Oop [144]=Oop [152]=Oop [160]=Oop [176]=Oop [192]=Oop }
                      ;*invokevirtual draw {reexecute=0 rethrow=0 return_oop=0}
                      ; - org.jetbrains.skiko.LayerDrawScope::draw$skiko@8 (line 103)
                      ; - org.jetbrains.skiko.redrawer.Direct3DRedrawer::drawAndSwap@30 (line 93)
                      ;   {metadata({method} {0x0000024e35e232d0} 'swap' '(Z)V' in 'org/jetbrains/skiko/redrawer/Direct3DRedrawer')}
  0x0000024e1d599a50: 4d06 49ba | c832 e235 | 4e02 0000 | 4c89 5424 | 0848 c704 | 24ff ffff 

  0x0000024e1d599a68: ;   {runtime_call counter_overflow Runtime1 stub}
  0x0000024e1d599a68: ffe8 12f7 

  0x0000024e1d599a6c: ; ImmutableOopMap {rdx=Oop [160]=Oop [176]=Oop [192]=Oop }
                      ;*synchronization entry
                      ; - org.jetbrains.skiko.redrawer.Direct3DRedrawer::swap@-1 (line 119)
                      ; - org.jetbrains.skiko.redrawer.Direct3DRedrawer::drawAndSwap@35 (line 94)
  0x0000024e1d599a6c: 5606 e905 | fcff ff48 | 8d84 24b8 | 0000 0048 

  0x0000024e1d599a7c: ;   {runtime_call monitorexit_nofpu Runtime1 stub}
  0x0000024e1d599a7c: 8904 24e8 | fcfe 4d06 | e9b5 fcff 

  0x0000024e1d599a88: ;   {internal_word}
  0x0000024e1d599a88: ff49 ba56 | 9759 1d4e | 0200 004d | 8997 6804 

  0x0000024e1d599a98: ;   {runtime_call SafepointBlob}
  0x0000024e1d599a98: 0000 e9e1 | b94b 0648 | 8d84 24b8 | 0000 0048 

  0x0000024e1d599aa8: ;   {runtime_call monitorexit_nofpu Runtime1 stub}
  0x0000024e1d599aa8: 8904 24e8 | d0fe 4d06 | e9d9 fcff 

  0x0000024e1d599ab4: ;   {internal_word}
  0x0000024e1d599ab4: ff49 ba96 | 9759 1d4e | 0200 004d | 8997 6804 

  0x0000024e1d599ac4: ;   {runtime_call SafepointBlob}
  0x0000024e1d599ac4: 0000 e9b5 | b94b 0648 

  0x0000024e1d599acc: ;   {runtime_call throw_class_cast_exception Runtime1 stub}
  0x0000024e1d599acc: 8904 24e8 

  0x0000024e1d599ad0: ; ImmutableOopMap {rbx=Oop r11=Oop rsi=Oop r8=Oop [144]=Oop [160]=Oop [192]=Oop }
                      ;*checkcast {reexecute=0 rethrow=0 return_oop=0}
                      ; - kotlin.jvm.internal.Intrinsics::throwParameterIsNullNPE@14 (line 140)
                      ; - kotlin.jvm.internal.Intrinsics::checkNotNullParameter@5 (line 131)
                      ; - org.jetbrains.skiko.LayerDrawScope::draw$skiko@3
                      ; - org.jetbrains.skiko.redrawer.Direct3DRedrawer::drawAndSwap@30 (line 93)
  0x0000024e1d599ad0: ac20 5706 

  0x0000024e1d599ad4: ;   {runtime_call throw_null_pointer_exception Runtime1 stub}
  0x0000024e1d599ad4: e827 ea4d 

  0x0000024e1d599ad8: ; ImmutableOopMap {rbx=Oop r11=Oop rsi=Oop r8=Oop rax=Oop [144]=Oop [160]=Oop [192]=Oop }
                      ;*athrow {reexecute=1 rethrow=0 return_oop=0}
                      ; - (reexecute) kotlin.jvm.internal.Intrinsics::throwParameterIsNullNPE@17 (line 140)
                      ; - kotlin.jvm.internal.Intrinsics::checkNotNullParameter@5 (line 131)
                      ; - org.jetbrains.skiko.LayerDrawScope::draw$skiko@3
                      ; - org.jetbrains.skiko.redrawer.Direct3DRedrawer::drawAndSwap@30 (line 93)
  0x0000024e1d599ad8: 0648 8d84 | 24b8 0000 | 0048 8904 

  0x0000024e1d599ae4: ;   {runtime_call monitorexit_nofpu Runtime1 stub}
  0x0000024e1d599ae4: 24e8 96fe | 4d06 e948 | feff ff49 | 8b87 0005 | 0000 49c7 | 8700 0500 | 0000 0000 | 0049 c787 
  0x0000024e1d599b04: 0805 0000 | 0000 0000 | 4881 c4d0 | 0000 005d 

  0x0000024e1d599b14: ;   {runtime_call unwind_exception Runtime1 stub}
  0x0000024e1d599b14: e967 134e | 06f4 f4f4 | f4f4 f4f4 
[Stub Code]
  0x0000024e1d599b20: ;   {no_reloc}
  0x0000024e1d599b20: 48bb 0000 | 0000 0000 

  0x0000024e1d599b28: ;   {runtime_call nmethod}
  0x0000024e1d599b28: 0000 e9fb 

  0x0000024e1d599b2c: ;   {static_stub}
  0x0000024e1d599b2c: ffff ff48 | bb00 0000 | 0000 0000 

  0x0000024e1d599b38: ;   {runtime_call nmethod}
  0x0000024e1d599b38: 00e9 fbff 

  0x0000024e1d599b3c: ;   {static_stub}
  0x0000024e1d599b3c: ffff 48bb | 0000 0000 | 0000 0000 

  0x0000024e1d599b48: ;   {runtime_call nmethod}
  0x0000024e1d599b48: e9fb ffff 

  0x0000024e1d599b4c: ;   {static_stub}
  0x0000024e1d599b4c: ff48 bb00 | 0000 0000 

  0x0000024e1d599b54: ;   {runtime_call nmethod}
  0x0000024e1d599b54: 0000 00e9 | fbff ffff 

  0x0000024e1d599b5c: ;   {static_stub}
  0x0000024e1d599b5c: 48bb f0e6 | e235 4e02 

  0x0000024e1d599b64: ;   {runtime_call I2C/C2I adapters}
  0x0000024e1d599b64: 0000 e97c 

  0x0000024e1d599b68: ;   {static_stub}
  0x0000024e1d599b68: a44b 0648 | bb00 0000 | 0000 0000 

  0x0000024e1d599b74: ;   {runtime_call nmethod}
  0x0000024e1d599b74: 00e9 fbff 

  0x0000024e1d599b78: ;   {static_stub}
  0x0000024e1d599b78: ffff 48bb | 0000 0000 | 0000 0000 

  0x0000024e1d599b84: ;   {runtime_call nmethod}
  0x0000024e1d599b84: e9fb ffff 

  0x0000024e1d599b88: ;   {runtime_call handle_exception_from_callee Runtime1 stub}
  0x0000024e1d599b88: ffe8 f219 

  0x0000024e1d599b8c: ;   {external_word}
  0x0000024e1d599b8c: 5706 48b9 | d061 f712 | fa7f 0000 | 4883 e4f0 

  0x0000024e1d599b9c: ;   {runtime_call}
  0x0000024e1d599b9c: 48b8 90db | c512 fa7f | 0000 ffd0 

  0x0000024e1d599ba8: ;   {section_word}
  0x0000024e1d599ba8: f449 baa9 | 9b59 1d4e | 0200 0041 

  0x0000024e1d599bb4: ;   {runtime_call DeoptimizationBlob}
  0x0000024e1d599bb4: 52e9 66ab | 4b06 f4f4 | f4f4 f4f4 
[/MachCode]


---------------  P R O C E S S  ---------------

Threads class SMR info:
_java_thread_list=0x0000024e42ca92b0, length=29, elements={
0x0000024e193a3660, 0x0000024e33384560, 0x0000024e3339b5c0, 0x0000024e33395490,
0x0000024e3339a250, 0x0000024e333bb720, 0x0000024e333bbd90, 0x0000024e333bc7f0,
0x0000024e33398630, 0x0000024e333990d0, 0x0000024e33e24780, 0x0000024e381da6c0,
0x0000024e383d48c0, 0x0000024e383d5f50, 0x0000024e38666a70, 0x0000024e386d1200,
0x0000024e386d04e0, 0x0000024e386d0b70, 0x0000024e386d1890, 0x0000024e386ceaa0,
0x0000024e386ce410, 0x0000024e386cf7c0, 0x0000024e386cfe50, 0x0000024e38dd5160,
0x0000024e38dd0fc0, 0x0000024e38dd6510, 0x0000024e38dd1ce0, 0x0000024e3a35b1e0,
0x0000024e43ef22c0
}

Java Threads: ( => current thread )
  0x0000024e193a3660 JavaThread "main"                              [_thread_blocked, id=30532, stack(0x000000d420100000,0x000000d420200000) (1024K)]
  0x0000024e33384560 JavaThread "Common-Cleaner"             daemon [_thread_blocked, id=32364, stack(0x000000d420900000,0x000000d420a00000) (1024K)]
  0x0000024e3339b5c0 JavaThread "Reference Handler"          daemon [_thread_blocked, id=29660, stack(0x000000d420a00000,0x000000d420b00000) (1024K)]
  0x0000024e33395490 JavaThread "Finalizer"                  daemon [_thread_blocked, id=33856, stack(0x000000d420b00000,0x000000d420c00000) (1024K)]
  0x0000024e3339a250 JavaThread "Signal Dispatcher"          daemon [_thread_blocked, id=26696, stack(0x000000d420c00000,0x000000d420d00000) (1024K)]
  0x0000024e333bb720 JavaThread "Attach Listener"            daemon [_thread_blocked, id=22500, stack(0x000000d420d00000,0x000000d420e00000) (1024K)]
  0x0000024e333bbd90 JavaThread "Service Thread"             daemon [_thread_blocked, id=2528, stack(0x000000d420e00000,0x000000d420f00000) (1024K)]
  0x0000024e333bc7f0 JavaThread "Monitor Deflation Thread"   daemon [_thread_blocked, id=9316, stack(0x000000d420f00000,0x000000d421000000) (1024K)]
  0x0000024e33398630 JavaThread "C2 CompilerThread0"         daemon [_thread_blocked, id=24860, stack(0x000000d421000000,0x000000d421100000) (1024K)]
  0x0000024e333990d0 JavaThread "C1 CompilerThread0"         daemon [_thread_blocked, id=37236, stack(0x000000d421100000,0x000000d421200000) (1024K)]
  0x0000024e33e24780 JavaThread "DevTools: Stderr"           daemon [_thread_in_native, id=34768, stack(0x000000d421300000,0x000000d421400000) (1024K)]
  0x0000024e381da6c0 JavaThread "Hot Reload Main"            daemon [_thread_blocked, id=33800, stack(0x000000d421200000,0x000000d421300000) (1024K)]
  0x0000024e383d48c0 JavaThread "Orchestration IO: Writer"   daemon [_thread_blocked, id=22556, stack(0x000000d421400000,0x000000d421500000) (1024K)]
  0x0000024e383d5f50 JavaThread "Orchestration IO: Reader"   daemon [_thread_in_native, id=23960, stack(0x000000d421500000,0x000000d421600000) (1024K)]
  0x0000024e38666a70 JavaThread "Logger"                     daemon [_thread_blocked, id=17872, stack(0x000000d421600000,0x000000d421700000) (1024K)]
  0x0000024e386d1200 JavaThread "Notification Thread"        daemon [_thread_blocked, id=6752, stack(0x000000d421c00000,0x000000d421d00000) (1024K)]
  0x0000024e386d04e0 JavaThread "Compose Runtime Analyzer"   daemon [_thread_blocked, id=35032, stack(0x000000d421d00000,0x000000d421e00000) (1024K)]
  0x0000024e386d0b70 JavaThread "Java2D Disposer"            daemon [_thread_blocked, id=29008, stack(0x000000d421e00000,0x000000d421f00000) (1024K)]
  0x0000024e386d1890 JavaThread "AWT-Shutdown"                      [_thread_blocked, id=13824, stack(0x000000d421f00000,0x000000d422000000) (1024K)]
  0x0000024e386ceaa0 JavaThread "AWT-Windows"                daemon [_thread_in_native, id=18848, stack(0x000000d422000000,0x000000d422100000) (1024K)]
=>0x0000024e386ce410 JavaThread "AWT-EventQueue-0"                  [_thread_in_native, id=14508, stack(0x000000d422100000,0x000000d422200000) (1024K)]
  0x0000024e386cf7c0 JavaThread "TimerQueue"                 daemon [_thread_blocked, id=16792, stack(0x000000d422200000,0x000000d422300000) (1024K)]
  0x0000024e386cfe50 JavaThread "DefaultDispatcher-worker-1" daemon [_thread_blocked, id=33052, stack(0x000000d422600000,0x000000d422700000) (1024K)]
  0x0000024e38dd5160 JavaThread "DefaultDispatcher-worker-2" daemon [_thread_blocked, id=2872, stack(0x000000d422700000,0x000000d422800000) (1024K)]
  0x0000024e38dd0fc0 JavaThread "DefaultDispatcher-worker-3" daemon [_thread_blocked, id=28952, stack(0x000000d422800000,0x000000d422900000) (1024K)]
  0x0000024e38dd6510 JavaThread "kotlinx.coroutines.DefaultExecutor" daemon [_thread_blocked, id=16672, stack(0x000000d422900000,0x000000d422a00000) (1024K)]
  0x0000024e38dd1ce0 JavaThread "Reference Cleaner"          daemon [_thread_blocked, id=31224, stack(0x000000d422a00000,0x000000d422b00000) (1024K)]
  0x0000024e3a35b1e0 JavaThread "OkHttp ConnectionPool connection closer" daemon [_thread_blocked, id=22876, stack(0x000000d422e00000,0x000000d422f00000) (1024K)]
  0x0000024e43ef22c0 JavaThread "skiko-dispatcher-to-block-on" daemon [_thread_blocked, id=21168, stack(0x000000d422d00000,0x000000d422e00000) (1024K)]
Total: 29

Other Threads:
  0x0000024e32d7c240 VMThread "VM Thread"                           [id=29212, stack(0x000000d420800000,0x000000d420900000) (1024K)]
  0x0000024e32d3d880 WatcherThread "VM Periodic Task Thread"        [id=31860, stack(0x000000d420700000,0x000000d420800000) (1024K)]
  0x0000024e1940d070 WorkerThread "GC Thread#0"                     [id=33516, stack(0x000000d420200000,0x000000d420300000) (1024K)]
  0x0000024e3872dc20 WorkerThread "GC Thread#1"                     [id=10108, stack(0x000000d421700000,0x000000d421800000) (1024K)]
  0x0000024e3872dfd0 WorkerThread "GC Thread#2"                     [id=27824, stack(0x000000d421800000,0x000000d421900000) (1024K)]
  0x0000024e3872e380 WorkerThread "GC Thread#3"                     [id=16840, stack(0x000000d421900000,0x000000d421a00000) (1024K)]
  0x0000024e38736cb0 WorkerThread "GC Thread#4"                     [id=22128, stack(0x000000d421a00000,0x000000d421b00000) (1024K)]
  0x0000024e38737060 WorkerThread "GC Thread#5"                     [id=34956, stack(0x000000d421b00000,0x000000d421c00000) (1024K)]
  0x0000024e388b71a0 WorkerThread "GC Thread#6"                     [id=1872, stack(0x000000d422300000,0x000000d422400000) (1024K)]
  0x0000024e388b87c0 WorkerThread "GC Thread#7"                     [id=19876, stack(0x000000d422400000,0x000000d422500000) (1024K)]
  0x0000024e1941dd70 ConcurrentGCThread "G1 Main Marker"            [id=6172, stack(0x000000d420300000,0x000000d420400000) (1024K)]
  0x0000024e1941f200 WorkerThread "G1 Conc#0"                       [id=24152, stack(0x000000d420400000,0x000000d420500000) (1024K)]
  0x0000024e388b7900 WorkerThread "G1 Conc#1"                       [id=9792, stack(0x000000d422500000,0x000000d422600000) (1024K)]
  0x0000024e32c0e540 ConcurrentGCThread "G1 Refine#0"               [id=13532, stack(0x000000d420500000,0x000000d420600000) (1024K)]
  0x0000024e32c10ee0 ConcurrentGCThread "G1 Service"                [id=36340, stack(0x000000d420600000,0x000000d420700000) (1024K)]
Total: 15

Threads with active compile tasks:
Total: 0

VM state: not at safepoint (normal execution)

VM Mutex/Monitor currently owned by a thread: None

Heap address: 0x0000000702e00000, size: 4050 MB, Compressed Oops mode: Zero based, Oop shift amount: 3

CDS archive(s) not mapped
Compressed class space mapped at: 0x0000000800000000-0x0000000840000000, reserved size: 1073741824
Narrow klass base: 0x0000000800000000, Narrow klass shift: 0, Narrow klass range: 0x40000000

GC Precious Log:
 CardTable entry size: 512
 Card Set container configuration: InlinePtr #cards 4 size 8 Array Of Cards #cards 16 size 48 Howl #buckets 8 coarsen threshold 3686 Howl Bitmap #cards 512 size 80 coarsen threshold 460 Card regions per heap region 1 cards per card region 4096
 CPUs: 8 total, 8 available
 Memory: 16198M
 Large Page Support: Disabled
 NUMA Support: Disabled
 Compressed Oops: Enabled (Zero based)
 Heap Region Size: 2M
 Heap Min Capacity: 8M
 Heap Initial Capacity: 254M
 Heap Max Capacity: 4050M
 Pre-touch: Disabled
 Parallel Workers: 8
 Concurrent Workers: 2
 Concurrent Refinement Workers: 8
 Periodic GC: Disabled

Heap:
 garbage-first heap   total 124928K, used 61970K [0x0000000702e00000, 0x0000000800000000)
  region size 2048K, 11 young (22528K), 0 survivors (0K)
 Metaspace       used 71447K, committed 72320K, reserved 1114112K
  class space    used 7588K, committed 7936K, reserved 1048576K

Heap Regions: E=young(eden), S=young(survivor), O=old, HS=humongous(starts), HC=humongous(continues), CS=collection set, F=free, TAMS=top-at-mark-start, PB=parsable bottom
|   0|0x0000000702e00000, 0x0000000703000000, 0x0000000703000000|100%|HS|  |TAMS 0x0000000702e00000| PB 0x0000000702e00000| Untracked 
|   1|0x0000000703000000, 0x00000007031fffe0, 0x0000000703200000| 99%| O|  |TAMS 0x0000000703000000| PB 0x0000000703000000| Untracked 
|   2|0x0000000703200000, 0x0000000703400000, 0x0000000703400000|100%| O|  |TAMS 0x0000000703200000| PB 0x0000000703200000| Untracked 
|   3|0x0000000703400000, 0x0000000703600000, 0x0000000703600000|100%| O|  |TAMS 0x0000000703400000| PB 0x0000000703400000| Untracked 
|   4|0x0000000703600000, 0x0000000703800000, 0x0000000703800000|100%| O|  |TAMS 0x0000000703600000| PB 0x0000000703600000| Untracked 
|   5|0x0000000703800000, 0x0000000703a00000, 0x0000000703a00000|100%| O|  |TAMS 0x0000000703800000| PB 0x0000000703800000| Untracked 
|   6|0x0000000703a00000, 0x0000000703bffff8, 0x0000000703c00000| 99%| O|  |TAMS 0x0000000703a00000| PB 0x0000000703a00000| Untracked 
|   7|0x0000000703c00000, 0x0000000703dffff0, 0x0000000703e00000| 99%| O|  |TAMS 0x0000000703c00000| PB 0x0000000703c00000| Untracked 
|   8|0x0000000703e00000, 0x0000000703fffff0, 0x0000000704000000| 99%| O|  |TAMS 0x0000000703e00000| PB 0x0000000703e00000| Untracked 
|   9|0x0000000704000000, 0x00000007041f88a0, 0x0000000704200000| 98%| O|  |TAMS 0x0000000704000000| PB 0x0000000704000000| Untracked 
|  10|0x0000000704200000, 0x0000000704400000, 0x0000000704400000|100%| O|  |TAMS 0x0000000704200000| PB 0x0000000704200000| Untracked 
|  11|0x0000000704400000, 0x0000000704600000, 0x0000000704600000|100%| O|  |TAMS 0x0000000704400000| PB 0x0000000704400000| Untracked 
|  12|0x0000000704600000, 0x00000007047fff98, 0x0000000704800000| 99%| O|  |TAMS 0x0000000704600000| PB 0x0000000704600000| Untracked 
|  13|0x0000000704800000, 0x0000000704a00000, 0x0000000704a00000|100%|HS|  |TAMS 0x0000000704800000| PB 0x0000000704800000| Untracked 
|  14|0x0000000704a00000, 0x0000000704c00000, 0x0000000704c00000|100%|HC|  |TAMS 0x0000000704a00000| PB 0x0000000704a00000| Untracked 
|  15|0x0000000704c00000, 0x0000000704e00000, 0x0000000704e00000|100%|HC|  |TAMS 0x0000000704c00000| PB 0x0000000704c00000| Untracked 
|  16|0x0000000704e00000, 0x0000000705000000, 0x0000000705000000|100%|HC|  |TAMS 0x0000000704e00000| PB 0x0000000704e00000| Untracked 
|  17|0x0000000705000000, 0x0000000705200000, 0x0000000705200000|100%| O|  |TAMS 0x0000000705000000| PB 0x0000000705000000| Untracked 
|  18|0x0000000705200000, 0x00000007052413d8, 0x0000000705400000| 12%| O|  |TAMS 0x0000000705200000| PB 0x0000000705200000| Untracked 
|  19|0x0000000705400000, 0x0000000705600000, 0x0000000705600000|100%| O|  |TAMS 0x0000000705400000| PB 0x0000000705400000| Untracked 
|  20|0x0000000705600000, 0x000000070564af90, 0x0000000705800000| 14%| O|  |TAMS 0x0000000705600000| PB 0x0000000705600000| Untracked 
|  21|0x0000000705800000, 0x0000000705800000, 0x0000000705a00000|  0%| F|  |TAMS 0x0000000705800000| PB 0x0000000705800000| Untracked 
|  22|0x0000000705a00000, 0x0000000705a00000, 0x0000000705c00000|  0%| F|  |TAMS 0x0000000705a00000| PB 0x0000000705a00000| Untracked 
|  23|0x0000000705c00000, 0x0000000705c00000, 0x0000000705e00000|  0%| F|  |TAMS 0x0000000705c00000| PB 0x0000000705c00000| Untracked 
|  24|0x0000000705e00000, 0x0000000706000000, 0x0000000706000000|100%| O|  |TAMS 0x0000000705e00000| PB 0x0000000705e00000| Untracked 
|  25|0x0000000706000000, 0x0000000706000000, 0x0000000706200000|  0%| F|  |TAMS 0x0000000706000000| PB 0x0000000706000000| Untracked 
|  26|0x0000000706200000, 0x0000000706200000, 0x0000000706400000|  0%| F|  |TAMS 0x0000000706200000| PB 0x0000000706200000| Untracked 
|  27|0x0000000706400000, 0x0000000706400000, 0x0000000706600000|  0%| F|  |TAMS 0x0000000706400000| PB 0x0000000706400000| Untracked 
|  28|0x0000000706600000, 0x0000000706600000, 0x0000000706800000|  0%| F|  |TAMS 0x0000000706600000| PB 0x0000000706600000| Untracked 
|  29|0x0000000706800000, 0x0000000706800000, 0x0000000706a00000|  0%| F|  |TAMS 0x0000000706800000| PB 0x0000000706800000| Untracked 
|  30|0x0000000706a00000, 0x0000000706a00000, 0x0000000706c00000|  0%| F|  |TAMS 0x0000000706a00000| PB 0x0000000706a00000| Untracked 
|  31|0x0000000706c00000, 0x0000000706c00000, 0x0000000706e00000|  0%| F|  |TAMS 0x0000000706c00000| PB 0x0000000706c00000| Untracked 
|  32|0x0000000706e00000, 0x0000000706e00000, 0x0000000707000000|  0%| F|  |TAMS 0x0000000706e00000| PB 0x0000000706e00000| Untracked 
|  33|0x0000000707000000, 0x0000000707000000, 0x0000000707200000|  0%| F|  |TAMS 0x0000000707000000| PB 0x0000000707000000| Untracked 
|  34|0x0000000707200000, 0x0000000707200000, 0x0000000707400000|  0%| F|  |TAMS 0x0000000707200000| PB 0x0000000707200000| Untracked 
|  35|0x0000000707400000, 0x0000000707400000, 0x0000000707600000|  0%| F|  |TAMS 0x0000000707400000| PB 0x0000000707400000| Untracked 
|  36|0x0000000707600000, 0x0000000707600000, 0x0000000707800000|  0%| F|  |TAMS 0x0000000707600000| PB 0x0000000707600000| Untracked 
|  37|0x0000000707800000, 0x0000000707800000, 0x0000000707a00000|  0%| F|  |TAMS 0x0000000707800000| PB 0x0000000707800000| Untracked 
|  38|0x0000000707a00000, 0x0000000707a00000, 0x0000000707c00000|  0%| F|  |TAMS 0x0000000707a00000| PB 0x0000000707a00000| Untracked 
|  39|0x0000000707c00000, 0x0000000707c00000, 0x0000000707e00000|  0%| F|  |TAMS 0x0000000707c00000| PB 0x0000000707c00000| Untracked 
|  40|0x0000000707e00000, 0x0000000707e00000, 0x0000000708000000|  0%| F|  |TAMS 0x0000000707e00000| PB 0x0000000707e00000| Untracked 
|  41|0x0000000708000000, 0x0000000708000000, 0x0000000708200000|  0%| F|  |TAMS 0x0000000708000000| PB 0x0000000708000000| Untracked 
|  42|0x0000000708200000, 0x0000000708200000, 0x0000000708400000|  0%| F|  |TAMS 0x0000000708200000| PB 0x0000000708200000| Untracked 
|  43|0x0000000708400000, 0x0000000708400000, 0x0000000708600000|  0%| F|  |TAMS 0x0000000708400000| PB 0x0000000708400000| Untracked 
|  44|0x0000000708600000, 0x0000000708600000, 0x0000000708800000|  0%| F|  |TAMS 0x0000000708600000| PB 0x0000000708600000| Untracked 
|  45|0x0000000708800000, 0x0000000708800000, 0x0000000708a00000|  0%| F|  |TAMS 0x0000000708800000| PB 0x0000000708800000| Untracked 
|  46|0x0000000708a00000, 0x0000000708a00000, 0x0000000708c00000|  0%| F|  |TAMS 0x0000000708a00000| PB 0x0000000708a00000| Untracked 
|  47|0x0000000708c00000, 0x0000000708c00000, 0x0000000708e00000|  0%| F|  |TAMS 0x0000000708c00000| PB 0x0000000708c00000| Untracked 
|  48|0x0000000708e00000, 0x0000000708e00000, 0x0000000709000000|  0%| F|  |TAMS 0x0000000708e00000| PB 0x0000000708e00000| Untracked 
|  49|0x0000000709000000, 0x0000000709000000, 0x0000000709200000|  0%| F|  |TAMS 0x0000000709000000| PB 0x0000000709000000| Untracked 
|  50|0x0000000709200000, 0x000000070924ef20, 0x0000000709400000| 15%| E|  |TAMS 0x0000000709200000| PB 0x0000000709200000| Complete 
|  51|0x0000000709400000, 0x0000000709600000, 0x0000000709600000|100%| E|CS|TAMS 0x0000000709400000| PB 0x0000000709400000| Complete 
|  52|0x0000000709600000, 0x0000000709800000, 0x0000000709800000|100%| E|CS|TAMS 0x0000000709600000| PB 0x0000000709600000| Complete 
|  53|0x0000000709800000, 0x0000000709a00000, 0x0000000709a00000|100%| E|CS|TAMS 0x0000000709800000| PB 0x0000000709800000| Complete 
|  54|0x0000000709a00000, 0x0000000709c00000, 0x0000000709c00000|100%| E|CS|TAMS 0x0000000709a00000| PB 0x0000000709a00000| Complete 
|  55|0x0000000709c00000, 0x0000000709e00000, 0x0000000709e00000|100%| E|CS|TAMS 0x0000000709c00000| PB 0x0000000709c00000| Complete 
|  56|0x0000000709e00000, 0x000000070a000000, 0x000000070a000000|100%| E|CS|TAMS 0x0000000709e00000| PB 0x0000000709e00000| Complete 
|  71|0x000000070bc00000, 0x000000070be00000, 0x000000070be00000|100%| E|CS|TAMS 0x000000070bc00000| PB 0x000000070bc00000| Complete 
| 117|0x0000000711800000, 0x0000000711a00000, 0x0000000711a00000|100%| E|CS|TAMS 0x0000000711800000| PB 0x0000000711800000| Complete 
| 126|0x0000000712a00000, 0x0000000712c00000, 0x0000000712c00000|100%| E|CS|TAMS 0x0000000712a00000| PB 0x0000000712a00000| Complete 
|2024|0x00000007ffe00000, 0x0000000800000000, 0x0000000800000000|100%| E|CS|TAMS 0x00000007ffe00000| PB 0x00000007ffe00000| Complete 

Card table byte_map: [0x0000024e2bff0000,0x0000024e2c7e0000] _byte_map_base: 0x0000024e287d9000

Marking Bits: (CMBitMap*) 0x0000024e1940d780
 Bits: [0x0000024e2c7e0000, 0x0000024e30728000)

Polling page: 0x0000024e173f0000

Metaspace:

Usage:
  Non-class:     62.36 MB used.
      Class:      7.41 MB used.
       Both:     69.77 MB used.

Virtual space:
  Non-class space:       64.00 MB reserved,      62.88 MB ( 98%) committed,  1 nodes.
      Class space:        1.00 GB reserved,       7.75 MB ( <1%) committed,  1 nodes.
             Both:        1.06 GB reserved,      70.62 MB (  6%) committed. 

Chunk freelists:
   Non-Class:  222.00 KB
       Class:  8.09 MB
        Both:  8.31 MB

MaxMetaspaceSize: unlimited
CompressedClassSpaceSize: 1.00 GB
Initial GC threshold: 21.00 MB
Current GC threshold: 115.75 MB
CDS: off
 - commit_granule_bytes: 65536.
 - commit_granule_words: 8192.
 - virtual_space_node_default_size: 8388608.
 - enlarge_chunks_in_place: 1.
 - use_allocation_guard: 0.


Internal statistics:

num_allocs_failed_limit: 12.
num_arena_births: 1248.
num_arena_deaths: 0.
num_vsnodes_births: 2.
num_vsnodes_deaths: 0.
num_space_committed: 1130.
num_space_uncommitted: 0.
num_chunks_returned_to_freelist: 12.
num_chunks_taken_from_freelist: 3243.
num_chunk_merges: 9.
num_chunk_splits: 2283.
num_chunks_enlarged: 1723.
num_inconsistent_stats: 0.

CodeHeap 'non-profiled nmethods': size=120000Kb used=6440Kb max_used=6440Kb free=113560Kb
 bounds [0x0000024e23fa0000, 0x0000024e24610000, 0x0000024e2b4d0000]
CodeHeap 'profiled nmethods': size=120000Kb used=14351Kb max_used=18558Kb free=105648Kb
 bounds [0x0000024e1c4d0000, 0x0000024e1d6f0000, 0x0000024e23a00000]
CodeHeap 'non-nmethods': size=5760Kb used=3202Kb max_used=3275Kb free=2557Kb
 bounds [0x0000024e23a00000, 0x0000024e23d50000, 0x0000024e23fa0000]
CodeCache: size=245760Kb, used=23993Kb, max_used=28273Kb, free=221765Kb
 total_blobs=10379, nmethods=8183, adapters=2098, full_count=0
Compilation: enabled, stopped_count=0, restarted_count=0

Compilation events (20 events):
Event: 1264.493 Thread 0x0000024e333990d0 10396   !   3       java.awt.Container::getComponentZOrder (43 bytes)
Event: 1264.494 Thread 0x0000024e333990d0 nmethod 10396 0x0000024e1ccc9d10 code [0x0000024e1ccc9ee0, 0x0000024e1ccca338]
Event: 1265.003 Thread 0x0000024e333990d0 10397       3       java.io.ObjectStreamField::getTypeString (16 bytes)
Event: 1265.004 Thread 0x0000024e333990d0 nmethod 10397 0x0000024e1c700690 code [0x0000024e1c7008c0, 0x0000024e1c701080]
Event: 1265.004 Thread 0x0000024e333990d0 10398       3       java.io.ObjectOutputStream::writeTypeString (40 bytes)
Event: 1265.005 Thread 0x0000024e333990d0 nmethod 10398 0x0000024e1ccd0510 code [0x0000024e1ccd0720, 0x0000024e1ccd0b38]
Event: 1268.601 Thread 0x0000024e33398630 10400       4       java.lang.invoke.InvokerBytecodeGenerator::emitImplicitConversion (161 bytes)
Event: 1268.608 Thread 0x0000024e33398630 nmethod 10400 0x0000024e244c8690 code [0x0000024e244c8840, 0x0000024e244c8ab0]
Event: 1268.608 Thread 0x0000024e33398630 10401   !   4       java.lang.invoke.MemberName$Factory::resolve (159 bytes)
Event: 1268.684 Thread 0x0000024e33398630 nmethod 10401 0x0000024e24151590 code [0x0000024e24151860, 0x0000024e24152918]
Event: 1269.227 Thread 0x0000024e33398630 10402       4       java.util.Arrays::binarySearch0 (95 bytes)
Event: 1269.233 Thread 0x0000024e33398630 nmethod 10402 0x0000024e24150f90 code [0x0000024e24151120, 0x0000024e24151368]
Event: 1269.328 Thread 0x0000024e333990d0 10403       3       java.awt.Component::isDisplayable (13 bytes)
Event: 1269.329 Thread 0x0000024e333990d0 nmethod 10403 0x0000024e1cd32390 code [0x0000024e1cd32520, 0x0000024e1cd32688]
Event: 1269.337 Thread 0x0000024e333990d0 10404       3       java.util.IdentityHashMap::maskNull (12 bytes)
Event: 1269.338 Thread 0x0000024e333990d0 nmethod 10404 0x0000024e1cd83790 code [0x0000024e1cd83920, 0x0000024e1cd83a58]
Event: 1269.338 Thread 0x0000024e333990d0 10405       3       java.util.IdentityHashMap::hash (18 bytes)
Event: 1269.339 Thread 0x0000024e333990d0 nmethod 10405 0x0000024e1cd88d10 code [0x0000024e1cd88ec0, 0x0000024e1cd88ff8]
Event: 1269.348 Thread 0x0000024e333990d0 10406       3       java.awt.Component::getSiblingIndexAbove (33 bytes)
Event: 1269.349 Thread 0x0000024e333990d0 nmethod 10406 0x0000024e1c8b3310 code [0x0000024e1c8b3520, 0x0000024e1c8b3a50]

GC Heap History (20 events):
Event: 8.110 GC heap before
{Heap before GC invocations=8 (full 0):
 garbage-first heap   total 40960K, used 29976K [0x0000000702e00000, 0x0000000800000000)
  region size 2048K, 10 young (20480K), 2 survivors (4096K)
 Metaspace       used 36891K, committed 37120K, reserved 1114112K
  class space    used 3750K, committed 3840K, reserved 1048576K
}
Event: 8.114 GC heap after
{Heap after GC invocations=9 (full 0):
 garbage-first heap   total 40960K, used 14234K [0x0000000702e00000, 0x0000000800000000)
  region size 2048K, 2 young (4096K), 2 survivors (4096K)
 Metaspace       used 36891K, committed 37120K, reserved 1114112K
  class space    used 3750K, committed 3840K, reserved 1048576K
}
Event: 8.430 GC heap before
{Heap before GC invocations=9 (full 0):
 garbage-first heap   total 40960K, used 32666K [0x0000000702e00000, 0x0000000800000000)
  region size 2048K, 11 young (22528K), 2 survivors (4096K)
 Metaspace       used 38219K, committed 38528K, reserved 1114112K
  class space    used 3883K, committed 4032K, reserved 1048576K
}
Event: 8.435 GC heap after
{Heap after GC invocations=10 (full 0):
 garbage-first heap   total 151552K, used 15974K [0x0000000702e00000, 0x0000000800000000)
  region size 2048K, 2 young (4096K), 2 survivors (4096K)
 Metaspace       used 38219K, committed 38528K, reserved 1114112K
  class space    used 3883K, committed 4032K, reserved 1048576K
}
Event: 11.570 GC heap before
{Heap before GC invocations=10 (full 0):
 garbage-first heap   total 151552K, used 99942K [0x0000000702e00000, 0x0000000800000000)
  region size 2048K, 44 young (90112K), 2 survivors (4096K)
 Metaspace       used 47832K, committed 48256K, reserved 1114112K
  class space    used 5066K, committed 5248K, reserved 1048576K
}
Event: 11.582 GC heap after
{Heap after GC invocations=11 (full 0):
 garbage-first heap   total 151552K, used 21605K [0x0000000702e00000, 0x0000000800000000)
  region size 2048K, 5 young (10240K), 5 survivors (10240K)
 Metaspace       used 47832K, committed 48256K, reserved 1114112K
  class space    used 5066K, committed 5248K, reserved 1048576K
}
Event: 32.025 GC heap before
{Heap before GC invocations=11 (full 0):
 garbage-first heap   total 151552K, used 105573K [0x0000000702e00000, 0x0000000800000000)
  region size 2048K, 44 young (90112K), 5 survivors (10240K)
 Metaspace       used 55929K, committed 56512K, reserved 1114112K
  class space    used 5913K, committed 6144K, reserved 1048576K
}
Event: 32.042 GC heap after
{Heap after GC invocations=12 (full 0):
 garbage-first heap   total 151552K, used 32010K [0x0000000702e00000, 0x0000000800000000)
  region size 2048K, 6 young (12288K), 6 survivors (12288K)
 Metaspace       used 55929K, committed 56512K, reserved 1114112K
  class space    used 5913K, committed 6144K, reserved 1048576K
}
Event: 33.137 GC heap before
{Heap before GC invocations=12 (full 0):
 garbage-first heap   total 151552K, used 70922K [0x0000000702e00000, 0x0000000800000000)
  region size 2048K, 27 young (55296K), 6 survivors (12288K)
 Metaspace       used 59688K, committed 60288K, reserved 1114112K
  class space    used 6330K, committed 6592K, reserved 1048576K
}
Event: 33.152 GC heap after
{Heap after GC invocations=13 (full 0):
 garbage-first heap   total 151552K, used 34674K [0x0000000702e00000, 0x0000000800000000)
  region size 2048K, 5 young (10240K), 5 survivors (10240K)
 Metaspace       used 59688K, committed 60288K, reserved 1114112K
  class space    used 6330K, committed 6592K, reserved 1048576K
}
Event: 38.554 GC heap before
{Heap before GC invocations=14 (full 0):
 garbage-first heap   total 122880K, used 104306K [0x0000000702e00000, 0x0000000800000000)
  region size 2048K, 36 young (73728K), 5 survivors (10240K)
 Metaspace       used 66310K, committed 67008K, reserved 1114112K
  class space    used 7091K, committed 7360K, reserved 1048576K
}
Event: 38.567 GC heap after
{Heap after GC invocations=15 (full 0):
 garbage-first heap   total 124928K, used 47733K [0x0000000702e00000, 0x0000000800000000)
  region size 2048K, 5 young (10240K), 5 survivors (10240K)
 Metaspace       used 66310K, committed 67008K, reserved 1114112K
  class space    used 7091K, committed 7360K, reserved 1048576K
}
Event: 182.268 GC heap before
{Heap before GC invocations=15 (full 0):
 garbage-first heap   total 124928K, used 107125K [0x0000000702e00000, 0x0000000800000000)
  region size 2048K, 34 young (69632K), 5 survivors (10240K)
 Metaspace       used 70244K, committed 71104K, reserved 1114112K
  class space    used 7468K, committed 7808K, reserved 1048576K
}
Event: 182.283 GC heap after
{Heap after GC invocations=16 (full 0):
 garbage-first heap   total 124928K, used 50397K [0x0000000702e00000, 0x0000000800000000)
  region size 2048K, 4 young (8192K), 4 survivors (8192K)
 Metaspace       used 70244K, committed 71104K, reserved 1114112K
  class space    used 7468K, committed 7808K, reserved 1048576K
}
Event: 185.452 GC heap before
{Heap before GC invocations=16 (full 0):
 garbage-first heap   total 124928K, used 50397K [0x0000000702e00000, 0x0000000800000000)
  region size 2048K, 5 young (10240K), 4 survivors (8192K)
 Metaspace       used 70247K, committed 71104K, reserved 1114112K
  class space    used 7468K, committed 7808K, reserved 1048576K
}
Event: 185.519 GC heap after
{Heap after GC invocations=17 (full 1):
 garbage-first heap   total 124928K, used 41059K [0x0000000702e00000, 0x0000000800000000)
  region size 2048K, 0 young (0K), 0 survivors (0K)
 Metaspace       used 70247K, committed 71104K, reserved 1114112K
  class space    used 7468K, committed 7808K, reserved 1048576K
}
Event: 215.521 GC heap before
{Heap before GC invocations=17 (full 1):
 garbage-first heap   total 124928K, used 51299K [0x0000000702e00000, 0x0000000800000000)
  region size 2048K, 6 young (12288K), 0 survivors (0K)
 Metaspace       used 70251K, committed 71104K, reserved 1114112K
  class space    used 7468K, committed 7808K, reserved 1048576K
}
Event: 215.649 GC heap after
{Heap after GC invocations=18 (full 2):
 garbage-first heap   total 124928K, used 41338K [0x0000000702e00000, 0x0000000800000000)
  region size 2048K, 0 young (0K), 0 survivors (0K)
 Metaspace       used 70251K, committed 71104K, reserved 1114112K
  class space    used 7468K, committed 7808K, reserved 1048576K
}
Event: 305.676 GC heap before
{Heap before GC invocations=18 (full 2):
 garbage-first heap   total 124928K, used 59770K [0x0000000702e00000, 0x0000000800000000)
  region size 2048K, 10 young (20480K), 0 survivors (0K)
 Metaspace       used 70340K, committed 71168K, reserved 1114112K
  class space    used 7468K, committed 7808K, reserved 1048576K
}
Event: 305.758 GC heap after
{Heap after GC invocations=19 (full 3):
 garbage-first heap   total 124928K, used 41490K [0x0000000702e00000, 0x0000000800000000)
  region size 2048K, 0 young (0K), 0 survivors (0K)
 Metaspace       used 70340K, committed 71168K, reserved 1114112K
  class space    used 7468K, committed 7808K, reserved 1048576K
}

Dll operation events (3 events):
Event: 0.020 Loaded shared library C:\Program Files\Android\Android Studio\jbr\bin\java.dll
Event: 0.032 Loaded shared library C:\Program Files\Android\Android Studio\jbr\bin\zip.dll
Event: 3.710 Loaded shared library C:\Program Files\Android\Android Studio\jbr\bin\verify.dll

Deoptimization events (20 events):
Event: 1126.190 Thread 0x0000024e386ce410 Uncommon trap: trap_request=0xffffff45 fr.pc=0x0000024e244b3e74 relative=0x00000000000010d4
Event: 1126.190 Thread 0x0000024e386ce410 Uncommon trap: reason=unstable_if action=reinterpret pc=0x0000024e244b3e74 method=androidx.compose.runtime.Recomposer$recompositionRunner$2.invokeSuspend$lambda$0(Landroidx/compose/runtime/Recomposer;Ljava/util/Set;Landroidx/compose/runtime/snapshots/Snap
Event: 1126.190 Thread 0x0000024e386ce410 DEOPT PACKING pc=0x0000024e244b3e74 sp=0x000000d4221fedd0
Event: 1126.190 Thread 0x0000024e386ce410 DEOPT UNPACKING pc=0x0000024e23a54422 sp=0x000000d4221fece0 mode 2
Event: 1126.190 Thread 0x0000024e386ce410 Uncommon trap: trap_request=0xffffff45 fr.pc=0x0000024e24394838 relative=0x0000000000002178
Event: 1126.190 Thread 0x0000024e386ce410 Uncommon trap: reason=unstable_if action=reinterpret pc=0x0000024e24394838 method=androidx.compose.runtime.snapshots.SnapshotStateObserver$ObservedScopeMap.recordInvalidation(Ljava/util/Set;)Z @ 126 c2
Event: 1126.190 Thread 0x0000024e386ce410 DEOPT PACKING pc=0x0000024e24394838 sp=0x000000d4221fece0
Event: 1126.190 Thread 0x0000024e386ce410 DEOPT UNPACKING pc=0x0000024e23a54422 sp=0x000000d4221feb08 mode 2
Event: 1126.190 Thread 0x0000024e386ce410 Uncommon trap: trap_request=0xffffff45 fr.pc=0x0000024e24471d44 relative=0x0000000000001ba4
Event: 1126.190 Thread 0x0000024e386ce410 Uncommon trap: reason=unstable_if action=reinterpret pc=0x0000024e24471d44 method=androidx.compose.runtime.snapshots.SnapshotKt.advanceGlobalSnapshot(Lkotlin/jvm/functions/Function1;)Ljava/lang/Object; @ 446 c2
Event: 1126.190 Thread 0x0000024e386ce410 DEOPT PACKING pc=0x0000024e24471d44 sp=0x000000d4221feed0
Event: 1126.190 Thread 0x0000024e386ce410 DEOPT UNPACKING pc=0x0000024e23a54422 sp=0x000000d4221fedf8 mode 2
Event: 1268.595 Thread 0x0000024e386ce410 Uncommon trap: trap_request=0xffffff45 fr.pc=0x0000024e2431eae8 relative=0x0000000000000048
Event: 1268.595 Thread 0x0000024e386ce410 Uncommon trap: reason=unstable_if action=reinterpret pc=0x0000024e2431eae8 method=java.lang.reflect.Modifier.isProtected(I)Z @ 3 c2
Event: 1268.595 Thread 0x0000024e386ce410 DEOPT PACKING pc=0x0000024e2431eae8 sp=0x000000d4221fdd00
Event: 1268.595 Thread 0x0000024e386ce410 DEOPT UNPACKING pc=0x0000024e23a54422 sp=0x000000d4221fdc90 mode 2
Event: 1268.681 Thread 0x0000024e386ce410 Uncommon trap: trap_request=0xffffff45 fr.pc=0x0000024e24371178 relative=0x0000000000003e98
Event: 1268.681 Thread 0x0000024e386ce410 Uncommon trap: reason=unstable_if action=reinterpret pc=0x0000024e24371178 method=java.awt.EventQueue.coalesceEvent(Ljava/awt/AWTEvent;I)Z @ 16 c2
Event: 1268.681 Thread 0x0000024e386ce410 DEOPT PACKING pc=0x0000024e24371178 sp=0x000000d4221fed80
Event: 1268.681 Thread 0x0000024e386ce410 DEOPT UNPACKING pc=0x0000024e23a54422 sp=0x000000d4221febb8 mode 2

Classes loaded (20 events):
Event: 1124.933 Loading class java/time/temporal/TemporalQueries$1
Event: 1124.934 Loading class java/time/temporal/TemporalQueries$1 done
Event: 1124.934 Loading class java/time/temporal/TemporalQueries$2
Event: 1124.934 Loading class java/time/temporal/TemporalQueries$2 done
Event: 1124.934 Loading class java/time/temporal/TemporalQueries$3
Event: 1124.934 Loading class java/time/temporal/TemporalQueries$3 done
Event: 1124.934 Loading class java/time/temporal/TemporalQueries$4
Event: 1124.934 Loading class java/time/temporal/TemporalQueries$4 done
Event: 1124.934 Loading class java/time/temporal/TemporalQueries$5
Event: 1124.935 Loading class java/time/temporal/TemporalQueries$5 done
Event: 1124.935 Loading class java/time/temporal/TemporalQueries$6
Event: 1124.935 Loading class java/time/temporal/TemporalQueries$6 done
Event: 1124.935 Loading class java/time/temporal/TemporalQueries$7
Event: 1124.935 Loading class java/time/temporal/TemporalQueries$7 done
Event: 1268.604 Loading class java/util/WeakHashMap$EntrySet
Event: 1268.606 Loading class java/util/WeakHashMap$EntrySet done
Event: 1268.606 Loading class java/util/WeakHashMap$EntryIterator
Event: 1268.607 Loading class java/util/WeakHashMap$EntryIterator done
Event: 1268.680 Loading class javax/swing/RepaintManager$DisplayChangedRunnable
Event: 1268.680 Loading class javax/swing/RepaintManager$DisplayChangedRunnable done

Classes unloaded (0 events):
No events

Classes redefined (0 events):
No events

Internal exceptions (20 events):
Event: 38.735 Thread 0x0000024e386ce410 Exception <a 'java/lang/NoSuchMethodError'{0x0000000709c83948}: 'java.lang.Object java.lang.invoke.DirectMethodHandle$Holder.invokeSpecial(java.lang.Object, java.lang.Object, java.lang.Object, java.lang.Object, int, int, java.lang.Object, java.lang.Object, java.lang.Object, java.lang.Object, java.lang.Object, java.lang.Object, java.lang.Object, java.lang.Object, java.lang.Object, java.lang.Object, int, int, java.lang.Object, java.lang.Object, java.lang.Object)'> (0x0000000709c83948) 
thrown [s\src\hotspot\
Event: 38.736 Thread 0x0000024e386ce410 Exception <a 'java/lang/NoSuchMethodError'{0x0000000709c96178}: 'java.lang.Object java.lang.invoke.DirectMethodHandle$Holder.newInvokeSpecial(java.lang.Object, int, int, java.lang.Object, java.lang.Object, java.lang.Object)'> (0x0000000709c96178) 
thrown [s\src\hotspot\share\interpreter\linkResolver.cpp, line 784]
Event: 38.736 Thread 0x0000024e386ce410 Exception <a 'java/lang/NoSuchMethodError'{0x0000000709c9a968}: 'java.lang.Object java.lang.invoke.DirectMethodHandle$Holder.invokeSpecial(java.lang.Object, java.lang.Object, int, int, java.lang.Object, java.lang.Object, java.lang.Object)'> (0x0000000709c9a968) 
thrown [s\src\hotspot\share\interpreter\linkResolver.cpp, line 784]
Event: 38.744 Thread 0x0000024e386ce410 Exception <a 'java/lang/NoSuchMethodError'{0x0000000709ccab60}: 'java.lang.Object java.lang.invoke.DirectMethodHandle$Holder.newInvokeSpecial(java.lang.Object, java.lang.Object, java.lang.Object, java.lang.Object, java.lang.Object, java.lang.Object, int)'> (0x0000000709ccab60) 
thrown [s\src\hotspot\share\interpreter\linkResolver.cpp, line 784]
Event: 38.744 Thread 0x0000024e386ce410 Exception <a 'java/lang/NoSuchMethodError'{0x0000000709ccf520}: 'java.lang.Object java.lang.invoke.DirectMethodHandle$Holder.invokeSpecial(java.lang.Object, java.lang.Object, java.lang.Object, java.lang.Object, java.lang.Object, java.lang.Object, java.lang.Object, int)'> (0x0000000709ccf520) 
thrown [s\src\hotspot\share\interpreter\linkResolver.cpp, line 784]
Event: 38.744 Thread 0x0000024e386ce410 Exception <a 'java/lang/NoSuchMethodError'{0x0000000709cd34a0}: 'java.lang.Object java.lang.invoke.Invokers$Holder.linkToTargetMethod(java.lang.Object, java.lang.Object, java.lang.Object, java.lang.Object, java.lang.Object, int, java.lang.Object)'> (0x0000000709cd34a0) 
thrown [s\src\hotspot\share\interpreter\linkResolver.cpp, line 784]
Event: 38.920 Thread 0x0000024e386ce410 Exception <a 'java/lang/NoSuchMethodError'{0x00000007096f15a8}: 'java.lang.Object java.lang.invoke.DirectMethodHandle$Holder.invokeStatic(java.lang.Object, java.lang.Object, int, java.lang.Object, int, java.lang.Object, java.lang.Object)'> (0x00000007096f15a8) 
thrown [s\src\hotspot\share\interpreter\linkResolver.cpp, line 784]
Event: 38.921 Thread 0x0000024e386ce410 Exception <a 'java/lang/NoSuchMethodError'{0x00000007097008b8}: 'java.lang.Object java.lang.invoke.Invokers$Holder.linkToTargetMethod(java.lang.Object, int, java.lang.Object, int, java.lang.Object, java.lang.Object)'> (0x00000007097008b8) 
thrown [s\src\hotspot\share\interpreter\linkResolver.cpp, line 784]
Event: 38.924 Thread 0x0000024e386ce410 Exception <a 'java/lang/NoSuchMethodError'{0x000000070970d210}: 'java.lang.Object java.lang.invoke.DirectMethodHandle$Holder.newInvokeSpecial(java.lang.Object, java.lang.Object, float, float)'> (0x000000070970d210) 
thrown [s\src\hotspot\share\interpreter\linkResolver.cpp, line 784]
Event: 38.924 Thread 0x0000024e386ce410 Exception <a 'java/lang/NoSuchMethodError'{0x0000000709714f80}: 'java.lang.Object java.lang.invoke.Invokers$Holder.linkToTargetMethod(java.lang.Object, float, float, java.lang.Object)'> (0x0000000709714f80) 
thrown [s\src\hotspot\share\interpreter\linkResolver.cpp, line 784]
Event: 105.162 Thread 0x0000024e386ce410 Implicit null exception at 0x0000024e2439cd64 to 0x0000024e2439d450
Event: 291.310 Thread 0x0000024e386ce410 Implicit null exception at 0x0000024e23fb6078 to 0x0000024e23fb60d5
Event: 295.739 Thread 0x0000024e386ce410 Exception <a 'sun/nio/fs/WindowsException'{0x00000007096a2dd0}> (0x00000007096a2dd0) 
thrown [s\src\hotspot\share\prims\jni.cpp, line 537]
Event: 295.739 Thread 0x0000024e386ce410 Exception <a 'sun/nio/fs/WindowsException'{0x00000007096a3828}> (0x00000007096a3828) 
thrown [s\src\hotspot\share\prims\jni.cpp, line 537]
Event: 295.739 Thread 0x0000024e386ce410 Exception <a 'sun/nio/fs/WindowsException'{0x00000007096a4280}> (0x00000007096a4280) 
thrown [s\src\hotspot\share\prims\jni.cpp, line 537]
Event: 295.739 Thread 0x0000024e386ce410 Exception <a 'sun/nio/fs/WindowsException'{0x00000007096a4cd8}> (0x00000007096a4cd8) 
thrown [s\src\hotspot\share\prims\jni.cpp, line 537]
Event: 295.740 Thread 0x0000024e386ce410 Exception <a 'sun/nio/fs/WindowsException'{0x00000007096a5730}> (0x00000007096a5730) 
thrown [s\src\hotspot\share\prims\jni.cpp, line 537]
Event: 295.740 Thread 0x0000024e386ce410 Exception <a 'sun/nio/fs/WindowsException'{0x00000007096a6188}> (0x00000007096a6188) 
thrown [s\src\hotspot\share\prims\jni.cpp, line 537]
Event: 295.740 Thread 0x0000024e386ce410 Exception <a 'sun/nio/fs/WindowsException'{0x00000007096a6be0}> (0x00000007096a6be0) 
thrown [s\src\hotspot\share\prims\jni.cpp, line 537]
Event: 1268.600 Thread 0x0000024e386ce410 Exception <a 'java/lang/NoSuchMethodError'{0x00000007095ce470}: 'void java.lang.invoke.DirectMethodHandle$Holder.invokeInterface(java.lang.Object, java.lang.Object)'> (0x00000007095ce470) 
thrown [s\src\hotspot\share\interpreter\linkResolver.cpp, line 784]

ZGC Phase Switch (0 events):
No events

VM Operations (20 events):
Event: 1123.519 Executing safepoint VM operation: Cleanup
Event: 1123.519 Executing safepoint VM operation: Cleanup done
Event: 1124.532 Executing safepoint VM operation: Cleanup
Event: 1124.532 Executing safepoint VM operation: Cleanup done
Event: 1125.533 Executing safepoint VM operation: Cleanup
Event: 1125.533 Executing safepoint VM operation: Cleanup done
Event: 1126.547 Executing safepoint VM operation: Cleanup
Event: 1126.547 Executing safepoint VM operation: Cleanup done
Event: 1127.549 Executing safepoint VM operation: Cleanup
Event: 1127.549 Executing safepoint VM operation: Cleanup done
Event: 1128.557 Executing safepoint VM operation: Cleanup
Event: 1128.557 Executing safepoint VM operation: Cleanup done
Event: 1142.174 Executing non-safepoint VM operation: HandshakeAllThreads (HandshakeForDeflation)
Event: 1142.174 Executing non-safepoint VM operation: HandshakeAllThreads (HandshakeForDeflation) done
Event: 1142.174 Executing non-safepoint VM operation: RendezvousGCThreads
Event: 1142.174 Executing non-safepoint VM operation: RendezvousGCThreads done
Event: 1185.627 Executing safepoint VM operation: Cleanup
Event: 1185.627 Executing safepoint VM operation: Cleanup done
Event: 1265.378 Executing safepoint VM operation: Cleanup
Event: 1265.378 Executing safepoint VM operation: Cleanup done

Memory protections (0 events):
No events

Nmethod flushes (20 events):
Event: 305.727 Thread 0x0000024e32d7c240 flushing  nmethod 0x0000024e1ca12490
Event: 305.727 Thread 0x0000024e32d7c240 flushing  nmethod 0x0000024e1ca13b10
Event: 305.727 Thread 0x0000024e32d7c240 flushing  nmethod 0x0000024e1ca68b10
Event: 305.727 Thread 0x0000024e32d7c240 flushing  nmethod 0x0000024e1cea1710
Event: 305.727 Thread 0x0000024e32d7c240 flushing  nmethod 0x0000024e1cee3710
Event: 305.727 Thread 0x0000024e32d7c240 flushing  nmethod 0x0000024e1cee4e90
Event: 305.727 Thread 0x0000024e32d7c240 flushing  nmethod 0x0000024e1cef9a90
Event: 305.727 Thread 0x0000024e32d7c240 flushing  nmethod 0x0000024e1cefd590
Event: 305.727 Thread 0x0000024e32d7c240 flushing  nmethod 0x0000024e1cf10490
Event: 305.727 Thread 0x0000024e32d7c240 flushing  nmethod 0x0000024e1cf1d010
Event: 305.727 Thread 0x0000024e32d7c240 flushing  nmethod 0x0000024e1cf3a710
Event: 305.727 Thread 0x0000024e32d7c240 flushing  nmethod 0x0000024e1cf3ce10
Event: 305.727 Thread 0x0000024e32d7c240 flushing  nmethod 0x0000024e1cf54890
Event: 305.727 Thread 0x0000024e32d7c240 flushing  nmethod 0x0000024e1cf57e90
Event: 305.727 Thread 0x0000024e32d7c240 flushing  nmethod 0x0000024e1cfbe110
Event: 305.727 Thread 0x0000024e32d7c240 flushing  nmethod 0x0000024e1cfe6390
Event: 305.727 Thread 0x0000024e32d7c240 flushing  nmethod 0x0000024e1d010010
Event: 305.727 Thread 0x0000024e32d7c240 flushing  nmethod 0x0000024e1d0c5390
Event: 305.727 Thread 0x0000024e32d7c240 flushing  nmethod 0x0000024e1d0c5d90
Event: 305.727 Thread 0x0000024e32d7c240 flushing  nmethod 0x0000024e1d6d6890

Events (20 events):
Event: 288.512 Thread 0x0000024e386ce410 Thread added: 0x0000024e3a35e660
Event: 348.516 Thread 0x0000024e42a55f40 Thread exited: 0x0000024e42a55f40
Event: 357.410 Thread 0x0000024e3a35e660 Thread exited: 0x0000024e3a35e660
Event: 394.692 Thread 0x0000024e43ef6460 Thread exited: 0x0000024e43ef6460
Event: 1121.568 Thread 0x0000024e386ce410 Thread added: 0x0000024e3a360730
Event: 1123.369 Thread 0x0000024e38dd0fc0 Thread added: 0x0000024e3a35dfd0
Event: 1123.663 Thread 0x0000024e3a35dfd0 Thread added: 0x0000024e3a35b870
Event: 1124.079 Thread 0x0000024e333990d0 Thread added: 0x0000024e3a4e1e80
Event: 1124.082 Thread 0x0000024e3a35dfd0 Thread added: 0x0000024e3a35b1e0
Event: 1124.083 Thread 0x0000024e3a35dfd0 Thread added: 0x0000024e3a362170
Event: 1124.457 Thread 0x0000024e3a35b1e0 Thread added: 0x0000024e3a35bf00
Event: 1125.805 Thread 0x0000024e3a4e1e80 Thread exited: 0x0000024e3a4e1e80
Event: 1126.138 Thread 0x0000024e333990d0 Thread added: 0x0000024e3a4e32f0
Event: 1126.547 Thread 0x0000024e3a4e32f0 Thread exited: 0x0000024e3a4e32f0
Event: 1184.469 Thread 0x0000024e3a35bf00 Thread exited: 0x0000024e3a35bf00
Event: 1184.779 Thread 0x0000024e3a362170 Thread exited: 0x0000024e3a362170
Event: 1184.779 Thread 0x0000024e3a35dfd0 Thread exited: 0x0000024e3a35dfd0
Event: 1191.245 Thread 0x0000024e3a360730 Thread exited: 0x0000024e3a360730
Event: 1245.796 Thread 0x0000024e3a35b870 Thread exited: 0x0000024e3a35b870
Event: 1269.221 Thread 0x0000024e386ce410 Thread added: 0x0000024e43ef22c0


Dynamic libraries:
0x00007ff6a59e0000 - 0x00007ff6a59ea000 	C:\Program Files\Android\Android Studio\jbr\bin\java.exe
0x00007ffa86990000 - 0x00007ffa86ba8000 	C:\WINDOWS\SYSTEM32\ntdll.dll
0x00007ffa858a0000 - 0x00007ffa85964000 	C:\WINDOWS\System32\KERNEL32.DLL
0x00007ffa83bc0000 - 0x00007ffa83f93000 	C:\WINDOWS\System32\KERNELBASE.dll
0x00007ffa83aa0000 - 0x00007ffa83bb1000 	C:\WINDOWS\System32\ucrtbase.dll
0x00007ffa12610000 - 0x00007ffa1262b000 	C:\Program Files\Android\Android Studio\jbr\bin\VCRUNTIME140.dll
0x00007ffa4ebe0000 - 0x00007ffa4ebf8000 	C:\Program Files\Android\Android Studio\jbr\bin\jli.dll
0x00007ffa865c0000 - 0x00007ffa86772000 	C:\WINDOWS\System32\USER32.dll
0x00007ffa84230000 - 0x00007ffa84256000 	C:\WINDOWS\System32\win32u.dll
0x00007ffa85bf0000 - 0x00007ffa85c19000 	C:\WINDOWS\System32\GDI32.dll
0x00007ffa84490000 - 0x00007ffa845ab000 	C:\WINDOWS\System32\gdi32full.dll
0x00007ffa83fa0000 - 0x00007ffa8403a000 	C:\WINDOWS\System32\msvcp_win.dll
0x00007ffa63740000 - 0x00007ffa639dc000 	C:\WINDOWS\WinSxS\amd64_microsoft.windows.common-controls_6595b64144ccf1df_6.0.22621.6060_none_2712eda17382d24b\COMCTL32.dll
0x00007ffa86490000 - 0x00007ffa86537000 	C:\WINDOWS\System32\msvcrt.dll
0x00007ffa86230000 - 0x00007ffa86261000 	C:\WINDOWS\System32\IMM32.DLL
0x00007ffa12600000 - 0x00007ffa1260c000 	C:\Program Files\Android\Android Studio\jbr\bin\vcruntime140_1.dll
0x00007ff9e1ad0000 - 0x00007ff9e1b5d000 	C:\Program Files\Android\Android Studio\jbr\bin\msvcp140.dll
0x00007ffa12630000 - 0x00007ffa132c6000 	C:\Program Files\Android\Android Studio\jbr\bin\server\jvm.dll
0x00007ffa86170000 - 0x00007ffa86221000 	C:\WINDOWS\System32\ADVAPI32.dll
0x00007ffa85c20000 - 0x00007ffa85cc8000 	C:\WINDOWS\System32\sechost.dll
0x00007ffa84040000 - 0x00007ffa84068000 	C:\WINDOWS\System32\bcrypt.dll
0x00007ffa86780000 - 0x00007ffa86898000 	C:\WINDOWS\System32\RPCRT4.dll
0x00007ffa852e0000 - 0x00007ffa85351000 	C:\WINDOWS\System32\WS2_32.dll
0x00007ffa828b0000 - 0x00007ffa828fd000 	C:\WINDOWS\SYSTEM32\POWRPROF.dll
0x00007ffa80e90000 - 0x00007ffa80e9a000 	C:\WINDOWS\SYSTEM32\VERSION.dll
0x00007ffa7d9b0000 - 0x00007ffa7d9e4000 	C:\WINDOWS\SYSTEM32\WINMM.dll
0x00007ffa82890000 - 0x00007ffa828a3000 	C:\WINDOWS\SYSTEM32\UMPDC.dll
0x00007ffa82b30000 - 0x00007ffa82b48000 	C:\WINDOWS\SYSTEM32\kernel.appcore.dll
0x00007ffa125f0000 - 0x00007ffa125fa000 	C:\Program Files\Android\Android Studio\jbr\bin\jimage.dll
0x00007ffa80b00000 - 0x00007ffa80d33000 	C:\WINDOWS\SYSTEM32\DBGHELP.DLL
0x00007ffa854e0000 - 0x00007ffa85871000 	C:\WINDOWS\System32\combase.dll
0x00007ffa84940000 - 0x00007ffa84a18000 	C:\WINDOWS\System32\OLEAUT32.dll
0x00007ffa66620000 - 0x00007ffa66652000 	C:\WINDOWS\SYSTEM32\dbgcore.DLL
0x00007ffa845b0000 - 0x00007ffa8462b000 	C:\WINDOWS\System32\bcryptPrimitives.dll
0x00007ffa63700000 - 0x00007ffa6370e000 	C:\Program Files\Android\Android Studio\jbr\bin\instrument.dll
0x00007ffa125d0000 - 0x00007ffa125f0000 	C:\Program Files\Android\Android Studio\jbr\bin\java.dll
0x00007ffa125b0000 - 0x00007ffa125c8000 	C:\Program Files\Android\Android Studio\jbr\bin\zip.dll
0x00007ffa84a40000 - 0x00007ffa852dc000 	C:\WINDOWS\System32\SHELL32.dll
0x00007ffa84070000 - 0x00007ffa841af000 	C:\WINDOWS\System32\wintypes.dll
0x00007ffa81930000 - 0x00007ffa8224a000 	C:\WINDOWS\SYSTEM32\windows.storage.dll
0x00007ffa85360000 - 0x00007ffa85464000 	C:\WINDOWS\System32\SHCORE.dll
0x00007ffa85470000 - 0x00007ffa854d9000 	C:\WINDOWS\System32\shlwapi.dll
0x00007ffa839d0000 - 0x00007ffa839f5000 	C:\WINDOWS\SYSTEM32\profapi.dll
0x00007ffa11c70000 - 0x00007ffa11c80000 	C:\Program Files\Android\Android Studio\jbr\bin\net.dll
0x00007ffa7e930000 - 0x00007ffa7ea5c000 	C:\WINDOWS\SYSTEM32\WINHTTP.dll
0x00007ffa82ff0000 - 0x00007ffa83059000 	C:\WINDOWS\system32\mswsock.dll
0x00007ffa11c50000 - 0x00007ffa11c66000 	C:\Program Files\Android\Android Studio\jbr\bin\nio.dll
0x00007ffa83340000 - 0x00007ffa8335b000 	C:\WINDOWS\SYSTEM32\CRYPTSP.dll
0x00007ffa82a90000 - 0x00007ffa82ac7000 	C:\WINDOWS\system32\rsaenh.dll
0x00007ffa83090000 - 0x00007ffa830b8000 	C:\WINDOWS\SYSTEM32\USERENV.dll
0x00007ffa83320000 - 0x00007ffa8332c000 	C:\WINDOWS\SYSTEM32\CRYPTBASE.dll
0x00007ffa825b0000 - 0x00007ffa825dd000 	C:\WINDOWS\SYSTEM32\IPHLPAPI.DLL
0x00007ffa846c0000 - 0x00007ffa846c9000 	C:\WINDOWS\System32\NSI.dll
0x00007ffa29a30000 - 0x00007ffa29a39000 	C:\Program Files\Android\Android Studio\jbr\bin\extnet.dll
0x00007ffa11580000 - 0x00007ffa11590000 	C:\Program Files\Android\Android Studio\jbr\bin\verify.dll
0x00007ffa693c0000 - 0x00007ffa69559000 	C:\Program Files\Android\Android Studio\jbr\bin\awt.dll
0x00007ffa80490000 - 0x00007ffa804bb000 	C:\WINDOWS\SYSTEM32\dwmapi.dll
0x00007ffa69150000 - 0x00007ffa69194000 	C:\Program Files\Android\Android Studio\jbr\bin\nvdaControllerClient64.dll
0x00007ffa455b0000 - 0x00007ffa4562a000 	C:\WINDOWS\SYSTEM32\OLEACC.dll
0x00007ffa7cd90000 - 0x00007ffa7ce27000 	C:\WINDOWS\SYSTEM32\apphelp.dll
0x00007ffa801d0000 - 0x00007ffa80283000 	C:\WINDOWS\system32\uxtheme.dll
0x00007ffa846d0000 - 0x00007ffa84830000 	C:\WINDOWS\System32\MSCTF.dll
0x00007ffa862e0000 - 0x00007ffa86481000 	C:\WINDOWS\System32\ole32.dll
0x00007ffa82900000 - 0x00007ffa82914000 	C:\WINDOWS\system32\Wtsapi32.dll
0x00007ffa82540000 - 0x00007ffa825ac000 	C:\WINDOWS\SYSTEM32\WINSTA.dll
0x00007ffa57110000 - 0x00007ffa57210000 	C:\WINDOWS\system32\opengl32.dll
0x00007ffa58840000 - 0x00007ffa5886d000 	C:\WINDOWS\SYSTEM32\GLU32.dll
0x00007ffa80ab0000 - 0x00007ffa80ae7000 	C:\WINDOWS\SYSTEM32\dxcore.dll
0x00007ff9b5630000 - 0x00007ff9b63a5000 	C:\Users\georg\.skiko\skiko-windows-x64-76e426d871b4e9e9265fc12f5b8f197ee4127ce920648958aaf2d1bbd4a743aa\skiko-windows-x64.dll
0x00007ffa7f820000 - 0x00007ffa7f928000 	C:\WINDOWS\SYSTEM32\PROPSYS.dll
0x00007ffa7bb30000 - 0x00007ffa7bda8000 	C:\WINDOWS\SYSTEM32\dwrite.dll
0x00007ffa6ce60000 - 0x00007ffa6d01a000 	C:\WINDOWS\WinSxS\amd64_microsoft.windows.gdiplus_6595b64144ccf1df_1.1.22621.6133_none_57fa9b2cce184d48\gdiplus.dll
0x00007ffa681d0000 - 0x00007ffa68257000 	C:\Program Files\Android\Android Studio\jbr\bin\freetype.dll
0x00007ffa680d0000 - 0x00007ffa681c3000 	C:\Program Files\Android\Android Studio\jbr\bin\fontmanager.dll
0x00007ffa868a0000 - 0x00007ffa86950000 	C:\WINDOWS\System32\clbcatq.dll
0x00007ffa7ffc0000 - 0x00007ffa80172000 	C:\WINDOWS\SYSTEM32\WindowsCodecs.dll
0x00007ffa4c890000 - 0x00007ffa4c8ee000 	C:\WINDOWS\system32\dataexchange.dll
0x00007ffa78cd0000 - 0x00007ffa78f76000 	C:\WINDOWS\system32\twinapi.appcore.dll
0x00007ffa81290000 - 0x00007ffa81297000 	C:\Program Files\Android\Android Studio\jbr\bin\jawt.dll
0x00007ffa802d0000 - 0x00007ffa803c7000 	C:\WINDOWS\SYSTEM32\Dxgi.dll
0x00007ffa7a310000 - 0x00007ffa7a359000 	C:\WINDOWS\SYSTEM32\directxdatabasehelper.dll
0x00007ffa691a0000 - 0x00007ffa691c6000 	C:\WINDOWS\SYSTEM32\D3D12.dll
0x00007ffa4afa0000 - 0x00007ffa4b1a3000 	C:\WINDOWS\SYSTEM32\D3D12Core.dll
0x00007ffa83790000 - 0x00007ffa837de000 	C:\WINDOWS\SYSTEM32\cfgmgr32.dll
0x00007ffa73170000 - 0x00007ffa76906000 	C:\WINDOWS\System32\DriverStore\FileRepository\iigd_dch.inf_amd64_ee473bb1b3cf1637\igc64.dll
0x00007ffa69240000 - 0x00007ffa69264000 	C:\WINDOWS\System32\DriverStore\FileRepository\iigd_dch.inf_amd64_ee473bb1b3cf1637\igd12umd64.dll
0x00007ff9c4750000 - 0x00007ff9c5192000 	C:\WINDOWS\System32\DriverStore\FileRepository\iigd_dch.inf_amd64_ee473bb1b3cf1637\igd12um64kbl.dll
0x00007ffa84260000 - 0x00007ffa843c8000 	C:\WINDOWS\System32\CRYPT32.dll
0x00007ffa76910000 - 0x00007ffa76d19000 	C:\WINDOWS\System32\DriverStore\FileRepository\iigd_dch.inf_amd64_ee473bb1b3cf1637\igdgmm64.dll
0x00007ffa66e40000 - 0x00007ffa66e6f000 	C:\WINDOWS\SYSTEM32\D3DSCache.dll
0x00007ff9d63d0000 - 0x00007ff9d94b8000 	C:\WINDOWS\System32\DriverStore\FileRepository\iigd_dch.inf_amd64_ee473bb1b3cf1637\igd12dxva64.dll
0x00007ffa85ce0000 - 0x00007ffa86154000 	C:\WINDOWS\System32\SETUPAPI.dll
0x00007ffa61650000 - 0x00007ffa61677000 	C:\WINDOWS\System32\DriverStore\FileRepository\iigd_dch.inf_amd64_ee473bb1b3cf1637\igdinfo64.dll
0x00007ffa812d0000 - 0x00007ffa812d9000 	C:\Program Files\Android\Android Studio\jbr\bin\prefs.dll
0x00007ffa7c010000 - 0x00007ffa7c265000 	C:\WINDOWS\SYSTEM32\dcomp.dll
0x00007ffa7b150000 - 0x00007ffa7b536000 	C:\WINDOWS\SYSTEM32\d3dcompiler_47.dll
0x00007ffa6d0f0000 - 0x00007ffa6d235000 	C:\WINDOWS\SYSTEM32\textinputframework.dll
0x00007ffa61fc0000 - 0x00007ffa6200b000 	C:\WINDOWS\system32\ApplicationTargetedFeatureDatabase.dll
0x00007ffa825e0000 - 0x00007ffa826d8000 	C:\WINDOWS\SYSTEM32\DNSAPI.dll
0x0000000073ff0000 - 0x0000000074016000 	C:\Program Files\Bonjour\mdnsNSP.dll
0x00007ffa7a640000 - 0x00007ffa7a64a000 	C:\Windows\System32\rasadhlp.dll
0x00007ffa7cb30000 - 0x00007ffa7cbb4000 	C:\WINDOWS\System32\fwpuclnt.dll
0x00007ffa520a0000 - 0x00007ffa52161000 	C:\WINDOWS\SYSTEM32\TextShaping.dll

JVMTI agents:
C:\Users\georg\.gradle\caches\modules-2\files-2.1\org.jetbrains.compose.hot-reload\hot-reload-agent\1.0.0\b51a332b8899c060187ace065fef8c8eb62acfcc\hot-reload-agent-1.0.0.jar path:C:\Program Files\Android\Android Studio\jbr\bin\instrument.dll, loaded, initialized, instrumentlib options:none

dbghelp: loaded successfully - version: 4.0.5 - missing functions: none
symbol engine: initialized successfully - sym options: 0x614 - pdb path: .;C:\Program Files\Android\Android Studio\jbr\bin;C:\WINDOWS\SYSTEM32;C:\WINDOWS\WinSxS\amd64_microsoft.windows.common-controls_6595b64144ccf1df_6.0.22621.6060_none_2712eda17382d24b;C:\Program Files\Android\Android Studio\jbr\bin\server;C:\Users\georg\.skiko\skiko-windows-x64-76e426d871b4e9e9265fc12f5b8f197ee4127ce920648958aaf2d1bbd4a743aa;C:\WINDOWS\WinSxS\amd64_microsoft.windows.gdiplus_6595b64144ccf1df_1.1.22621.6133_none_57fa9b2cce184d48;C:\WINDOWS\System32\DriverStore\FileRepository\iigd_dch.inf_amd64_ee473bb1b3cf1637;C:\Program Files\Bonjour

VM Arguments:
jvm_args: -Dcompose.reload.argfile=C:\PROFESSIONAL\Kotlin_Datas\Company\DrcMind\kelasi-client\composeApp\build\run\jvmMain\jvmMain.argfile -Dcompose.reload.build.continuous=false -Dcompose.reload.build.warmup=true -Dcompose.reload.buildSystem=Gradle -Dcompose.reload.devToolsAnimationsEnabled=true -Dcompose.reload.devToolsClasspath=C:\Users\georg\.gradle\caches\modules-2\files-2.1\org.jetbrains.compose.hot-reload\hot-reload-devtools\1.0.0\8cf7f8a3e0c5ca40edcd31621bb2c54637dad97f\hot-reload-devtools-1.0.0.jar;C:\Users\georg\.gradle\caches\modules-2\files-2.1\org.jetbrains.compose.hot-reload\hot-reload-devtools-api\1.0.0\6f078e0689bb84d71ff62bdb898addec7b9e0c7d\hot-reload-devtools-api-1.0.0.jar;C:\Users\georg\.gradle\caches\modules-2\files-2.1\org.jetbrains.compose.hot-reload\hot-reload-orchestration\1.0.0\c84a13f251d2ba726bffe77f47f2a37fba14d3a\hot-reload-orchestration-1.0.0.jar;C:\Users\georg\.gradle\caches\modules-2\files-2.1\org.jetbrains.compose.hot-reload\hot-reload-core\1.0.0\b9e821084415adea5d981fb5a22a57ad94614fe1\hot-reload-core-1.0.0.jar;C:\Users\georg\.gradle\caches\modules-2\files-2.1\org.jetbrains.compose.hot-reload\hot-reload-runtime-api-jvm\1.0.0\b4c35542b0fe4f3743939f0e7a19739df369fa2e\hot-reload-runtime-api-jvm-1.0.0.jar;C:\Users\georg\.gradle\caches\modules-2\files-2.1\org.jetbrains.compose.desktop\desktop-jvm\1.9.0\760a7f1c3278719f2ab9fa443228956e64a7a18e\desktop-jvm-1.9.0.jar;C:\Users\georg\.gradle\caches\modules-2\files-2.1\org.jetbrains.compose.components\components-resources-desktop\1.9.0\263d44e856cb89a759959eec68dafae6d1931110\library-desktop-1.9.0.jar;C:\Users\georg\.gradle\caches\modules-2\files-2.1\io.sellmair\evas-compose-jvm\1.3.0\1214dcce9040d1b9f856b02b443cf8c2ebe1573a\evas-compose-jvm-1.3.0.jar;C:\Users\georg\.gradle\caches\modules-2\files-2.1\io.sellmair\evas-jvm\1.3.0\74c1f6c46502ffda615a698c02b3166fc7e9b2b2\evas-jvm-1.3.0.jar;C:\Users\georg\.gradle\caches\modules-2\files-2.1\org.jetbrains.skiko\skiko-awt-runtime-windows-x64\0.9.22.2\fe554a74845abbd5710ef36d27421c470bbd996f\skiko-awt-runtime-windows-x64-0.9.22.2.jar;C:\Users\georg\.gradle\caches\modules-2\files-2.1\org.jetbrains.compose.material3\material3-desktop\1.8.2\1f1f838506ceb2c25499517559f120517770b014\material3-desktop-1.8.2.jar;C:\Users\georg\.gradle\caches\modules-Dcompose.reload.devToolsDetached=false -Dcompose.reload.devToolsEnabled=true -Dcompose.reload.devToolsHeadless=false -Dcompose.reload.devToolsTransparencyEnabled=true -Dcompose.reload.dirtyResolveDepthLimit=5 -Dcompose.reload.effectsEnabled=true -Dcompose.reload.isActive=true -Dcompose.reload.launchMode=GradleBlocking -Dcompose.reload.logLevel=Info -Dcompose.reload.logStdout=false -Dcompose.reload.mainClass=com.drcmind.kelasisuite.MainKt -Dcompose.reload.pidFile=C:\PROFESSIONAL\Kotlin_Datas\Company\DrcMind\kelasi-client\composeApp\build\run\jvmMain\jvmMain.pid -Dcompose.reload.virtualMethodResolveEnabled=true -Dgradle.build.project=:composeApp -Dgradle.build.root=C:\PROFESSIONAL\Kotlin_Datas\Company\DrcMind\kelasi-client -Dgradle.build.task=hotReloadJvmMain -Dorg.gradle.java.home=C:\Program Files\Android\Android Studio\jbr -XX:+IgnoreUnrecognizedVMOptions -XX:+AllowEnhancedClassRedefinition -javaagent:C:\Users\georg\.gradle\caches\modules-2\files-2.1\org.jetbrains.compose.hot-reload\hot-reload-agent\1.0.0\b51a332b8899c060187ace065fef8c8eb62acfcc\hot-reload-agent-1.0.0.jar -Dfile.encoding=UTF-8 -Duser.country=US -Duser.language=en -Duser.variant 
java_command: com.drcmind.kelasisuite.MainKt
java_class_path (initial): C:\Users\georg\.gradle\caches\modules-2\files-2.1\org.jetbrains.compose.hot-reload\hot-reload-agent\1.0.0\b51a332b8899c060187ace065fef8c8eb62acfcc\hot-reload-agent-1.0.0.jar;C:\Users\georg\.gradle\caches\modules-2\files-2.1\org.jetbrains.compose.hot-reload\hot-reload-orchestration\1.0.0\c84a13f251d2ba726bffe77f47f2a37fba14d3a\hot-reload-orchestration-1.0.0.jar;C:\Users\georg\.gradle\caches\modules-2\files-2.1\org.jetbrains.compose.hot-reload\hot-reload-analysis\1.0.0\54ec8732857a55bd8a5308f3a7441543744eac73\hot-reload-analysis-1.0.0.jar;C:\Users\georg\.gradle\caches\modules-2\files-2.1\org.jetbrains.compose.hot-reload\hot-reload-core\1.0.0\b9e821084415adea5d981fb5a22a57ad94614fe1\hot-reload-core-1.0.0.jar;C:\Users\georg\.gradle\caches\modules-2\files-2.1\org.javassist\javassist\3.30.2-GA\284580b5e42dfa1b8267058566435d9e93fae7f7\javassist-3.30.2-GA.jar;C:\Users\georg\.gradle\caches\modules-2\files-2.1\org.ow2.asm\asm-tree\9.8\18419ca5b77a2f81097c741e7872e6ab8d2f40d\asm-tree-9.8.jar;C:\Users\georg\.gradle\caches\modules-2\files-2.1\org.ow2.asm\asm\9.8\dc19ecb3f7889b7860697215cae99c0f9b6f6b4b\asm-9.8.jar;C:\Users\georg\.gradle\caches\modules-2\files-2.1\org.jetbrains.compose.hot-reload\hot-reload-annotations-jvm\1.0.0\4c2dbc6fe7ff43481c1ef134b21219e0f76b66f9\hot-reload-annotations-jvm-1.0.0.jar;C:\PROFESSIONAL\Kotlin_Datas\Company\DrcMind\kelasi-client\composeApp\build\run\jvmMain\classpath\hot;C:\PROFESSIONAL\Kotlin_Datas\Company\DrcMind\kelasi-client\composeApp\build\run\jvmMain\classpath\classes;C:\Users\georg\.gradle\caches\modules-2\files-2.1\org.jetbrains.compose.hot-reload\hot-reload-runtime-jvm\1.0.0\986aadbf87fda8525e55b3d675694795c51d407b\hot-reload-runtime-jvm-1.0.0.jar;C:\Users\georg\.gradle\caches\modules-2\files-2.1\io.ktor\ktor-client-content-negotiation-jvm\3.4.3\18a80220c40429a888d0ae152846b58bf01f3713\ktor-client-content-negotiation-jvm-3.4.3.jar;C:\Users\georg\.gradle\caches\modules-2\files-2.1\io.ktor\ktor-client-serialization-jvm\3.4.3\c3391d21b9ad0d13a750d9d50fd04988aa9961a1\ktor-client-serialization-jvm-3.4.3.jar;C:\Users\georg\.gradle\caches\modules-2\files-2.1\io.ktor\ktor-client-auth-jvm\3.4.3\87e296fad65203c5d81fe3ca3ba2d2dcc475b472\ktor-client-auth-jvm-3.4.3.jar;C:\Users\georg\.gradle\caches\modules-2\files-2.1\io.ktor\ktor-client-logging-jvm\3.4.3\b7811d58a106b36d9a6cee14199cfdfd8b426827\ktor-client-logging-jvm-3.4.3.jar;C:\Users\georg\.gradle\caches\modules-2\files-2.1\io.ktor\ktor-client-okhttp-jvm\3.4.3\2fea8322fdf9a32ef697b5536c1b7c2ca1b3831\ktor-client-okhttp-jvm-3.4.3.jar;C:\Users\georg\.gradle\caches\modules-2\files-2.1\io.ktor\ktor-client-json-jvm\3.4.3\32eb1654d349f2f7de2013ccf99ecc412fbb9118\ktor-client-json-jvm-3.4.3.jar;C:\Users\georg\.gradle\caches\modules-2\files-2.1\io.ktor\ktor-client-core-jvm\3.4.3\d13ae94f2d8d9a88fafa7299f2115dabc909d3b6\ktor-client-core-jvm-3.4.3.jar;C:\Users\georg\.gradle\caches\modules-2\files-2.1\org.jetbrains.kotlinx\kotlinx-coroutines-slf4j\1.10.2\1271f9d4a929150bb87ab8d1dc1e86d4bcf039f3\kotlinx-coroutines-slf4j-1.10.2.jar;C:\Users\georg\.gradle\caches\modules-2\files-2.1\org.jetbrains.compose.components\components-resources-desktop\1.10.3\c6115b607f77e9d033de360f989850d3824bf112\library-desktop-1.10.3.jar;C:\Users\georg\.gradle\caches\modules-2\files-2.1\io.ktor\ktor-serialization-kotlinx-json-jvm\3.4.3\24821671212efaaa060be9036d4b1c680c9621cd\ktor-serialization-kotlinx-json-jvm-3.4.3.jar;C:\Users\georg\.gradle\caches\modules-2\files-2.1\io.github.vinceglb\filekit-dialogs-compose-jvm\0.14.0\3ec80fcfbd99c0798de6212086e1da1f15a5a6f0\filekit-dialogs-compose-jvm.jar;C:\Users\georg\.gradle\caches\modules-2\files-2.1\io.github.vinceglb\filekit-dialogs-jvm\0.14.0\1ddbcc60c4aa7d70e073f35642bb997abfedea2a\filekit-dialogs-jvm.jar;C:\Users\georg\.gradle\caches\modules-2\files-2.1\io.github.vinceglb\filekit-core-jvm\0.14.0\c67fbc9fb4bdf5359ea3a407dbb2375337c1f287\filekit-core-jvm.jar;C:\Users\georg\.gradle\caches\modules-2\files-2.1\com.patrykandpatrick.vico\compose-m3-desktop\3.1.0\ca4b3d4b3aa4d5a7224a990c4ced553ce908c097\compose-m3-desktop-3.1.0.jar;C:\Users\georg\.gradle\caches\modules-2\files-2.1\com.patrykandpatrick.vico\compose-desktop\3.1.0\fc93c08d5b9a983daf7de05c159401e9630624aa\compose-desktop-3.1.0.jar;C:\Users\georg\.gradle\caches\modules-2\files-2.1\org.jetbrains.compose.desktop\desktop-jvm\1.10.3\42facd9840309ac4eb841a986c5d1b97d2780471\desktop-jvm-1.10.3.jar;C:\Users\georg\.gradle\caches\modules-2\files-2.1\org.jetbrains.compose.material3\material3-desktop\1.11.0-alpha07\422cb57765628e3959d1e27ac46660593643296b\material3-desktop-1.11.0-alpha07.jar;C:\Users\georg\.gradle\caches\modules-2\files-2.1\org.jetbrains.compose.material3\material3-adaptive-navigation-suite-desktop\1.11.0-alpha07\93e5b38e7fb8c5f6a05da54fbbb325ef49b43b6e\material3-adaptive-navigation-suite-desktop-1.11.0-alpha07.jar;C:\Users\georg\.gradle\caches\modules-2\files-2.1\org.jetbrains.compose.material3.adaptive\adaptive-layout-desktop\1.3.0-alpha07\2ecf76d2291e8b236ad740086f977c6f8ed96f6\adaptive-layout-desktop-1.3.0-alpha07.jar;C:\Users\georg\.gradle\caches\modules-2\files-2.1\org.jetbrains.compose.material3.adaptive\adaptive-desktop\1.3.0-alpha07\e19336f876a15a436fc2c75f44497569898e9e31\adaptive-desktop-1.3.0-alpha07.jar;C:\Users\georg\.gradle\caches\modules-2\files-2.1\org.jetbrains.compose.material3.adaptive\adaptive-navigation-desktop\1.3.0-alpha07\820afdf376db974ef9d6bd53d7aa9a934ef8d1b6\adaptive-navigation-desktop-1.3.0-alpha07.jar;C:\Users\georg\.gradle\caches\modules-2\files-2.1\org.jetbrains.compose.material3.adaptive\adaptive-navigation3-desktop\1.3.0-alpha07\d78e313832fb1ade72b1f21c82df8a3b7f44c1da\adaptive-navigation3-desktop-1.3.0-alpha07.jar;C:\Users\georg\.gradle\caches\modules-2\files-2.1\org.jetbrains.androidx.navigation3\navigation3-ui-desktop\1.1.0\383c8dbbe79bd20c18c205488b8605d922cd1596\navigation3-ui-desktop-1.1.0.jar;C:\Users\georg\.gradle\caches\modules-2\files-2.1\org.jetbrains.androidx.lifecycle\lifecycle-viewmodel-navigation3-desktop\2.10.0\9a3bf348d6e5ce6b167912928fa6658a319d231b\lifecycle-viewmodel-navigation3-desktop-2.10.0.jar;C:\Users\georg\.gradle\caches\modules-2\files-2.1\androidx.navigation3\navigation3-runtime-desktop\1.1.0\f97607fbd9cd1c2a196dbdf2440b6ca78010c08a\navigation3-runtime-desktop-1.1.0.jar;C:\Users\georg\.gradle\caches\modules-2\files-2.1\org.jetbrains.androidx.navigationevent\navigationevent-compose-desktop\1.0.1\ecaf02060a048a1f82584fe328e4e02fe6f982ad\navigationevent-compose-desktop-1.0.1.jar;C:\Users\georg\.gradle\caches\modules-2\files-2.1\io.insert-koin\koin-compose-viewmodel-jvm\4.2.1\fc97d157cb05a8b4026f5f89765aa94949862778\koin-compose-viewmodel-jvm-4.2.1.jar;C:\Users\georg\.gradle\caches\modules-2\files-2.1\org.jetbrains.androidx.lifecycle\lifecycle-viewmodel-compose-desktop\2.10.0\a59cd3cec34b5b7519ca3245b0d160dfd12a5891\lifecycle-viewmodel-compose-desktop-2.10.0.jar;C:\Users\georg\.gradle\caches\modules-2\files-2.1\org.jetbrains.compose.material\material-icons-extended-desktop\1.7.3\c7c5465dd754043076875b32bce0dd7f5a354fe8\material-icons-extended-desktop-1.7.3.jar;C:\Users\georg\.gradle\caches\modules-2\files-2.1\org.jetbrains.compose.material\material-icons-core-desktop\1.7.3\414b3096050fe647b0638832eace80f22c06b85c\material-icons-core-desktop-1.7.3.jar;C:\Users\georg\.gradle\caches\modules-2\files-2.1\org.jetbrains.compose.material\material-desktop\1.10.3\63e1c3c6705d111bf84e41110e7729df5b85163e\material-desktop-1.10.3.jar;C:\Users\georg\.gradle\caches\modules-2\files-2.1\io.insert-koin\koin-compose-jvm\4.2.1\f8d7e9c3bc6ab356961774f56a9e844158b1de42\koin-compose-jvm-4.2.1.jar;C:\Users\georg\.gradle\caches\modules-2\files-2.1\org.jetbrains.compose.foundation\foundation-layout-desktop\1.11.0-beta03\90eb05caff115d62889f9ee63c3d96280cddfbfd\foundation-layout-desktop-1.11.0-beta03.jar;C:\Users\georg\.gradle\caches\modules-2\files-2.1\org.jetbrains.compose.material\material-ripple-desktop\1.11.0-beta03\ae97a5eeb23bc3f461bc3e16e2a9882175405d17\material-ripple-desktop-1.11.0-beta03.jar;C:\Users\georg\.gradle\caches\modules-2\files-2.1\org.jetbrains.compose.foundation\foundation-desktop\1.11.0-beta03\821da3903ada0ba21bd1655ebf33663318a6e001\foundation-desktop-1.11.0-beta03.jar;C:\Users\georg\.gradle\caches\modules-2\files-2.1\org.jetbrains.compose.animation\animation-desktop\1.11.0-beta03\f873fb28f1a08d45a4dd20a0130b3da8cadf383c\animation-desktop-1.11.0-beta03.jar;C:\Users\georg\.gradle\caches\modules-2\files-2.1\org.jetbrains.compose.animation\animation-core-desktop\1.11.0-beta03\1bf633ecd1a38a1cf7a41630bc56cba0da9cc25b\animation-core-desktop-1.11.0-beta03.jar;C:\Users\georg\.gradle\caches\modules-2\files-2.1\org.jetbrains.compose.ui\ui-tooling-preview-desktop\1.11.0-beta03\97ec578d33adc34adcaa63e9af7bb2328c6c29b7\ui-tooling-preview-desktop-1.11.0-beta03.jar;C:\Users\georg\.gradle\caches\modules-2\files-2.1\org.jetbrains.compose.ui\ui-geometry-desktop\1.11.0-beta03\5e430152487375359973ac9874653d335dcc220\ui-geometry-desktop-1.11.0-beta03.jar;C:\Users\georg\.gradle\caches\modules-2\files-2.1\org.jetbrains.compose.ui\ui-unit-desktop\1.11.0-beta03\f6c06f98da206d01dc40c1587c6bc4c40cbef623\ui-unit-desktop-1.11.0-beta03.jar;C:\Users\georg\.gradle\caches\modules-2\files-2.1\org.jetbrains.compose.ui\ui-graphics-desktop\1.11.0-beta03\8529f012163189a869484f557be68750df22bc11\ui-graphics-desktop-1.11.0-beta03.jar;C:\Users\georg\.gradle\caches\modules-2\files-2.1\org.jetbrains.compose.ui\ui-util-desktop\1.11.0-beta03\4302c582878b82ab24e1f34e6e90f967f7b416ed\ui-util-desktop-1.11.0-beta03.jar;C:\Users\georg\.gradle\caches\modules-2\files-2.1\org.jetbrains.compose.ui\ui-text-desktop\1.11.0-beta03\6ded685e2601260d6231c859a849b96ee6c60368\ui-text-desktop-1.11.0-beta03.jar;C:\Users\georg\.gradle\caches\modules-2\files-2.1\org.jetbrains.compose.ui\ui-backhandler-desktop\1.11.0-beta03\bd3540bb1d6abd60c5e58f32663b2f3e89406cd1\ui-backhandler-desktop-1.11.0-beta03.jar;C:\Users\georg\.gradle\caches\modules-2\files-2.1\org.jetbrains.compose.ui\ui-desktop\1.11.0-beta03\5c861bcb14e673a143a63a340fed3bf7583d7275\ui-desktop-1.11.0-beta03.jar;C:\Users\georg\.gradle\caches\modules-2\files-2.1\androidx.navigationevent\navigationevent-desktop\1.0.2\ddb1e7fe97ed51c3d35bba493f97fcf12398719\navigationevent-desktop-1.0.2.jar;C:\Users\georg\.gradle\caches\modules-2\files-2.1\io.ktor\ktor-http-cio-jvm\3.4.3\b5009e1cc40b502c90c245ea4fd48f95b4a6a09b\ktor-http-cio-jvm-3.4.3.jar;C:\Users\georg\.gradle\caches\modules-2\files-2.1\io.ktor\ktor-websocket-serialization-jvm\3.4.3\428641dfad289035953735480a20605a0a3d388e\ktor-websocket-serialization-jvm-3.4.3.jar;C:\Users\georg\.gradle\caches\modules-2\files-2.1\io.ktor\ktor-serialization-kotlinx-jvm\3.4.3\ba16178b0f5ab132b866650c062f31d539d4ed73\ktor-serialization-kotlinx-jvm-3.4.3.jar;C:\Users\georg\.gradle\caches\modules-2\files-2.1\io.ktor\ktor-serialization-jvm\3.4.3\9cb3959a7795a303a2b0c9dd9a152cf87c81418b\ktor-serialization-jvm-3.4.3.jar;C:\Users\georg\.gradle\caches\modules-2\files-2.1\io.ktor\ktor-websockets-jvm\3.4.3\9b13706fbdb3c7f5065d71e0d1f17eabda34dbc0\ktor-websockets-jvm-3.4.3.jar;C:\Users\georg\.gradle\caches\modules-2\files-2.1\io.ktor\ktor-http-jvm\3.4.3\1d6f033087f8d270ce06cc8471bc3d805472381f\ktor-http-jvm-3.4.3.jar;C:\Users\georg\.gradle\caches\modules-2\files-2.1\io.ktor\ktor-events-jvm\3.4.3\21cfaab46ef1538c930781d0fc4ad30817f18bb9\ktor-events-jvm-3.4.3.jar;C:\Users\georg\.gradle\caches\modules-2\files-2.1\io.ktor\ktor-sse-jvm\3.4.3\f72b604fbe908f7a8f26be2e472dfe8fe0e8ce31\ktor-sse-jvm-3.4.3.jar;C:\Users\georg\.gradle\caches\modules-2\files-2.1\io.insert-koin\koin-core-viewmodel-jvm\4.2.1\92aa64c77993a8023a838a4f96bf84d6a492d126\koin-core-viewmodel-jvm-4.2.1.jar;C:\Users\georg\.gradle\caches\modules-2\files-2.1\androidx.compose.runtime\runtime-annotation-jvm\1.11.0-rc01\db4aa964627ac96331b72e231b9ad54318d112f4\runtime-annotation-jvm-1.11.0-rc01.jar;C:\Users\georg\.gradle\caches\modules-2\files-2.1\androidx.compose.runtime\runtime-retain-desktop\1.11.0-rc01\3aa3ec26ef2a3d26bc556b51b33d09efc1a198e8\runtime-retain-desktop-1.11.0-rc01.jar;C:\Users\georg\.gradle\caches\modules-2\files-2.1\androidx.compose.runtime\runtime-saveable-desktop\1.11.0-rc01\1618fae89791692a224fe7aa79edbd7a8f5b7522\runtime-saveable-desktop-1.11.0-rc01.jar;C:\Users\georg\.gradle\caches\modules-2\files-2.1\org.jetbrains.androidx.savedstate\savedstate-compose-desktop\1.3.6\63692375ffe667f12cb3ea8aa1e605d659ed2add\savedstate-compose-desktop-1.3.6.jar;C:\Users\georg\.gradle\caches\modules-2\files-2.1\androidx.savedstate\savedstate-compose-desktop\1.4.0\d3d6e0e2108528eb6080dc250da925a572be4202\savedstate-compose-desktop-1.4.0.jar;C:\Users\georg\.gradle\caches\modules-2\files-2.1\androidx.compose.runtime\runtime-desktop\1.11.0-rc01\175abab71b8fd8352e7b19505bf1f07d4415a37a\runtime-desktop-1.11.0-rc01.jar;C:\Users\georg\.gradle\caches\modules-2\files-2.1\org.jetbrains.compose.runtime\runtime-desktop\1.11.0-beta03\1941336b045aac4b87cc3be81d9fdb9977c88c61\runtime-desktop-1.11.0-beta03.jar;C:\Users\georg\.gradle\caches\modules-2\files-2.1\org.jetbrains.compose.runtime\runtime-saveable-desktop\1.11.0-beta03\b7c8a8ed985a0f15b4d8d206de1fc6125b499388\runtime-saveable-desktop-1.11.0-beta03.jar;C:\Users\georg\.gradle\caches\modules-2\files-2.1\org.jetbrains.androidx.lifecycle\lifecycle-runtime-compose-desktop\2.10.0\7b6b6793f3c4c5996b20d1d99cf728e5fac00364\lifecycle-runtime-compose-desktop-2.10.0.jar;C:\Users\georg\.gradle\caches\modules-2\files-2.1\androidx.lifecycle\lifecycle-viewmodel-desktop\2.10.0\8ff3a014a8c7e901085b76191cdbdfb4d9322cc2\lifecycle-viewmodel-desktop-2.10.0.jar;C:\Users\georg\.gradle\caches\modules-2\files-2.1\androidx.lifecycle\lifecycle-common-jvm\2.10.0\2b7a92c746f3339efc533a2da0024e596760f816\lifecycle-common-jvm-2.10.0.jar;C:\Users\georg\.gradle\caches\modules-2\files-2.1\androidx.lifecycle\lifecycle-runtime-desktop\2.10.0\fe39fe8e677652fd188c3cf1b1089a4c31bccd14\lifecycle-runtime-desktop-2.10.0.jar;C:\Users\georg\.gradle\caches\modules-2\files-2.1\androidx.lifecycle\lifecycle-runtime-compose-desktop\2.10.0\c277d78d334495bc70c976007a6fddb4c39ff65c\lifecycle-runtime-compose-desktop-2.10.0.jar;C:\Users\georg\.gradle\caches\modules-2\files-2.1\androidx.lifecycle\lifecycle-viewmodel-savedstate-desktop\2.10.0\ec55d21af7e860f55e1797163df33737473f211a\lifecycle-viewmodel-savedstate-desktop-2.10.0.jar;C:\Users\georg\.gradle\caches\modules-2\files-2.1\androidx.savedstate\savedstate-desktop\1.4.0\3b049a0f81643d6b4b900de95bc23efc085c32d5\savedstate-desktop-1.4.0.jar;C:\Users\georg\.gradle\caches\modules-2\files-2.1\io.ktor\ktor-network-jvm\3.4.3\60e35f5740b4526ac4aa384c0956920f00ecd91e\ktor-network-jvm-3.4.3.jar;C:\Users\georg\.gradle\caches\modules-2\files-2.1\io.ktor\ktor-utils-jvm\3.4.3\7904b87f28e962b998244f5663236dca4d90bbd\ktor-utils-jvm-3.4.3.jar;C:\Users\georg\.gradle\caches\modules-2\files-2.1\io.ktor\ktor-io-jvm\3.4.3\743b93999a7451a371cdef23dccecf0d14a99d4\ktor-io-jvm-3.4.3.jar;C:\Users\georg\.gradle\caches\modules-2\files-2.1\org.jetbrains.skiko\skiko-awt-runtime-windows-x64\0.144.5\867810dcb6e8a8459cfafe031dc09a8f3d54f004\skiko-awt-runtime-windows-x64-0.144.5.jar;C:\Users\georg\.gradle\caches\modules-2\files-2.1\org.jetbrains.skiko\skiko-awt\0.144.5\72acebf9800427be6edd90c514106812224c65e5\skiko-awt-0.144.5.jar;C:\Users\georg\.gradle\caches\modules-2\files-2.1\org.jetbrains.kotlinx\kotlinx-coroutines-core-jvm\1.10.2\4a9f78ef49483748e2c129f3d124b8fa249dafbf\kotlinx-coroutines-core-jvm-1.10.2.jar;C:\Users\georg\.gradle\caches\modules-2\files-2.1\org.jetbrains.kotlinx\kotlinx-coroutines-swing\1.10.2\ccb5a2e7c83fa76da0ba4677f05678d3bd3eed57\kotlinx-coroutines-swing-1.10.2.jar;C:\Users\georg\.gradle\caches\modules-2\files-2.1\org.jetbrains.kotlinx\kotlinx-datetime-jvm\0.7.1\81c2e0246bd28cc2dcbdf0ab53628322e66a9de9\kotlinx-datetime-jvm-0.7.1.jar;C:\Users\georg\.gradle\caches\modules-2\files-2.1\org.jetbrains.kotlinx\kotlinx-serialization-json-io-jvm\1.11.0\645ed54ca9128fc217b30b3686a083141ebe635c\kotlinx-serialization-json-io-jvm-1.11.0.jar;C:\Users\georg\.gradle\caches\modules-2\files-2.1\org.jetbrains.kotlinx\kotlinx-serialization-core-jvm\1.11.0\c1905c9bf7452b045d5af9248835abe64ddad6bf\kotlinx-serialization-core-jvm-1.11.0.jar;C:\Users\georg\.gradle\caches\modules-2\files-2.1\org.jetbrains.kotlinx\kotlinx-serialization-json-jvm\1.11.0\e7e045e99e56f07599bb9ccb708c2190e2af0606\kotlinx-serialization-json-jvm-1.11.0.jar;C:\Users\georg\.gradle\caches\modules-2\files-2.1\io.insert-koin\koin-core-jvm\4.2.1\fed4f1d828b769a8ebf45ee79291e341423b0e31\koin-core-jvm-4.2.1.jar;C:\Users\georg\.gradle\caches\modules-2\files-2.1\com.russhwolf\multiplatform-settings-no-arg-jvm\1.3.0\b9d2280a0d56597619afb286d7c5f697f2e83f03\multiplatform-settings-no-arg-jvm-1.3.0.jar;C:\Users\georg\.gradle\caches\modules-2\files-2.1\org.jetbrains.compose.hot-reload\hot-reload-devtools-api\1.0.0\6f078e0689bb84d71ff62bdb898addec7b9e0c7d\hot-reload-devtools-api-1.0.0.jar;C:\Users\georg\.gradle\caches\modules-2\files-2.1\org.jetbrains.kotlin\kotlin-stdlib-jdk8\2.2.20\57c4d839a6e5ad105d61ffc5cc0bf4de649c1714\kotlin-stdlib-jdk8-2.2.20.jar;C:\Users\georg\.gradle\caches\modules-2\files-2.1\androidx.graphics\graphics-shapes-desktop\1.1.0\a5d2198960bdc0915f74c6b2954d3323f35f40ea\graphics-shapes-desktop-1.1.0.jar;C:\Users\georg\.gradle\caches\modules-2\files-2.1\androidx.collection\collection-jvm\1.5.0\7ba2c69414d46ebc2dd76598bdd0a75c54281a57\collection-jvm-1.5.0.jar;C:\Users\georg\.gradle\caches\modules-2\files-2.1\androidx.arch.core\core-common\2.2.0\5e1b8b81dfd5f52c56a8d53b18ca759c19a301f3\core-common-2.2.0.jar;C:\Users\georg\.gradle\caches\modules-2\files-2.1\org.jetbrains.androidx.window\window-core-desktop\1.5.0\3f50ebee096c6fae282966ada51d7c7639161a65\window-core-desktop-1.5.0.jar;C:\Users\georg\.gradle\caches\modules-2\files-2.1\androidx.window\window-core-jvm\1.5.0\92fb190542d65238482465e5d77857b15e59aa82\window-core-jvm-1.5.0.jar;C:\Users\georg\.gradle\caches\modules-2\files-2.1\androidx.annotation\annotation-jvm\1.9.1\b17951747e38bf3986a24431b9ba0d039958aa5f\annotation-jvm-1.9.1.jar;C:\Users\georg\.gradle\caches\modules-2\files-2.1\co.touchlab\stately-concurrent-collections-jvm\2.1.0\5c03b644537d7926a8f77e5735a8bebb55dafdcd\stately-concurrent-collections-jvm-2.1.0.jar;C:\Users\georg\.gradle\caches\modules-2\files-2.1\co.touchlab\stately-concurrency-jvm\2.1.0\6285428408c4d7e4a6d9a09511de877103effd81\stately-concurrency-jvm-2.1.0.jar;C:\Users\georg\.gradle\caches\modules-2\files-2.1\org.jetbrains.kotlinx\kotlinx-io-core-jvm\0.9.0\7f7536f8f057ffc7f79375714e9730c4b8bdd7c9\kotlinx-io-core-jvm-0.9.0.jar;C:\Users\georg\.gradle\caches\modules-2\files-2.1\com.russhwolf\multiplatform-settings-jvm\1.3.0\76fe39b1cbb2b2b951ec230ab85e610ae179aab7\multiplatform-settings-jvm-1.3.0.jar;C:\Users\georg\.gradle\caches\modules-2\files-2.1\org.jetbrains.kotlin\kotlin-stdlib-jdk7\2.2.20\bdbe3b5d872fa3b74d8fcd4e7ca3193f4abc9cc8\kotlin-stdlib-jdk7-2.2.20.jar;C:\Users\georg\.gradle\caches\modules-2\files-2.1\com.squareup.okhttp3\okhttp-jvm\5.3.2\f31e8de27feebe1e56d6c9d354a0986b65be0e1d\okhttp-jvm-5.3.2.jar;C:\Users\georg\.gradle\caches\modules-2\files-2.1\com.squareup.okio\okio-jvm\3.16.4\ceb794cf0bbf8d0d20f49aa91ce20db7fd77675d\okio-jvm-3.16.4.jar;C:\Users\georg\.gradle\caches\modules-2\files-2.1\co.touchlab\stately-strict-jvm\2.1.0\3ae8369209065455f4630793bf6aca0fb88c8b6b\stately-strict-jvm-2.1.0.jar;C:\Users\georg\.gradle\caches\modules-2\files-2.1\org.jetbrains.kotlinx\atomicfu-jvm\0.28.0\6a9ac536f4b2144e57c176fd4e26821eb12084f4\atomicfu-jvm-0.28.0.jar;C:\Users\georg\.gradle\caches\modules-2\files-2.1\org.jetbrains.kotlinx\kotlinx-io-bytestring-jvm\0.9.0\e73a7915234a8ea7954f32b715ef8e42b02f66a3\kotlinx-io-bytestring-jvm-0.9.0.jar;C:\Users\georg\.gradle\caches\modules-2\files-2.1\org.jetbrains.kotlin\kotlin-stdlib\2.3.21\a2ee2c4e220fee522f0451b723bab2a43f3481a7\kotlin-stdlib-2.3.21.jar;C:\Users\georg\.gradle\caches\modules-2\files-2.1\org.jetbrains\annotations\23.0.0\8cc20c07506ec18e0834947b84a864bfc094484e\annotations-23.0.0.jar;C:\Users\georg\.gradle\caches\modules-2\files-2.1\com.github.hypfvieh\dbus-java-transport-native-unixsocket\5.2.0\6ef0e26cd6b1c1cf8046e1cc0949821d29e4f487\dbus-java-transport-native-unixsocket-5.2.0.jar;C:\Users\georg\.gradle\caches\modules-2\files-2.1\com.github.hypfvieh\dbus-java-core\5.2.0\32a76bec4c9e6576b6e049a90d8ad9384253e7f1\dbus-java-core-5.2.0.jar;C:\Users\georg\.gradle\caches\modules-2\files-2.1\org.slf4j\slf4j-api\2.0.17\d9e58ac9c7779ba3bf8142aff6c830617a7fe60f\slf4j-api-2.0.17.jar;C:\Users\georg\.gradle\caches\modules-2\files-2.1\net.java.dev.jna\jna-platform\5.18.1\dd817f391efc492041c9ae91127527c13750a789\jna-platform-5.18.1.jar;C:\Users\georg\.gradle\caches\modules-2\files-2.1\net.java.dev.jna\jna\5.18.1\b27ba04287cc4abe769642fe8318d39fc89bf937\jna-5.18.1.jar;C:\Users\georg\.gradle\caches\modules-2\files-2.1\org.jetbrains.runtime\jbr-api\1.9.0\2bc161f5472b5fd5610740e4d6ebe896c811cb0e\jbr-api-1.9.0.jar;C:\Users\georg\.gradle\caches\modules-2\files-2.1\org.jspecify\jspecify\1.0.0\7425a601c1c7ec76645a78d22b8c6a627edee507\jspecify-1.0.0.jar
Launcher Type: SUN_STANDARD

[Global flags]
     bool AllowEnhancedClassRedefinition           = true                                      {product} {command line}
     intx CICompilerCount                          = 4                                         {product} {ergonomic}
     uint ConcGCThreads                            = 2                                         {product} {ergonomic}
     uint G1ConcRefinementThreads                  = 8                                         {product} {ergonomic}
   size_t G1HeapRegionSize                         = 2097152                                   {product} {ergonomic}
    uintx GCDrainStackTargetSize                   = 64                                        {product} {ergonomic}
     bool IgnoreUnrecognizedVMOptions              = true                                      {product} {command line}
   size_t InitialHeapSize                          = 266338304                                 {product} {ergonomic}
   size_t MarkStackSize                            = 4194304                                   {product} {ergonomic}
   size_t MaxHeapSize                              = 4246732800                                {product} {ergonomic}
   size_t MaxNewSize                               = 2548039680                                {product} {ergonomic}
   size_t MinHeapDeltaBytes                        = 2097152                                   {product} {ergonomic}
   size_t MinHeapSize                              = 8388608                                   {product} {ergonomic}
    uintx NonNMethodCodeHeapSize                   = 5839372                                {pd product} {ergonomic}
    uintx NonProfiledCodeHeapSize                  = 122909434                              {pd product} {ergonomic}
    uintx ProfiledCodeHeapSize                     = 122909434                              {pd product} {ergonomic}
    uintx ReservedCodeCacheSize                    = 251658240                              {pd product} {ergonomic}
     bool SegmentedCodeCache                       = true                                      {product} {ergonomic}
   size_t SoftMaxHeapSize                          = 4246732800                             {manageable} {ergonomic}
     bool UseCompressedOops                        = true                           {product lp64_product} {ergonomic}
     bool UseG1GC                                  = true                                      {product} {ergonomic}
     bool UseLargePagesIndividualAllocation        = false                                  {pd product} {ergonomic}

Logging:
Log output configuration:
 #0: stdout all=warning uptime,level,tags foldmultilines=false
 #1: stderr all=off uptime,level,tags foldmultilines=false

Release file:
JAVA_VERSION="21.0.10" 
MODULES="java.base java.compiler java.datatransfer java.xml java.prefs java.desktop java.instrument java.logging java.management java.security.sasl java.naming java.rmi java.management.rmi java.net.http java.scripting java.security.jgss java.transaction.xa java.sql java.sql.rowset java.xml.crypto java.se java.smartcardio jdk.accessibility jdk.internal.jvmstat jdk.attach jdk.charsets jdk.internal.opt jdk.zipfs jdk.compiler jdk.crypto.ec jdk.crypto.cryptoki jdk.dynalink jdk.hotspot.agent jdk.httpserver jdk.internal.ed jdk.internal.le jdk.internal.vm.ci jdk.jartool jdk.javadoc jdk.jcmd jdk.jdeps jdk.jdwp.agent jdk.jdi jdk.jfr jdk.jlink jdk.jsobject jdk.localedata jdk.management jdk.management.agent jdk.management.jfr jdk.naming.dns jdk.naming.rmi jdk.net jdk.sctp jdk.security.auth jdk.security.jgss jdk.unsupported jdk.unsupported.desktop jdk.xml.dom" 
IMPLEMENTOR="JetBrains s.r.o." 
JAVA_RUNTIME_VERSION="21.0.10+-14961533-b1163.108" 
LIBC="default" 
OS_ARCH="x86_64" 
OS_NAME="Windows" 
SOURCE=".:git:1351622c2ff2" 

Environment Variables:
PATH=C:\WINDOWS\system32;C:\WINDOWS;C:\WINDOWS\System32\Wbem;C:\WINDOWS\System32\WindowsPowerShell\v1.0\;C:\WINDOWS\System32\OpenSSH\;C:\Program Files\Git\cmd;C:\Program Files\nodejs\;C:\ProgramData\chocolatey\bin;C:\Program Files (x86)\Windows Kits\10\Windows Performance Toolkit\;C:\Program Files\CMake\bin;C:\Users\georg\AppData\Local\Programs\Python\Python312\Scripts\;C:\Users\georg\AppData\Local\Programs\Python\Python312\;C:\Users\georg\AppData\Local\Microsoft\WindowsApps;C:\Users\georg\AppData\Local\Programs\Microsoft VS Code\bin;C:\src\flutter\bin;C:\Program Files\Java\jdk-23\bin;C:\Users\georg\AppData\Roaming\npm;C:\Users\georg\AppData\Local\Pub\Cache\bin;C:\Users\georg\AppData\Local\Android\Sdk\platform-tools;C:\PROFESSIONAL\Kotlin DATAS\Company\Matrix\swigwin-4.3.1\swigwin-4.3.1;C:\Users\georg\AppData\Local\Microsoft\WinGet\Links;C:\Users\georg\AppData\Local\Programs\MiKTeX\miktex\bin\x64\;C:\Users\georg\AppData\Local\Programs\Antigravity\bin
USERNAME=KISH
OS=Windows_NT
PROCESSOR_IDENTIFIER=Intel64 Family 6 Model 142 Stepping 12, GenuineIntel
TMP=C:\Users\georg\AppData\Local\Temp
TEMP=C:\Users\georg\AppData\Local\Temp




Periodic native trim disabled

JNI global refs:
JNI global refs: 153, weak refs: 26

JNI global refs memory usage: 2099, weak refs: 833

Process memory usage:
Resident Set Size: 244188K (1% of 16587536K total physical memory with 1385604K free physical memory)

OOME stack traces (most recent first):
Classloader memory used:
Loader jdk.internal.loader.ClassLoaders$AppClassLoader                                 : 43591K
Loader bootstrap                                                                       : 27352K
Loader jdk.internal.loader.ClassLoaders$PlatformClassLoader                            : 407K
Loader jdk.internal.reflect.DelegatingClassLoader                                      : 98392B

---------------  S Y S T E M  ---------------

OS:
 Windows 11 , 64 bit Build 22621 (10.0.22621.5415)
OS uptime: 5 days 5:55 hours
Hyper-V role detected

CPU: total 8 (initial active 8) (4 cores per cpu, 2 threads per core) family 6 model 142 stepping 12 microcode 0xfa, cx8, cmov, fxsr, ht, mmx, 3dnowpref, sse, sse2, sse3, ssse3, sse4.1, sse4.2, popcnt, lzcnt, tsc, tscinvbit, avx, avx2, aes, erms, clmul, bmi1, bmi2, adx, fma, vzeroupper, clflush, clflushopt, hv, rdtscp, f16c
Processor Information for processor 0
  Max Mhz: 2112, Current Mhz: 1508, Mhz Limit: 1900
Processor Information for processor 1
  Max Mhz: 2112, Current Mhz: 1508, Mhz Limit: 1900
Processor Information for processor 2
  Max Mhz: 2112, Current Mhz: 1508, Mhz Limit: 1900
Processor Information for processor 3
  Max Mhz: 2112, Current Mhz: 1508, Mhz Limit: 1900
Processor Information for processor 4
  Max Mhz: 2112, Current Mhz: 1910, Mhz Limit: 1900
Processor Information for processor 5
  Max Mhz: 2112, Current Mhz: 1508, Mhz Limit: 1900
Processor Information for processor 6
  Max Mhz: 2112, Current Mhz: 1910, Mhz Limit: 1900
Processor Information for processor 7
  Max Mhz: 2112, Current Mhz: 1508, Mhz Limit: 1900

Memory: 4k page, system-wide physical 16198M (1351M free)
TotalPageFile size 39267M (AvailPageFile size 14976M)
current process WorkingSet (physical memory assigned to process): 239M, peak: 431M
current process commit charge ("private bytes"): 436M, peak: 460M

vm_info: OpenJDK 64-Bit Server VM (21.0.10+-14961533-b1163.108) for windows-amd64 JRE (21.0.10+-14961533-b1163.108), built on 2026-03-02T19:58:50Z by "builder" with MS VC++ 16.10 / 16.11 (VS2019)

END.
